sheet,workbook_row,source_layout,dataset,shot,method,rank,heads,lambda_o,loss,workbook_accuracy,workbook_log_file,match_mode,candidate_log_count,matched_log_path,matched_log_artifact_id,matched_log_accuracy,absolute_delta,status
ohsinglora,13,wide,fgvc,1,lora,,,,,30.2,,method_dataset_shot,7,data/result_scan_loss/results_logs_loss_lora/lora_fgvc_1shot_ce_maxent_LAMBDA_O0.03.log,DATA-0688,28.92,1.2799999999999976,accuracy_mismatch
ohsinglora,13,wide,eurosat,1,lora,,,,,72.3,,method_dataset_shot,7,data/result_scan_loss/results_logs_loss_lora/lora_eurosat_1shot_ce_maxent_LAMBDA_O0.03.log,DATA-0676,71.95,0.3499999999999943,accuracy_mismatch
ohsinglora,13,wide,food101,1,lora,,,,,84.3,,method_dataset_shot,7,data/result_scan_loss/results_logs_loss_lora/lora_food101_1shot_ce_ls_LAMBDA_O0.03.log,DATA-0699,84.56,0.2600000000000051,accuracy_mismatch
ohsinglora,13,wide,oxford_pets,1,lora,,,,,92.3,,method_dataset_shot,7,data/result_scan_loss/results_logs_loss_lora/lora_oxford_pets_1shot_ce_maxent_LAMBDA_O0.03.log,DATA-0724,91.91,0.39000000000000057,accuracy_mismatch
ohsinglora,13,wide,oxford_flowers,1,lora,,,,,83.2,,method_dataset_shot,7,data/result_new/results_logs_check_lora/lora_oxford_flowers_1shot.log,DATA-0472,83.35,0.14999999999999147,accuracy_mismatch
ohsinglora,13,wide,caltech101,1,lora,,,,,93.7,,method_dataset_shot,7,data/result_scan_loss/results_logs_loss_lora/lora_caltech101_1shot_ce_maxent_LAMBDA_O0.03.log,DATA-0652,93.71,0.009999999999990905,accuracy_match
ohsinglora,13,wide,dtd,1,lora,,,,,54.3,,method_dataset_shot,7,data/result_scan_loss/results_logs_loss_lora/lora_dtd_1shot_ce_maxent_LAMBDA_O0.03.log,DATA-0664,54.2,0.09999999999999432,accuracy_mismatch
ohsinglora,13,wide,ucf101,1,lora,,,,,76.3,,method_dataset_shot,7,data/result_new/results_logs_check_lora/lora_ucf101_1shot.log,DATA-0476,76.29,0.009999999999990905,accuracy_match
ohsinglora,14,wide,fgvc,1,lora,,,,,28.71,,method_dataset_shot,7,data/result_new/results_logs_check_lora/lora_fgvc_1shot.log,DATA-0467,28.71,0.0,accuracy_match
ohsinglora,14,wide,eurosat,1,lora,,,,,72.88,,method_dataset_shot,7,data/result_new/results_logs_check_lora/lora_eurosat_1shot.log,DATA-0464,72.88,0.0,accuracy_match
ohsinglora,14,wide,food101,1,lora,,,,,85.08,,method_dataset_shot,7,data/result_new/results_logs_check_lora/lora_food101_1shot.log,DATA-0470,85.08,0.0,accuracy_match
ohsinglora,14,wide,oxford_pets,1,lora,,,,,91.52,,method_dataset_shot,7,data/result_new/results_logs_check_lora/lora_oxford_pets_1shot.log,DATA-0474,91.52,0.0,accuracy_match
ohsinglora,14,wide,oxford_flowers,1,lora,,,,,83.35,,method_dataset_shot,7,data/result_new/results_logs_check_lora/lora_oxford_flowers_1shot.log,DATA-0472,83.35,0.0,accuracy_match
ohsinglora,14,wide,caltech101,1,lora,,,,,93.67,,method_dataset_shot,7,data/result_new/results_logs_check_lora/lora_caltech101_1shot.log,DATA-0458,93.67,0.0,accuracy_match
ohsinglora,14,wide,dtd,1,lora,,,,,54.61,,method_dataset_shot,7,data/result_new/results_logs_check_lora/lora_dtd_1shot.log,DATA-0461,54.61,0.0,accuracy_match
ohsinglora,14,wide,ucf101,1,lora,,,,,76.29,,method_dataset_shot,7,data/result_new/results_logs_check_lora/lora_ucf101_1shot.log,DATA-0476,76.29,0.0,accuracy_match
ohsinglora,15,wide,fgvc,1,singlora,2,,,,29.19,,method_dataset_shot,5,data/old_result/results_logs_singlora/singlora_fgvc_1shot.log,DATA-0395,29.19,0.0,accuracy_match
ohsinglora,15,wide,eurosat,1,singlora,2,,,,73.49,,method_dataset_shot,5,data/old_result/results_logs_singlora/singlora_eurosat_1shot.log,DATA-0383,73.49,0.0,accuracy_match
ohsinglora,15,wide,food101,1,singlora,2,,,,85.6,,method_dataset_shot,5,data/old_result/results_logs_singlora/singlora_food101_1shot.log,DATA-0406,85.6,0.0,accuracy_match
ohsinglora,15,wide,oxford_pets,1,singlora,2,,,,92.64,,method_dataset_shot,5,data/old_result/results_logs_singlora/singlora_oxford_pets_1shot.log,DATA-0428,92.64,0.0,accuracy_match
ohsinglora,15,wide,oxford_flowers,1,singlora,2,,,,81.2,,method_dataset_shot,5,data/old_result/results_logs_singlora/singlora_oxford_flowers_1shot.log,DATA-0417,81.2,0.0,accuracy_match
ohsinglora,15,wide,caltech101,1,singlora,2,,,,93.79,,method_dataset_shot,5,data/old_result/results_logs_singlora/singlora_caltech101_1shot.log,DATA-0356,93.79,0.0,accuracy_match
ohsinglora,15,wide,dtd,1,singlora,2,,,,53.37,,method_dataset_shot,5,data/old_result/results_logs_singlora/singlora_dtd_1shot.log,DATA-0371,53.37,0.0,accuracy_match
ohsinglora,15,wide,ucf101,1,singlora,2,,,,75.81,,method_dataset_shot,5,data/old_result/results_logs_singlora/singlora_ucf101_1shot.log,DATA-0439,75.81,0.0,accuracy_match
ohsinglora,16,wide,fgvc,1,singlora,2,,,,29.1,,method_dataset_shot,5,data/old_result/results_logs_singlora/singlora_fgvc_1shot.log,DATA-0395,29.19,0.08999999999999986,accuracy_mismatch
ohsinglora,16,wide,eurosat,1,singlora,2,,,,73.58,,method_dataset_shot,5,data/old_result/results_logs_singlora/singlora_eurosat_1shot.log,DATA-0383,73.49,0.09000000000000341,accuracy_mismatch
ohsinglora,16,wide,food101,1,singlora,2,,,,85.75,,method_dataset_shot,5,data/old_result/results_logs_singlora/singlora_food101_1shot.log,DATA-0406,85.6,0.15000000000000568,accuracy_mismatch
ohsinglora,16,wide,oxford_pets,1,singlora,2,,,,92.61,,method_dataset_shot,5,data/old_result/results_logs_singlora/singlora_oxford_pets_1shot.log,DATA-0428,92.64,0.030000000000001137,accuracy_mismatch
ohsinglora,16,wide,oxford_flowers,1,singlora,2,,,,81.4,,method_dataset_shot,5,data/old_result/results_logs_singlora/singlora_oxford_flowers_1shot.log,DATA-0417,81.2,0.20000000000000284,accuracy_mismatch
ohsinglora,16,wide,caltech101,1,singlora,2,,,,93.87,,method_dataset_shot,5,data/old_result/results_logs_singlora/singlora_caltech101_1shot_r4_a8.log,DATA-0360,93.87,0.0,accuracy_match
ohsinglora,16,wide,dtd,1,singlora,2,,,,53.37,,method_dataset_shot,5,data/old_result/results_logs_singlora/singlora_dtd_1shot.log,DATA-0371,53.37,0.0,accuracy_match
ohsinglora,16,wide,ucf101,1,singlora,2,,,,75.47,,method_dataset_shot,5,data/old_result/results_logs_singlora/singlora_ucf101_1shot.log,DATA-0439,75.81,0.3400000000000034,accuracy_mismatch
ohsinglora,17,wide,fgvc,1,gmhsinglora,2,,,,29.73,,method_dataset_shot,8,data/old_result/results_logs_gmhsinglora/gmhsinglora_fgvc_1shot.log,DATA-0211,29.73,0.0,accuracy_match
ohsinglora,17,wide,eurosat,1,gmhsinglora,2,,,,72.77,,method_dataset_shot,8,data/old_result/results_logs_gmhsinglora/gmhsinglora_eurosat_1shot.log,DATA-0195,72.77,0.0,accuracy_match
ohsinglora,17,wide,food101,1,gmhsinglora,2,,,,85.31,,method_dataset_shot,8,data/old_result/results_logs_gmhsinglora/gmhsinglora_food101_1shot.log,DATA-0227,85.31,0.0,accuracy_match
ohsinglora,17,wide,oxford_pets,1,gmhsinglora,2,,,,92.5,,method_dataset_shot,8,data/old_result/results_logs_gmhsinglora/gmhsinglora_oxford_pets_1shot.log,DATA-0259,92.5,0.0,accuracy_match
ohsinglora,17,wide,oxford_flowers,1,gmhsinglora,2,,,,82.87,,method_dataset_shot,8,data/old_result/results_logs_gmhsinglora/gmhsinglora_oxford_flowers_1shot.log,DATA-0243,82.87,0.0,accuracy_match
ohsinglora,17,wide,caltech101,1,gmhsinglora,2,,,,94.2,,method_dataset_shot,8,data/old_result/results_logs_gmhsinglora/gmhsinglora_caltech101_1shot.log,DATA-0163,94.2,0.0,accuracy_match
ohsinglora,17,wide,dtd,1,gmhsinglora,2,,,,55.32,,method_dataset_shot,8,data/old_result/results_logs_gmhsinglora/gmhsinglora_dtd_1shot.log,DATA-0179,55.32,0.0,accuracy_match
ohsinglora,17,wide,ucf101,1,gmhsinglora,2,,,,75.6,,method_dataset_shot,8,data/old_result/results_logs_gmhsinglora/gmhsinglora_ucf101_1shot.log,DATA-0275,75.6,0.0,accuracy_match
ohsinglora,18,wide,fgvc,1,gmhsinglora,2,,,,29.85,,method_dataset_shot,8,data/old_result/results_logs_gmhsinglora/gmhsinglora_fgvc_1shot_heads4.log,DATA-0214,29.88,0.029999999999997584,accuracy_mismatch
ohsinglora,18,wide,eurosat,1,gmhsinglora,2,,,,72.74,,method_dataset_shot,8,data/old_result/results_logs_gmhsinglora/gmhsinglora_eurosat_1shot.log,DATA-0195,72.77,0.030000000000001137,accuracy_mismatch
ohsinglora,18,wide,food101,1,gmhsinglora,2,,,,85.32,,method_dataset_shot,8,data/old_result/results_logs_gmhsinglora/gmhsinglora_food101_1shot.log,DATA-0227,85.31,0.009999999999990905,accuracy_match
ohsinglora,18,wide,oxford_pets,1,gmhsinglora,2,,,,92.5,,method_dataset_shot,8,data/old_result/results_logs_gmhsinglora/gmhsinglora_oxford_pets_1shot.log,DATA-0259,92.5,0.0,accuracy_match
ohsinglora,18,wide,oxford_flowers,1,gmhsinglora,2,,,,82.74,,method_dataset_shot,8,data/old_result/results_logs_gmhsinglora/gmhsinglora_oxford_flowers_1shot.log,DATA-0243,82.87,0.13000000000000966,accuracy_mismatch
ohsinglora,18,wide,caltech101,1,gmhsinglora,2,,,,94.24,,method_dataset_shot,8,data/old_result/results_logs_gmhsinglora/gmhsinglora_caltech101_1shot.log,DATA-0163,94.2,0.03999999999999204,accuracy_mismatch
ohsinglora,18,wide,dtd,1,gmhsinglora,2,,,,55.14,,method_dataset_shot,8,data/old_result/results_logs_gmhsinglora/gmhsinglora_dtd_1shot.log,DATA-0179,55.32,0.17999999999999972,accuracy_mismatch
ohsinglora,18,wide,ucf101,1,gmhsinglora,2,,,,75.73,,method_dataset_shot,8,data/old_result/results_logs_gmhsinglora/gmhsinglora_ucf101_1shot.log,DATA-0275,75.6,0.13000000000000966,accuracy_mismatch
ohsinglora,19,wide,fgvc,1,ohsinglora,2,,,,29.82,,method_dataset_shot_config_filtered,4,data/old_result/results_logs_scan_ohsinglora/ohsinglora_fgvc_1shot_r2_h1_lambda_o_0.03.log,DATA-0329,29.73,0.08999999999999986,accuracy_mismatch
ohsinglora,19,wide,eurosat,1,ohsinglora,2,,,,72.78,,method_dataset_shot_config_filtered,4,data/old_result/results_logs_scan_ohsinglora/ohsinglora_eurosat_1shot_r2_h2_lambda_o_0.03.log,DATA-0325,72.77,0.010000000000005116,accuracy_mismatch
ohsinglora,19,wide,food101,1,ohsinglora,2,,,,85.33,,method_dataset_shot_config_filtered,4,data/old_result/results_logs_scan_ohsinglora/ohsinglora_food101_1shot_r2_h2.log,DATA-0335,85.46,0.12999999999999545,accuracy_mismatch
ohsinglora,19,wide,oxford_pets,1,ohsinglora,2,,,,92.5,,method_dataset_shot_config_filtered,4,data/result_scan_head/results_logs_scan_ohsinglora/ohsinglora_oxford_pets_1shot_r2_h2.log,DATA-0580,92.34,0.1599999999999966,accuracy_mismatch
ohsinglora,19,wide,oxford_flowers,1,ohsinglora,2,,,,82.79,,method_dataset_shot_config_filtered,4,data/result_scan_head/results_logs_scan_ohsinglora/ohsinglora_oxford_flowers_1shot_r2_h2.log,DATA-0567,82.79,0.0,accuracy_match
ohsinglora,19,wide,caltech101,1,ohsinglora,2,,,,94.2,,method_dataset_shot_config_filtered,4,data/old_result/results_logs_scan_ohsinglora/ohsinglora_caltech101_1shot_r2_h2.log,DATA-0315,94.24,0.03999999999999204,accuracy_mismatch
ohsinglora,19,wide,dtd,1,ohsinglora,2,,,,55.2,,method_dataset_shot_config_filtered,4,data/old_result/results_logs_scan_ohsinglora/ohsinglora_dtd_1shot_r2_h2_lambda_o_0.03.log,DATA-0320,54.91,0.29000000000000625,accuracy_mismatch
ohsinglora,19,wide,ucf101,1,ohsinglora,2,,,,75.73,,method_dataset_shot_config_filtered,4,data/old_result/results_logs_scan_ohsinglora/ohsinglora_ucf101_1shot_r2_h1.log,DATA-0349,75.65,0.0799999999999983,accuracy_mismatch
ohsinglora,20,wide,fgvc,1,ohsinglora,2,,,,29.73,,method_dataset_shot_config_filtered,4,data/old_result/results_logs_scan_ohsinglora/ohsinglora_fgvc_1shot_r2_h1_lambda_o_0.03.log,DATA-0329,29.73,0.0,accuracy_match
ohsinglora,20,wide,eurosat,1,ohsinglora,2,,,,72.86,,method_dataset_shot_config_filtered,4,data/old_result/results_logs_scan_ohsinglora/ohsinglora_eurosat_1shot_r2_h2_lambda_o_0.03.log,DATA-0325,72.77,0.09000000000000341,accuracy_mismatch
ohsinglora,20,wide,food101,1,ohsinglora,2,,,,85.5,,method_dataset_shot_config_filtered,4,data/result_scan_head/results_logs_scan_ohsinglora/ohsinglora_food101_1shot_r2_h2.log,DATA-0554,85.49,0.010000000000005116,accuracy_mismatch
ohsinglora,20,wide,oxford_pets,1,ohsinglora,2,,,,92.34,,method_dataset_shot_config_filtered,4,data/result_scan_head/results_logs_scan_ohsinglora/ohsinglora_oxford_pets_1shot_r2_h2.log,DATA-0580,92.34,0.0,accuracy_match
ohsinglora,20,wide,oxford_flowers,1,ohsinglora,2,,,,82.79,,method_dataset_shot_config_filtered,4,data/result_scan_head/results_logs_scan_ohsinglora/ohsinglora_oxford_flowers_1shot_r2_h2.log,DATA-0567,82.79,0.0,accuracy_match
ohsinglora,20,wide,caltech101,1,ohsinglora,2,,,,94.2,,method_dataset_shot_config_filtered,4,data/old_result/results_logs_scan_ohsinglora/ohsinglora_caltech101_1shot_r2_h2.log,DATA-0315,94.24,0.03999999999999204,accuracy_mismatch
ohsinglora,20,wide,dtd,1,ohsinglora,2,,,,54.73,,method_dataset_shot_config_filtered,4,data/old_result/results_logs_scan_ohsinglora/ohsinglora_dtd_1shot_r2_h1_lambda_o_0.03.log,DATA-0319,54.73,0.0,accuracy_match
ohsinglora,20,wide,ucf101,1,ohsinglora,2,,,,75.47,,method_dataset_shot_config_filtered,4,data/old_result/results_logs_scan_ohsinglora/ohsinglora_ucf101_1shot_r2_h2.log,DATA-0350,75.6,0.12999999999999545,accuracy_mismatch
ohsinglora,21,wide,fgvc,1,ohsinglora,2,,,,29.73,,method_dataset_shot_config_filtered,4,data/old_result/results_logs_scan_ohsinglora/ohsinglora_fgvc_1shot_r2_h1_lambda_o_0.03.log,DATA-0329,29.73,0.0,accuracy_match
ohsinglora,21,wide,eurosat,1,ohsinglora,2,,,,72.77,,method_dataset_shot_config_filtered,4,data/old_result/results_logs_scan_ohsinglora/ohsinglora_eurosat_1shot_r2_h2_lambda_o_0.03.log,DATA-0325,72.77,0.0,accuracy_match
ohsinglora,21,wide,food101,1,ohsinglora,2,,,,85.49,,method_dataset_shot_config_filtered,4,data/result_scan_head/results_logs_scan_ohsinglora/ohsinglora_food101_1shot_r2_h2.log,DATA-0554,85.49,0.0,accuracy_match
ohsinglora,21,wide,oxford_pets,1,ohsinglora,2,,,,92.34,,method_dataset_shot_config_filtered,4,data/result_scan_head/results_logs_scan_ohsinglora/ohsinglora_oxford_pets_1shot_r2_h2.log,DATA-0580,92.34,0.0,accuracy_match
ohsinglora,21,wide,oxford_flowers,1,ohsinglora,2,,,,82.79,,method_dataset_shot_config_filtered,4,data/result_scan_head/results_logs_scan_ohsinglora/ohsinglora_oxford_flowers_1shot_r2_h2.log,DATA-0567,82.79,0.0,accuracy_match
ohsinglora,21,wide,caltech101,1,ohsinglora,2,,,,94.24,,method_dataset_shot_config_filtered,4,data/old_result/results_logs_scan_ohsinglora/ohsinglora_caltech101_1shot_r2_h2.log,DATA-0315,94.24,0.0,accuracy_match
ohsinglora,21,wide,dtd,1,ohsinglora,2,,,,54.91,,method_dataset_shot_config_filtered,4,data/old_result/results_logs_scan_ohsinglora/ohsinglora_dtd_1shot_r2_h2_lambda_o_0.03.log,DATA-0320,54.91,0.0,accuracy_match
ohsinglora,21,wide,ucf101,1,ohsinglora,2,,,,75.6,,method_dataset_shot_config_filtered,4,data/old_result/results_logs_scan_ohsinglora/ohsinglora_ucf101_1shot_r2_h2.log,DATA-0350,75.6,0.0,accuracy_match
ohsinglora,22,wide,fgvc,1,ohsinglora,2,,,,30.33,,method_dataset_shot_config_filtered,4,data/old_result/results_logs_scan_ohsinglora/ohsinglora_fgvc_1shot_r2_h1_lambda_o_0.03.log,DATA-0329,29.73,0.5999999999999979,accuracy_mismatch
ohsinglora,22,wide,eurosat,1,ohsinglora,2,,,,75.27,,method_dataset_shot_config_filtered,4,data/old_result/results_logs_scan_ohsinglora/ohsinglora_eurosat_1shot_r2_h2_lambda_o_0.03.log,DATA-0325,72.77,2.5,accuracy_mismatch
ohsinglora,22,wide,food101,1,ohsinglora,2,,,,85.32,,method_dataset_shot_config_filtered,4,data/old_result/results_logs_scan_ohsinglora/ohsinglora_food101_1shot_r2_h2.log,DATA-0335,85.46,0.14000000000000057,accuracy_mismatch
ohsinglora,22,wide,oxford_pets,1,ohsinglora,2,,,,92.23,,method_dataset_shot_config_filtered,4,data/result_scan_head/results_logs_scan_ohsinglora/ohsinglora_oxford_pets_1shot_r2_h2.log,DATA-0580,92.34,0.10999999999999943,accuracy_mismatch
ohsinglora,22,wide,oxford_flowers,1,ohsinglora,2,,,,81.77,,method_dataset_shot_config_filtered,4,data/result_scan_head/results_logs_scan_ohsinglora/ohsinglora_oxford_flowers_1shot_r2_h2.log,DATA-0567,82.79,1.0200000000000102,accuracy_mismatch
ohsinglora,22,wide,caltech101,1,ohsinglora,2,,,,94.04,,method_dataset_shot_config_filtered,4,data/old_result/results_logs_scan_ohsinglora/ohsinglora_caltech101_1shot_r2_h1.log,DATA-0314,94.12,0.0799999999999983,accuracy_mismatch
ohsinglora,22,wide,dtd,1,ohsinglora,2,,,,54.96,,method_dataset_shot_config_filtered,4,data/old_result/results_logs_scan_ohsinglora/ohsinglora_dtd_1shot_r2_h2_lambda_o_0.03.log,DATA-0320,54.91,0.05000000000000426,accuracy_mismatch
ohsinglora,22,wide,ucf101,1,ohsinglora,2,,,,75.84,,method_dataset_shot_config_filtered,4,data/old_result/results_logs_scan_ohsinglora/ohsinglora_ucf101_1shot_r2_h1.log,DATA-0349,75.65,0.18999999999999773,accuracy_mismatch
ohsinglora,34,wide,fgvc,4,lora,,,,,37.9,,method_dataset_shot,7,data/result_scan_loss/results_logs_loss_lora/lora_fgvc_4shot_ce_center_LAMBDA_O0.03.log,DATA-0691,38.61,0.7100000000000009,accuracy_mismatch
ohsinglora,34,wide,eurosat,4,lora,,,,,84.9,,method_dataset_shot,7,data/result_scan_loss/results_logs_loss_lora/lora_eurosat_4shot_arcface_LAMBDA_O0.03.log,DATA-0678,86.15,1.25,accuracy_mismatch
ohsinglora,34,wide,food101,4,lora,,,,,82.7,,method_dataset_shot,7,data/result_scan_loss/results_logs_loss_lora/lora_food101_4shot_ce_ls_LAMBDA_O0.03.log,DATA-0705,82.79,0.09000000000000341,accuracy_mismatch
ohsinglora,34,wide,oxford_pets,4,lora,,,,,91.0,,method_dataset_shot,7,data/result_scan_loss/results_logs_loss_lora/lora_oxford_pets_4shot_ce_LAMBDA_O0.03.log,DATA-0728,91.01,0.010000000000005116,accuracy_mismatch
ohsinglora,34,wide,oxford_flowers,4,lora,,,,,93.7,,method_dataset_shot,7,data/result_scan_loss/result_loss_loRA/lora_oxford_flowers_4shot.log,DATA-0645,93.67,0.030000000000001137,accuracy_mismatch
ohsinglora,34,wide,caltech101,4,lora,,,,,95.2,,method_dataset_shot,7,data/result_scan_loss/results_logs_loss_lora/lora_caltech101_4shot_ce_center_LAMBDA_O0.03.log,DATA-0655,95.42,0.21999999999999886,accuracy_mismatch
ohsinglora,34,wide,dtd,4,lora,,,,,63.8,,method_dataset_shot,7,data/result_scan_loss/results_logs_loss_lora/lora_dtd_4shot_ce_maxent_LAMBDA_O0.03.log,DATA-0670,64.01,0.21000000000000796,accuracy_mismatch
ohsinglora,34,wide,ucf101,4,lora,,,,,81.1,,method_dataset_shot,7,data/result_scan_loss/results_logs_loss_lora/lora_ucf101_4shot_cosface_LAMBDA_O0.03.log,DATA-0743,80.76,0.3399999999999892,accuracy_mismatch
ohsinglora,35,wide,fgvc,4,lora,,,,,39.15,,method_dataset_shot,7,data/result_new/results_logs_check_lora/lora_fgvc_4shot.log,DATA-0468,39.15,0.0,accuracy_match
ohsinglora,35,wide,eurosat,4,lora,,,,,87.49,,method_dataset_shot,7,data/result_new/results_logs_check_lora/lora_eurosat_4shot.log,DATA-0465,87.49,0.0,accuracy_match
ohsinglora,35,wide,food101,4,lora,,,,,83.72,,method_dataset_shot,7,data/result_scan_loss/result_loss_loRA/lora_food101_4shot.log,DATA-0644,83.72,0.0,accuracy_match
ohsinglora,35,wide,oxford_pets,4,lora,,,,,91.06,,method_dataset_shot,7,data/result_scan_loss/result_loss_loRA/lora_oxford_pets_4shot.log,DATA-0646,91.06,0.0,accuracy_match
ohsinglora,35,wide,oxford_flowers,4,lora,,,,,93.67,,method_dataset_shot,7,data/result_scan_loss/result_loss_loRA/lora_oxford_flowers_4shot.log,DATA-0645,93.67,0.0,accuracy_match
ohsinglora,35,wide,caltech101,4,lora,,,,,95.58,,method_dataset_shot,7,data/result_new/results_logs_check_lora/lora_caltech101_4shot.log,DATA-0459,95.58,0.0,accuracy_match
ohsinglora,35,wide,dtd,4,lora,,,,,65.19,,method_dataset_shot,7,data/result_new/results_logs_check_lora/lora_dtd_4shot.log,DATA-0462,65.19,0.0,accuracy_match
ohsinglora,35,wide,ucf101,4,lora,,,,,80.39,,method_dataset_shot,7,data/result_scan_loss/result_loss_loRA/lora_ucf101_4shot.log,DATA-0647,80.39,0.0,accuracy_match
ohsinglora,36,wide,fgvc,4,singlora,2,,,,38.49,,method_dataset_shot,4,data/old_result/results_logs_singlora/singlora_fgvc_4shot.log,DATA-0400,38.49,0.0,accuracy_match
ohsinglora,36,wide,eurosat,4,singlora,2,,,,89.46,,method_dataset_shot,4,data/old_result/results_logs_singlora/singlora_eurosat_4shot.log,DATA-0388,89.46,0.0,accuracy_match
ohsinglora,36,wide,food101,4,singlora,2,,,,84.43,,method_dataset_shot,4,data/old_result/results_logs_singlora/singlora_food101_4shot.log,DATA-0411,84.43,0.0,accuracy_match
ohsinglora,36,wide,oxford_pets,4,singlora,2,,,,91.91,,method_dataset_shot,4,data/old_result/results_logs_singlora/singlora_oxford_pets_4shot.log,DATA-0433,91.91,0.0,accuracy_match
ohsinglora,36,wide,oxford_flowers,4,singlora,2,,,,93.79,,method_dataset_shot,4,data/old_result/results_logs_singlora/singlora_oxford_flowers_4shot.log,DATA-0422,93.79,0.0,accuracy_match
ohsinglora,36,wide,caltech101,4,singlora,2,,,,95.21,,method_dataset_shot,7,data/old_result/results_logs_singlora/singlora_caltech101_4shot.log,DATA-0361,95.21,0.0,accuracy_match
ohsinglora,36,wide,dtd,4,singlora,2,,,,64.83,,method_dataset_shot,5,data/old_result/results_logs_singlora/singlora_dtd_4shot.log,DATA-0376,64.83,0.0,accuracy_match
ohsinglora,36,wide,ucf101,4,singlora,2,,,,81.15,,method_dataset_shot,4,data/old_result/results_logs_singlora/singlora_ucf101_4shot.log,DATA-0444,81.15,0.0,accuracy_match
ohsinglora,37,wide,fgvc,4,singlora,2,,,,38.46,,method_dataset_shot,4,data/old_result/results_logs_singlora/singlora_fgvc_4shot.log,DATA-0400,38.49,0.030000000000001137,accuracy_mismatch
ohsinglora,37,wide,eurosat,4,singlora,2,,,,89.53,,method_dataset_shot,4,data/old_result/results_logs_singlora/singlora_eurosat_4shot.log,DATA-0388,89.46,0.07000000000000739,accuracy_mismatch
ohsinglora,37,wide,food101,4,singlora,2,,,,84.44,,method_dataset_shot,4,data/old_result/results_logs_singlora/singlora_food101_4shot.log,DATA-0411,84.43,0.009999999999990905,accuracy_match
ohsinglora,37,wide,oxford_pets,4,singlora,2,,,,92.45,,method_dataset_shot,4,data/old_result/results_logs_singlora/singlora_oxford_pets_4shot.log,DATA-0433,91.91,0.5400000000000063,accuracy_mismatch
ohsinglora,37,wide,oxford_flowers,4,singlora,2,,,,93.75,,method_dataset_shot,4,data/old_result/results_logs_singlora/singlora_oxford_flowers_4shot.log,DATA-0422,93.79,0.04000000000000625,accuracy_mismatch
ohsinglora,37,wide,caltech101,4,singlora,2,,,,95.21,,method_dataset_shot,7,data/old_result/results_logs_singlora/singlora_caltech101_4shot.log,DATA-0361,95.21,0.0,accuracy_match
ohsinglora,37,wide,dtd,4,singlora,2,,,,65.01,,method_dataset_shot,5,data/old_result/results_logs_singlora/singlora_dtd_4shot.log,DATA-0376,64.83,0.18000000000000682,accuracy_mismatch
ohsinglora,37,wide,ucf101,4,singlora,2,,,,81.15,,method_dataset_shot,4,data/old_result/results_logs_singlora/singlora_ucf101_4shot.log,DATA-0444,81.15,0.0,accuracy_match
ohsinglora,38,wide,fgvc,4,gmhsinglora,2,,,,38.76,,method_dataset_shot,6,data/old_result/results_logs_gmhsinglora/gmhsinglora_fgvc_4shot.log,DATA-0219,38.76,0.0,accuracy_match
ohsinglora,38,wide,eurosat,4,gmhsinglora,2,,,,89.1,,method_dataset_shot,6,data/old_result/results_logs_gmhsinglora/gmhsinglora_eurosat_4shot.log,DATA-0203,89.1,0.0,accuracy_match
ohsinglora,38,wide,food101,4,gmhsinglora,2,,,,84.18,,method_dataset_shot,6,data/old_result/results_logs_gmhsinglora/gmhsinglora_food101_4shot.log,DATA-0235,84.18,0.0,accuracy_match
ohsinglora,38,wide,oxford_pets,4,gmhsinglora,2,,,,92.18,,method_dataset_shot,6,data/old_result/results_logs_gmhsinglora/gmhsinglora_oxford_pets_4shot.log,DATA-0267,92.18,0.0,accuracy_match
ohsinglora,38,wide,oxford_flowers,4,gmhsinglora,2,,,,93.42,,method_dataset_shot,6,data/old_result/results_logs_gmhsinglora/gmhsinglora_oxford_flowers_4shot.log,DATA-0251,93.42,0.0,accuracy_match
ohsinglora,38,wide,caltech101,4,gmhsinglora,2,,,,95.58,,method_dataset_shot,6,data/old_result/results_logs_gmhsinglora/gmhsinglora_caltech101_4shot.log,DATA-0171,95.58,0.0,accuracy_match
ohsinglora,38,wide,dtd,4,gmhsinglora,2,,,,65.07,,method_dataset_shot,6,data/old_result/results_logs_gmhsinglora/gmhsinglora_dtd_4shot.log,DATA-0187,65.07,0.0,accuracy_match
ohsinglora,38,wide,ucf101,4,gmhsinglora,2,,,,81.13,,method_dataset_shot,6,data/old_result/results_logs_gmhsinglora/gmhsinglora_ucf101_4shot.log,DATA-0283,81.13,0.0,accuracy_match
ohsinglora,39,wide,fgvc,4,gmhsinglora,2,,,,38.31,,method_dataset_shot,6,data/old_result/results_logs_gmhsinglora/gmhsinglora_fgvc_4shot_heads2_r4_a1.log,DATA-0221,38.16,0.15000000000000568,accuracy_mismatch
ohsinglora,39,wide,eurosat,4,gmhsinglora,2,,,,88.96,,method_dataset_shot,6,data/old_result/results_logs_gmhsinglora/gmhsinglora_eurosat_4shot.log,DATA-0203,89.1,0.14000000000000057,accuracy_mismatch
ohsinglora,39,wide,food101,4,gmhsinglora,2,,,,84.25,,method_dataset_shot,6,data/old_result/results_logs_gmhsinglora/gmhsinglora_food101_4shot.log,DATA-0235,84.18,0.06999999999999318,accuracy_mismatch
ohsinglora,39,wide,oxford_pets,4,gmhsinglora,2,,,,92.1,,method_dataset_shot,6,data/old_result/results_logs_gmhsinglora/gmhsinglora_oxford_pets_4shot.log,DATA-0267,92.18,0.0800000000000125,accuracy_mismatch
ohsinglora,39,wide,oxford_flowers,4,gmhsinglora,2,,,,93.3,,method_dataset_shot,6,data/old_result/results_logs_gmhsinglora/gmhsinglora_oxford_flowers_4shot.log,DATA-0251,93.42,0.12000000000000455,accuracy_mismatch
ohsinglora,39,wide,caltech101,4,gmhsinglora,2,,,,95.62,,method_dataset_shot,6,data/old_result/results_logs_gmhsinglora/gmhsinglora_caltech101_4shot.log,DATA-0171,95.58,0.04000000000000625,accuracy_mismatch
ohsinglora,39,wide,dtd,4,gmhsinglora,2,,,,65.01,,method_dataset_shot,6,data/old_result/results_logs_gmhsinglora/gmhsinglora_dtd_4shot.log,DATA-0187,65.07,0.05999999999998806,accuracy_mismatch
ohsinglora,39,wide,ucf101,4,gmhsinglora,2,,,,80.91,,method_dataset_shot,6,data/old_result/results_logs_gmhsinglora/gmhsinglora_ucf101_4shot_heads1.log,DATA-0284,80.97,0.060000000000002274,accuracy_mismatch
ohsinglora,40,wide,fgvc,4,ohsinglora,2,,,,38.79,,method_dataset_shot_config_filtered,1,data/result_scan_head/results_logs_scan_ohsinglora/ohsinglora_fgvc_4shot_r2_h1.log,DATA-0548,38.34,0.44999999999999574,accuracy_mismatch
ohsinglora,40,wide,eurosat,4,ohsinglora,2,,,,88.93,,method_dataset_shot_config_filtered,1,data/result_scan_head/results_logs_scan_ohsinglora/ohsinglora_eurosat_4shot_r2_h1.log,DATA-0535,87.98,0.9500000000000028,accuracy_mismatch
ohsinglora,40,wide,food101,4,ohsinglora,2,,,,84.29,,method_dataset_shot_config_filtered,1,data/result_scan_head/results_logs_scan_ohsinglora/ohsinglora_food101_4shot_r2_h1.log,DATA-0561,84.16,0.13000000000000966,accuracy_mismatch
ohsinglora,40,wide,oxford_pets,4,ohsinglora,2,,,,92.15,,method_dataset_shot_config_filtered,1,data/result_scan_head/results_logs_scan_ohsinglora/ohsinglora_oxford_pets_4shot_r2_h1.log,DATA-0587,91.96,0.19000000000001194,accuracy_mismatch
ohsinglora,40,wide,oxford_flowers,4,ohsinglora,2,,,,93.3,,method_dataset_shot_config_filtered,1,data/result_scan_head/results_logs_scan_ohsinglora/ohsinglora_oxford_flowers_4shot_r2_h1.log,DATA-0574,93.34,0.04000000000000625,accuracy_mismatch
ohsinglora,40,wide,caltech101,4,ohsinglora,2,,,,95.62,,method_dataset_shot_config_filtered,1,data/result_scan_head/results_logs_scan_ohsinglora/ohsinglora_caltech101_4shot_r2_h1.log,DATA-0509,95.7,0.0799999999999983,accuracy_mismatch
ohsinglora,40,wide,dtd,4,ohsinglora,2,,,,65.72,,method_dataset_shot_config_filtered,1,data/result_scan_head/results_logs_scan_ohsinglora/ohsinglora_dtd_4shot_r2_h1.log,DATA-0522,64.89,0.8299999999999983,accuracy_mismatch
ohsinglora,40,wide,ucf101,4,ohsinglora,2,,,,80.86,,method_dataset_shot_config_filtered,1,data/result_scan_head/results_logs_scan_ohsinglora/ohsinglora_ucf101_4shot_r2_h1.log,DATA-0600,80.41,0.45000000000000284,accuracy_mismatch
ohsinglora,41,wide,fgvc,4,ohsinglora,2,,,,38.61,,method_dataset_shot_config_filtered,1,data/result_scan_head/results_logs_scan_ohsinglora/ohsinglora_fgvc_4shot_r2_h1.log,DATA-0548,38.34,0.269999999999996,accuracy_mismatch
ohsinglora,41,wide,eurosat,4,ohsinglora,2,,,,89.06,,method_dataset_shot_config_filtered,1,data/result_scan_head/results_logs_scan_ohsinglora/ohsinglora_eurosat_4shot_r2_h1.log,DATA-0535,87.98,1.0799999999999983,accuracy_mismatch
ohsinglora,41,wide,food101,4,ohsinglora,2,,,,84.3,,method_dataset_shot_config_filtered,1,data/result_scan_head/results_logs_scan_ohsinglora/ohsinglora_food101_4shot_r2_h1.log,DATA-0561,84.16,0.14000000000000057,accuracy_mismatch
ohsinglora,41,wide,oxford_pets,4,ohsinglora,2,,,,92.18,,method_dataset_shot_config_filtered,1,data/result_scan_head/results_logs_scan_ohsinglora/ohsinglora_oxford_pets_4shot_r2_h1.log,DATA-0587,91.96,0.22000000000001307,accuracy_mismatch
ohsinglora,41,wide,oxford_flowers,4,ohsinglora,2,,,,93.3,,method_dataset_shot_config_filtered,1,data/result_scan_head/results_logs_scan_ohsinglora/ohsinglora_oxford_flowers_4shot_r2_h1.log,DATA-0574,93.34,0.04000000000000625,accuracy_mismatch
ohsinglora,41,wide,caltech101,4,ohsinglora,2,,,,95.62,,method_dataset_shot_config_filtered,1,data/result_scan_head/results_logs_scan_ohsinglora/ohsinglora_caltech101_4shot_r2_h1.log,DATA-0509,95.7,0.0799999999999983,accuracy_mismatch
ohsinglora,41,wide,dtd,4,ohsinglora,2,,,,65.72,,method_dataset_shot_config_filtered,1,data/result_scan_head/results_logs_scan_ohsinglora/ohsinglora_dtd_4shot_r2_h1.log,DATA-0522,64.89,0.8299999999999983,accuracy_mismatch
ohsinglora,41,wide,ucf101,4,ohsinglora,2,,,,80.86,,method_dataset_shot_config_filtered,1,data/result_scan_head/results_logs_scan_ohsinglora/ohsinglora_ucf101_4shot_r2_h1.log,DATA-0600,80.41,0.45000000000000284,accuracy_mismatch
ohsinglora,56,wide,fgvc,16,lora,,,,,54.7,,method_dataset_shot,1,data/result_new/results_logs_check_lora/lora_fgvc_16shot.log,DATA-0466,54.97,0.269999999999996,accuracy_mismatch
ohsinglora,56,wide,eurosat,16,lora,,,,,92.1,,method_dataset_shot,1,data/result_new/results_logs_check_lora/lora_eurosat_16shot.log,DATA-0463,91.25,0.8499999999999943,accuracy_mismatch
ohsinglora,56,wide,food101,16,lora,,,,,84.2,,method_dataset_shot,1,data/result_new/results_logs_check_lora/lora_food101_16shot.log,DATA-0469,84.55,0.3499999999999943,accuracy_mismatch
ohsinglora,56,wide,oxford_pets,16,lora,,,,,92.4,,method_dataset_shot,1,data/result_new/results_logs_check_lora/lora_oxford_pets_16shot.log,DATA-0473,92.53,0.12999999999999545,accuracy_mismatch
ohsinglora,56,wide,oxford_flowers,16,lora,,,,,98.0,,method_dataset_shot,1,data/result_new/results_logs_check_lora/lora_oxford_flowers_16shot.log,DATA-0471,97.93,0.06999999999999318,accuracy_mismatch
ohsinglora,56,wide,caltech101,16,lora,,,,,96.4,,method_dataset_shot,1,data/result_new/results_logs_check_lora/lora_caltech101_16shot.log,DATA-0457,96.31,0.09000000000000341,accuracy_mismatch
ohsinglora,56,wide,dtd,16,lora,,,,,72.0,,method_dataset_shot,1,data/result_new/results_logs_check_lora/lora_dtd_16shot.log,DATA-0460,72.28,0.28000000000000114,accuracy_mismatch
ohsinglora,56,wide,ucf101,16,lora,,,,,86.7,,method_dataset_shot,1,data/result_new/results_logs_check_lora/lora_ucf101_16shot.log,DATA-0475,86.36,0.3400000000000034,accuracy_mismatch
ohsinglora,57,wide,fgvc,16,lora,,,,,54.97,,method_dataset_shot,1,data/result_new/results_logs_check_lora/lora_fgvc_16shot.log,DATA-0466,54.97,0.0,accuracy_match
ohsinglora,57,wide,eurosat,16,lora,,,,,91.25,,method_dataset_shot,1,data/result_new/results_logs_check_lora/lora_eurosat_16shot.log,DATA-0463,91.25,0.0,accuracy_match
ohsinglora,57,wide,food101,16,lora,,,,,84.55,,method_dataset_shot,1,data/result_new/results_logs_check_lora/lora_food101_16shot.log,DATA-0469,84.55,0.0,accuracy_match
ohsinglora,57,wide,oxford_pets,16,lora,,,,,92.53,,method_dataset_shot,1,data/result_new/results_logs_check_lora/lora_oxford_pets_16shot.log,DATA-0473,92.53,0.0,accuracy_match
ohsinglora,57,wide,oxford_flowers,16,lora,,,,,97.93,,method_dataset_shot,1,data/result_new/results_logs_check_lora/lora_oxford_flowers_16shot.log,DATA-0471,97.93,0.0,accuracy_match
ohsinglora,57,wide,caltech101,16,lora,,,,,96.31,,method_dataset_shot,1,data/result_new/results_logs_check_lora/lora_caltech101_16shot.log,DATA-0457,96.31,0.0,accuracy_match
ohsinglora,57,wide,dtd,16,lora,,,,,72.28,,method_dataset_shot,1,data/result_new/results_logs_check_lora/lora_dtd_16shot.log,DATA-0460,72.28,0.0,accuracy_match
ohsinglora,57,wide,ucf101,16,lora,,,,,86.36,,method_dataset_shot,1,data/result_new/results_logs_check_lora/lora_ucf101_16shot.log,DATA-0475,86.36,0.0,accuracy_match
ohsinglora,58,wide,fgvc,16,singlora,2,,,,52.27,,method_dataset_shot,3,data/old_result/results_logs_singlora/singlora_fgvc_16shot.log,DATA-0392,52.27,0.0,accuracy_match
ohsinglora,58,wide,eurosat,16,singlora,2,,,,91.54,,method_dataset_shot,2,data/old_result/results_logs_singlora/singlora_eurosat_16shot.log,DATA-0381,91.54,0.0,accuracy_match
ohsinglora,58,wide,food101,16,singlora,2,,,,85.24,,method_dataset_shot,2,data/old_result/results_logs_singlora/singlora_food101_16shot.log,DATA-0404,85.24,0.0,accuracy_match
ohsinglora,58,wide,oxford_pets,16,singlora,2,,,,92.72,,method_dataset_shot,2,data/old_result/results_logs_singlora/singlora_oxford_pets_16shot.log,DATA-0426,92.72,0.0,accuracy_match
ohsinglora,58,wide,oxford_flowers,16,singlora,2,,,,98.05,,method_dataset_shot,2,data/old_result/results_logs_singlora/singlora_oxford_flowers_16shot.log,DATA-0415,98.05,0.0,accuracy_match
ohsinglora,58,wide,caltech101,16,singlora,2,,,,96.63,,method_dataset_shot,2,data/old_result/results_logs_singlora/singlora_caltech101_16shot.log,DATA-0354,96.63,0.0,accuracy_match
ohsinglora,58,wide,dtd,16,singlora,2,,,,72.4,,method_dataset_shot,3,data/old_result/results_logs_singlora/singlora_dtd_16shot.log,DATA-0368,72.4,0.0,accuracy_match
ohsinglora,58,wide,ucf101,16,singlora,2,,,,86.28,,method_dataset_shot,2,data/old_result/results_logs_singlora/singlora_ucf101_16shot.log,DATA-0437,86.28,0.0,accuracy_match
ohsinglora,59,wide,fgvc,16,gmhsinglora,2,,,,54.88,,method_dataset_shot,2,data/old_result/results_logs_gmhsinglora/gmhsinglora_fgvc_16shot.log,DATA-0209,54.88,0.0,accuracy_match
ohsinglora,59,wide,eurosat,16,gmhsinglora,2,,,,91.58,,method_dataset_shot,2,data/old_result/results_logs_gmhsinglora/gmhsinglora_eurosat_16shot.log,DATA-0193,91.58,0.0,accuracy_match
ohsinglora,59,wide,food101,16,gmhsinglora,2,,,,85.0,,method_dataset_shot,2,data/old_result/results_logs_gmhsinglora/gmhsinglora_food101_16shot.log,DATA-0225,85.0,0.0,accuracy_match
ohsinglora,59,wide,oxford_pets,16,gmhsinglora,2,,,,93.08,,method_dataset_shot,2,data/old_result/results_logs_gmhsinglora/gmhsinglora_oxford_pets_16shot.log,DATA-0257,93.08,0.0,accuracy_match
ohsinglora,59,wide,oxford_flowers,16,gmhsinglora,2,,,,98.29,,method_dataset_shot,2,data/old_result/results_logs_gmhsinglora/gmhsinglora_oxford_flowers_16shot.log,DATA-0241,98.29,0.0,accuracy_match
ohsinglora,59,wide,caltech101,16,gmhsinglora,2,,,,96.43,,method_dataset_shot,2,data/old_result/results_logs_gmhsinglora/gmhsinglora_caltech101_16shot.log,DATA-0161,96.43,0.0,accuracy_match
ohsinglora,59,wide,dtd,16,gmhsinglora,2,,,,73.29,,method_dataset_shot,2,data/old_result/results_logs_gmhsinglora/gmhsinglora_dtd_16shot.log,DATA-0177,73.29,0.0,accuracy_match
ohsinglora,59,wide,ucf101,16,gmhsinglora,2,,,,85.65,,method_dataset_shot,2,data/old_result/results_logs_gmhsinglora/gmhsinglora_ucf101_16shot.log,DATA-0273,85.65,0.0,accuracy_match
ohsinglora,60,wide,fgvc,16,ohsinglora,2,,,,55.21,,method_dataset_shot_config_filtered,1,data/result_scan_head/results_logs_scan_ohsinglora/ohsinglora_fgvc_16shot_R2_Head1.log,DATA-0536,54.01,1.2000000000000028,accuracy_mismatch
ohsinglora,60,wide,eurosat,16,ohsinglora,2,,,,91.79,,method_dataset_shot_config_filtered,1,data/result_scan_head/results_logs_scan_ohsinglora/ohsinglora_eurosat_16shot_R2_Head1.log,DATA-0523,91.59,0.20000000000000284,accuracy_mismatch
ohsinglora,60,wide,food101,16,ohsinglora,2,,,,85.04,,method_dataset_shot_config_filtered,1,data/result_scan_head/results_logs_scan_ohsinglora/ohsinglora_food101_16shot_R2_Head1.log,DATA-0549,85.0,0.04000000000000625,accuracy_mismatch
ohsinglora,60,wide,oxford_pets,16,ohsinglora,2,,,,92.97,,method_dataset_shot_config_filtered,1,data/result_scan_head/results_logs_scan_ohsinglora/ohsinglora_oxford_pets_16shot_R2_Head1.log,DATA-0575,93.21,0.23999999999999488,accuracy_mismatch
ohsinglora,60,wide,oxford_flowers,16,ohsinglora,2,,,,98.21,,method_dataset_shot_config_filtered,1,data/result_scan_head/results_logs_scan_ohsinglora/ohsinglora_oxford_flowers_16shot_R2_Head1.log,DATA-0562,97.97,0.23999999999999488,accuracy_mismatch
ohsinglora,60,wide,caltech101,16,ohsinglora,2,,,,96.59,,method_dataset_shot_config_filtered,1,data/result_scan_head/results_logs_scan_ohsinglora/ohsinglora_caltech101_16shot_R2_Head1.log,DATA-0497,96.47,0.12000000000000455,accuracy_mismatch
ohsinglora,60,wide,dtd,16,ohsinglora,2,,,,73.17,,method_dataset_shot_config_filtered,1,data/result_scan_head/results_logs_scan_ohsinglora/ohsinglora_dtd_16shot_R2_Head1.log,DATA-0510,72.4,0.769999999999996,accuracy_mismatch
ohsinglora,60,wide,ucf101,16,ohsinglora,2,,,,85.67,,method_dataset_shot_config_filtered,1,data/result_scan_head/results_logs_scan_ohsinglora/ohsinglora_ucf101_16shot_R2_Head1.log,DATA-0588,86.15,0.480000000000004,accuracy_mismatch
ohsinglora,61,wide,fgvc,16,ohsinglora,2,,,,54.97,,method_dataset_shot_config_filtered,1,data/result_scan_head/results_logs_scan_ohsinglora/ohsinglora_fgvc_16shot_R2_Head1.log,DATA-0536,54.01,0.9600000000000009,accuracy_mismatch
ohsinglora,61,wide,eurosat,16,ohsinglora,2,,,,91.75,,method_dataset_shot_config_filtered,1,data/result_scan_head/results_logs_scan_ohsinglora/ohsinglora_eurosat_16shot_R2_Head1.log,DATA-0523,91.59,0.1599999999999966,accuracy_mismatch
ohsinglora,61,wide,food101,16,ohsinglora,2,,,,85.08,,method_dataset_shot_config_filtered,1,data/result_scan_head/results_logs_scan_ohsinglora/ohsinglora_food101_16shot_R2_Head1.log,DATA-0549,85.0,0.0799999999999983,accuracy_mismatch
ohsinglora,61,wide,oxford_pets,16,ohsinglora,2,,,,92.91,,method_dataset_shot_config_filtered,1,data/result_scan_head/results_logs_scan_ohsinglora/ohsinglora_oxford_pets_16shot_R2_Head1.log,DATA-0575,93.21,0.29999999999999716,accuracy_mismatch
ohsinglora,61,wide,oxford_flowers,16,ohsinglora,2,,,,98.09,,method_dataset_shot_config_filtered,1,data/result_scan_head/results_logs_scan_ohsinglora/ohsinglora_oxford_flowers_16shot_R2_Head1.log,DATA-0562,97.97,0.12000000000000455,accuracy_mismatch
ohsinglora,61,wide,caltech101,16,ohsinglora,2,,,,96.63,,method_dataset_shot_config_filtered,1,data/result_scan_head/results_logs_scan_ohsinglora/ohsinglora_caltech101_16shot_R2_Head1.log,DATA-0497,96.47,0.1599999999999966,accuracy_mismatch
ohsinglora,61,wide,dtd,16,ohsinglora,2,,,,73.58,,method_dataset_shot_config_filtered,1,data/result_scan_head/results_logs_scan_ohsinglora/ohsinglora_dtd_16shot_R2_Head1.log,DATA-0510,72.4,1.1799999999999926,accuracy_mismatch
ohsinglora,61,wide,ucf101,16,ohsinglora,2,,,,85.7,,method_dataset_shot_config_filtered,1,data/result_scan_head/results_logs_scan_ohsinglora/ohsinglora_ucf101_16shot_R2_Head1.log,DATA-0588,86.15,0.45000000000000284,accuracy_mismatch
ohsinglora,83,wide,fgvc,1,lora,,,,,28.71,,method_dataset_shot,7,data/result_new/results_logs_check_lora/lora_fgvc_1shot.log,DATA-0467,28.71,0.0,accuracy_match
ohsinglora,83,wide,eurosat,1,lora,,,,,72.88,,method_dataset_shot,7,data/result_new/results_logs_check_lora/lora_eurosat_1shot.log,DATA-0464,72.88,0.0,accuracy_match
ohsinglora,83,wide,food101,1,lora,,,,,85.08,,method_dataset_shot,7,data/result_new/results_logs_check_lora/lora_food101_1shot.log,DATA-0470,85.08,0.0,accuracy_match
ohsinglora,83,wide,oxford_pets,1,lora,,,,,91.52,,method_dataset_shot,7,data/result_new/results_logs_check_lora/lora_oxford_pets_1shot.log,DATA-0474,91.52,0.0,accuracy_match
ohsinglora,83,wide,oxford_flowers,1,lora,,,,,83.35,,method_dataset_shot,7,data/result_new/results_logs_check_lora/lora_oxford_flowers_1shot.log,DATA-0472,83.35,0.0,accuracy_match
ohsinglora,83,wide,caltech101,1,lora,,,,,93.67,,method_dataset_shot,7,data/result_new/results_logs_check_lora/lora_caltech101_1shot.log,DATA-0458,93.67,0.0,accuracy_match
ohsinglora,83,wide,dtd,1,lora,,,,,54.61,,method_dataset_shot,7,data/result_new/results_logs_check_lora/lora_dtd_1shot.log,DATA-0461,54.61,0.0,accuracy_match
ohsinglora,83,wide,ucf101,1,lora,,,,,76.29,,method_dataset_shot,7,data/result_new/results_logs_check_lora/lora_ucf101_1shot.log,DATA-0476,76.29,0.0,accuracy_match
ohsinglora,84,wide,fgvc,1,ohsinglora,,,,,29.73,,method_dataset_shot,18,data/old_result/results_logs_scan_ohsinglora/ohsinglora_fgvc_1shot_r2_h1_lambda_o_0.03.log,DATA-0329,29.73,0.0,accuracy_match
ohsinglora,84,wide,eurosat,1,ohsinglora,,,,,72.77,,method_dataset_shot,29,data/old_result/results_logs_scan_ohsinglora/ohsinglora_eurosat_1shot_r2_h2_lambda_o_0.03.log,DATA-0325,72.77,0.0,accuracy_match
ohsinglora,84,wide,food101,1,ohsinglora,,,,,85.49,,method_dataset_shot,18,data/result_new/results_logs_check_ohsinglora/ohsinglora_food101_1shot.log,DATA-0486,85.49,0.0,accuracy_match
ohsinglora,84,wide,oxford_pets,1,ohsinglora,,,,,92.34,,method_dataset_shot,18,data/result_new/results_logs_check_ohsinglora/ohsinglora_oxford_pets_1shot.log,DATA-0490,92.34,0.0,accuracy_match
ohsinglora,84,wide,oxford_flowers,1,ohsinglora,,,,,82.79,,method_dataset_shot,18,data/old_result/results_logs_ohsinglora/ohsinglora_oxford_flowers_1shot.log,DATA-0306,82.79,0.0,accuracy_match
ohsinglora,84,wide,caltech101,1,ohsinglora,,,,,94.24,,method_dataset_shot,29,data/old_result/results_logs_scan_ohsinglora/ohsinglora_caltech101_1shot_r2_h2.log,DATA-0315,94.24,0.0,accuracy_match
ohsinglora,84,wide,dtd,1,ohsinglora,,,,,54.91,,method_dataset_shot,18,data/old_result/results_logs_scan_ohsinglora/ohsinglora_dtd_1shot_r2_h2_lambda_o_0.03.log,DATA-0320,54.91,0.0,accuracy_match
ohsinglora,84,wide,ucf101,1,ohsinglora,,,,,75.6,,method_dataset_shot,18,data/old_result/results_logs_scan_ohsinglora/ohsinglora_ucf101_1shot_r2_h2.log,DATA-0350,75.6,0.0,accuracy_match
ohsinglora,98,wide,fgvc,4,lora,,,,,39.15,,method_dataset_shot,7,data/result_new/results_logs_check_lora/lora_fgvc_4shot.log,DATA-0468,39.15,0.0,accuracy_match
ohsinglora,98,wide,eurosat,4,lora,,,,,87.49,,method_dataset_shot,7,data/result_new/results_logs_check_lora/lora_eurosat_4shot.log,DATA-0465,87.49,0.0,accuracy_match
ohsinglora,98,wide,food101,4,lora,,,,,83.72,,method_dataset_shot,7,data/result_scan_loss/result_loss_loRA/lora_food101_4shot.log,DATA-0644,83.72,0.0,accuracy_match
ohsinglora,98,wide,oxford_pets,4,lora,,,,,91.06,,method_dataset_shot,7,data/result_scan_loss/result_loss_loRA/lora_oxford_pets_4shot.log,DATA-0646,91.06,0.0,accuracy_match
ohsinglora,98,wide,oxford_flowers,4,lora,,,,,93.67,,method_dataset_shot,7,data/result_scan_loss/result_loss_loRA/lora_oxford_flowers_4shot.log,DATA-0645,93.67,0.0,accuracy_match
ohsinglora,98,wide,caltech101,4,lora,,,,,95.58,,method_dataset_shot,7,data/result_new/results_logs_check_lora/lora_caltech101_4shot.log,DATA-0459,95.58,0.0,accuracy_match
ohsinglora,98,wide,dtd,4,lora,,,,,65.19,,method_dataset_shot,7,data/result_new/results_logs_check_lora/lora_dtd_4shot.log,DATA-0462,65.19,0.0,accuracy_match
ohsinglora,98,wide,ucf101,4,lora,,,,,80.39,,method_dataset_shot,7,data/result_scan_loss/result_loss_loRA/lora_ucf101_4shot.log,DATA-0647,80.39,0.0,accuracy_match
ohsinglora,99,wide,fgvc,4,ohsinglora,2,,,,38.61,,method_dataset_shot_config_filtered,1,data/result_scan_head/results_logs_scan_ohsinglora/ohsinglora_fgvc_4shot_r2_h1.log,DATA-0548,38.34,0.269999999999996,accuracy_mismatch
ohsinglora,99,wide,eurosat,4,ohsinglora,2,,,,89.06,,method_dataset_shot_config_filtered,1,data/result_scan_head/results_logs_scan_ohsinglora/ohsinglora_eurosat_4shot_r2_h1.log,DATA-0535,87.98,1.0799999999999983,accuracy_mismatch
ohsinglora,99,wide,food101,4,ohsinglora,2,,,,84.3,,method_dataset_shot_config_filtered,1,data/result_scan_head/results_logs_scan_ohsinglora/ohsinglora_food101_4shot_r2_h1.log,DATA-0561,84.16,0.14000000000000057,accuracy_mismatch
ohsinglora,99,wide,oxford_pets,4,ohsinglora,2,,,,92.18,,method_dataset_shot_config_filtered,1,data/result_scan_head/results_logs_scan_ohsinglora/ohsinglora_oxford_pets_4shot_r2_h1.log,DATA-0587,91.96,0.22000000000001307,accuracy_mismatch
ohsinglora,99,wide,oxford_flowers,4,ohsinglora,2,,,,93.3,,method_dataset_shot_config_filtered,1,data/result_scan_head/results_logs_scan_ohsinglora/ohsinglora_oxford_flowers_4shot_r2_h1.log,DATA-0574,93.34,0.04000000000000625,accuracy_mismatch
ohsinglora,99,wide,caltech101,4,ohsinglora,2,,,,95.62,,method_dataset_shot_config_filtered,1,data/result_scan_head/results_logs_scan_ohsinglora/ohsinglora_caltech101_4shot_r2_h1.log,DATA-0509,95.7,0.0799999999999983,accuracy_mismatch
ohsinglora,99,wide,dtd,4,ohsinglora,2,,,,65.72,,method_dataset_shot_config_filtered,1,data/result_scan_head/results_logs_scan_ohsinglora/ohsinglora_dtd_4shot_r2_h1.log,DATA-0522,64.89,0.8299999999999983,accuracy_mismatch
ohsinglora,99,wide,ucf101,4,ohsinglora,2,,,,80.86,,method_dataset_shot_config_filtered,1,data/result_scan_head/results_logs_scan_ohsinglora/ohsinglora_ucf101_4shot_r2_h1.log,DATA-0600,80.41,0.45000000000000284,accuracy_mismatch
ohsinglora,113,wide,fgvc,16,lora,,,,,54.97,,method_dataset_shot,1,data/result_new/results_logs_check_lora/lora_fgvc_16shot.log,DATA-0466,54.97,0.0,accuracy_match
ohsinglora,113,wide,eurosat,16,lora,,,,,91.25,,method_dataset_shot,1,data/result_new/results_logs_check_lora/lora_eurosat_16shot.log,DATA-0463,91.25,0.0,accuracy_match
ohsinglora,113,wide,food101,16,lora,,,,,84.55,,method_dataset_shot,1,data/result_new/results_logs_check_lora/lora_food101_16shot.log,DATA-0469,84.55,0.0,accuracy_match
ohsinglora,113,wide,oxford_pets,16,lora,,,,,92.53,,method_dataset_shot,1,data/result_new/results_logs_check_lora/lora_oxford_pets_16shot.log,DATA-0473,92.53,0.0,accuracy_match
ohsinglora,113,wide,oxford_flowers,16,lora,,,,,97.93,,method_dataset_shot,1,data/result_new/results_logs_check_lora/lora_oxford_flowers_16shot.log,DATA-0471,97.93,0.0,accuracy_match
ohsinglora,113,wide,caltech101,16,lora,,,,,96.31,,method_dataset_shot,1,data/result_new/results_logs_check_lora/lora_caltech101_16shot.log,DATA-0457,96.31,0.0,accuracy_match
ohsinglora,113,wide,dtd,16,lora,,,,,72.28,,method_dataset_shot,1,data/result_new/results_logs_check_lora/lora_dtd_16shot.log,DATA-0460,72.28,0.0,accuracy_match
ohsinglora,113,wide,ucf101,16,lora,,,,,86.36,,method_dataset_shot,1,data/result_new/results_logs_check_lora/lora_ucf101_16shot.log,DATA-0475,86.36,0.0,accuracy_match
ohsinglora,114,wide,fgvc,16,ohsinglora,,,,,54.97,,method_dataset_shot,6,data/result_new/results_logs_check_ohsinglora/ohsinglora_fgvc_16shot_lambda_o_0.03.log,DATA-0483,54.97,0.0,accuracy_match
ohsinglora,114,wide,eurosat,16,ohsinglora,,,,,91.75,,method_dataset_shot,17,data/result_new/results_logs_check_ohsinglora/ohsinglora_eurosat_16shot_lambda_o_0.03.log,DATA-0481,91.75,0.0,accuracy_match
ohsinglora,114,wide,food101,16,ohsinglora,,,,,85.08,,method_dataset_shot,6,data/result_new/results_logs_check_ohsinglora/ohsinglora_food101_16shot_lambda_o_0.03.log,DATA-0485,85.08,0.0,accuracy_match
ohsinglora,114,wide,oxford_pets,16,ohsinglora,,,,,92.91,,method_dataset_shot,6,data/result_new/results_logs_check_ohsinglora/ohsinglora_oxford_pets_16shot_lambda_o_0.03.log,DATA-0489,92.91,0.0,accuracy_match
ohsinglora,114,wide,oxford_flowers,16,ohsinglora,,,,,98.09,,method_dataset_shot,6,data/result_new/results_logs_check_ohsinglora/ohsinglora_oxford_flowers_16shot_lambda_o_0.03.log,DATA-0487,98.09,0.0,accuracy_match
ohsinglora,114,wide,caltech101,16,ohsinglora,,,,,96.63,,method_dataset_shot,17,data/result_new/results_logs_check_ohsinglora/ohsinglora_caltech101_16shot_lambda_o_0.03.log,DATA-0477,96.63,0.0,accuracy_match
ohsinglora,114,wide,dtd,16,ohsinglora,,,,,73.58,,method_dataset_shot,6,data/result_new/results_logs_check_ohsinglora/ohsinglora_dtd_16shot_lambda_o_0.03.log,DATA-0479,73.58,0.0,accuracy_match
ohsinglora,114,wide,ucf101,16,ohsinglora,,,,,85.7,,method_dataset_shot,6,data/result_new/results_logs_check_ohsinglora/ohsinglora_ucf101_16shot_lambda_o_0.03.log,DATA-0491,85.7,0.0,accuracy_match
num head scan ohsinglora,2,wide,fgvc,1,lora,,,,,30.2,,method_dataset_shot,7,data/result_scan_loss/results_logs_loss_lora/lora_fgvc_1shot_ce_maxent_LAMBDA_O0.03.log,DATA-0688,28.92,1.2799999999999976,accuracy_mismatch
num head scan ohsinglora,2,wide,eurosat,1,lora,,,,,72.3,,method_dataset_shot,7,data/result_scan_loss/results_logs_loss_lora/lora_eurosat_1shot_ce_maxent_LAMBDA_O0.03.log,DATA-0676,71.95,0.3499999999999943,accuracy_mismatch
num head scan ohsinglora,2,wide,food101,1,lora,,,,,84.3,,method_dataset_shot,7,data/result_scan_loss/results_logs_loss_lora/lora_food101_1shot_ce_ls_LAMBDA_O0.03.log,DATA-0699,84.56,0.2600000000000051,accuracy_mismatch
num head scan ohsinglora,2,wide,oxford_pets,1,lora,,,,,92.3,,method_dataset_shot,7,data/result_scan_loss/results_logs_loss_lora/lora_oxford_pets_1shot_ce_maxent_LAMBDA_O0.03.log,DATA-0724,91.91,0.39000000000000057,accuracy_mismatch
num head scan ohsinglora,2,wide,oxford_flowers,1,lora,,,,,83.2,,method_dataset_shot,7,data/result_new/results_logs_check_lora/lora_oxford_flowers_1shot.log,DATA-0472,83.35,0.14999999999999147,accuracy_mismatch
num head scan ohsinglora,2,wide,caltech101,1,lora,,,,,93.7,,method_dataset_shot,7,data/result_scan_loss/results_logs_loss_lora/lora_caltech101_1shot_ce_maxent_LAMBDA_O0.03.log,DATA-0652,93.71,0.009999999999990905,accuracy_match
num head scan ohsinglora,2,wide,dtd,1,lora,,,,,54.3,,method_dataset_shot,7,data/result_scan_loss/results_logs_loss_lora/lora_dtd_1shot_ce_maxent_LAMBDA_O0.03.log,DATA-0664,54.2,0.09999999999999432,accuracy_mismatch
num head scan ohsinglora,2,wide,ucf101,1,lora,,,,,76.3,,method_dataset_shot,7,data/result_new/results_logs_check_lora/lora_ucf101_1shot.log,DATA-0476,76.29,0.009999999999990905,accuracy_match
num head scan ohsinglora,3,wide,fgvc,1,ohsinglora,2,1,,,29.73,,method_dataset_shot_config_filtered,2,data/old_result/results_logs_scan_ohsinglora/ohsinglora_fgvc_1shot_r2_h1_lambda_o_0.03.log,DATA-0329,29.73,0.0,accuracy_match
num head scan ohsinglora,3,wide,eurosat,1,ohsinglora,2,1,,,71.37,,method_dataset_shot_config_filtered,2,data/old_result/results_logs_scan_ohsinglora/ohsinglora_eurosat_1shot_r2_h1_lambda_o_0.03.log,DATA-0324,71.37,0.0,accuracy_match
num head scan ohsinglora,3,wide,food101,1,ohsinglora,2,1,,,85.53,,method_dataset_shot_config_filtered,2,data/old_result/results_logs_scan_ohsinglora/ohsinglora_food101_1shot_r2_h1.log,DATA-0334,85.53,0.0,accuracy_match
num head scan ohsinglora,3,wide,oxford_pets,1,ohsinglora,2,1,,,92.91,,method_dataset_shot_config_filtered,2,data/result_scan_head/results_logs_scan_ohsinglora/ohsinglora_oxford_pets_1shot_r2_h1.log,DATA-0579,92.91,0.0,accuracy_match
num head scan ohsinglora,3,wide,oxford_flowers,1,ohsinglora,2,1,,,80.51,,method_dataset_shot_config_filtered,2,data/result_scan_head/results_logs_scan_ohsinglora/ohsinglora_oxford_flowers_1shot_r2_h1.log,DATA-0566,80.51,0.0,accuracy_match
num head scan ohsinglora,3,wide,caltech101,1,ohsinglora,2,1,,,94.12,,method_dataset_shot_config_filtered,2,data/old_result/results_logs_scan_ohsinglora/ohsinglora_caltech101_1shot_r2_h1.log,DATA-0314,94.12,0.0,accuracy_match
num head scan ohsinglora,3,wide,dtd,1,ohsinglora,2,1,,,54.73,,method_dataset_shot_config_filtered,2,data/old_result/results_logs_scan_ohsinglora/ohsinglora_dtd_1shot_r2_h1_lambda_o_0.03.log,DATA-0319,54.73,0.0,accuracy_match
num head scan ohsinglora,3,wide,ucf101,1,ohsinglora,2,1,,,75.65,,method_dataset_shot_config_filtered,2,data/old_result/results_logs_scan_ohsinglora/ohsinglora_ucf101_1shot_r2_h1.log,DATA-0349,75.65,0.0,accuracy_match
num head scan ohsinglora,4,wide,fgvc,1,ohsinglora,2,2,,,29.73,,method_dataset_shot_config_filtered,2,data/old_result/results_logs_scan_ohsinglora/ohsinglora_fgvc_1shot_r2_h2_lambda_o_0.03.log,DATA-0330,29.73,0.0,accuracy_match
num head scan ohsinglora,4,wide,eurosat,1,ohsinglora,2,2,,,72.77,,method_dataset_shot_config_filtered,2,data/old_result/results_logs_scan_ohsinglora/ohsinglora_eurosat_1shot_r2_h2_lambda_o_0.03.log,DATA-0325,72.77,0.0,accuracy_match
num head scan ohsinglora,4,wide,food101,1,ohsinglora,2,2,,,85.49,,method_dataset_shot_config_filtered,2,data/result_scan_head/results_logs_scan_ohsinglora/ohsinglora_food101_1shot_r2_h2.log,DATA-0554,85.49,0.0,accuracy_match
num head scan ohsinglora,4,wide,oxford_pets,1,ohsinglora,2,2,,,92.34,,method_dataset_shot_config_filtered,2,data/result_scan_head/results_logs_scan_ohsinglora/ohsinglora_oxford_pets_1shot_r2_h2.log,DATA-0580,92.34,0.0,accuracy_match
num head scan ohsinglora,4,wide,oxford_flowers,1,ohsinglora,2,2,,,82.79,,method_dataset_shot_config_filtered,2,data/result_scan_head/results_logs_scan_ohsinglora/ohsinglora_oxford_flowers_1shot_r2_h2.log,DATA-0567,82.79,0.0,accuracy_match
num head scan ohsinglora,4,wide,caltech101,1,ohsinglora,2,2,,,94.24,,method_dataset_shot_config_filtered,2,data/old_result/results_logs_scan_ohsinglora/ohsinglora_caltech101_1shot_r2_h2.log,DATA-0315,94.24,0.0,accuracy_match
num head scan ohsinglora,4,wide,dtd,1,ohsinglora,2,2,,,54.91,,method_dataset_shot_config_filtered,2,data/old_result/results_logs_scan_ohsinglora/ohsinglora_dtd_1shot_r2_h2_lambda_o_0.03.log,DATA-0320,54.91,0.0,accuracy_match
num head scan ohsinglora,4,wide,ucf101,1,ohsinglora,2,2,,,75.6,,method_dataset_shot_config_filtered,2,data/old_result/results_logs_scan_ohsinglora/ohsinglora_ucf101_1shot_r2_h2.log,DATA-0350,75.6,0.0,accuracy_match
num head scan ohsinglora,5,wide,fgvc,1,ohsinglora,4,1,,,28.98,,method_dataset_shot_config_filtered,2,data/old_result/results_logs_scan_ohsinglora/ohsinglora_fgvc_1shot_r4_h1_lambda_o_0.03.log,DATA-0331,28.98,0.0,accuracy_match
num head scan ohsinglora,5,wide,eurosat,1,ohsinglora,4,1,,,74.22,,method_dataset_shot_config_filtered,3,data/old_result/results_logs_scan_ohsinglora/ohsinglora_eurosat_1shot_r4_h1_lambda_o_0.03.log,DATA-0326,74.22,0.0,accuracy_match
num head scan ohsinglora,5,wide,food101,1,ohsinglora,4,1,,,85.69,,method_dataset_shot_config_filtered,2,data/old_result/results_logs_scan_ohsinglora/ohsinglora_food101_1shot_r4_h1.log,DATA-0336,85.69,0.0,accuracy_match
num head scan ohsinglora,5,wide,oxford_pets,1,ohsinglora,4,1,,,92.53,,method_dataset_shot_config_filtered,2,data/result_scan_head/results_logs_scan_ohsinglora/ohsinglora_oxford_pets_1shot_r4_h1.log,DATA-0581,92.53,0.0,accuracy_match
num head scan ohsinglora,5,wide,oxford_flowers,1,ohsinglora,4,1,,,81.93,,method_dataset_shot_config_filtered,2,data/result_scan_head/results_logs_scan_ohsinglora/ohsinglora_oxford_flowers_1shot_r4_h1.log,DATA-0568,81.93,0.0,accuracy_match
num head scan ohsinglora,5,wide,caltech101,1,ohsinglora,4,1,,,93.79,,method_dataset_shot_config_filtered,3,data/old_result/results_logs_scan_ohsinglora/ohsinglora_caltech101_1shot_r4_h1.log,DATA-0316,93.79,0.0,accuracy_match
num head scan ohsinglora,5,wide,dtd,1,ohsinglora,4,1,,,53.9,,method_dataset_shot_config_filtered,2,data/old_result/results_logs_scan_ohsinglora/ohsinglora_dtd_1shot_r4_h1_lambda_o_0.03.log,DATA-0321,53.9,0.0,accuracy_match
num head scan ohsinglora,5,wide,ucf101,1,ohsinglora,4,1,,,75.1,,method_dataset_shot_config_filtered,2,data/old_result/results_logs_scan_ohsinglora/ohsinglora_ucf101_1shot_r4_h1.log,DATA-0351,75.1,0.0,accuracy_match
num head scan ohsinglora,6,wide,fgvc,1,ohsinglora,4,2,,,29.85,,method_dataset_shot_config_filtered,2,data/old_result/results_logs_scan_ohsinglora/ohsinglora_fgvc_1shot_r4_h2_lambda_o_0.03.log,DATA-0332,29.85,0.0,accuracy_match
num head scan ohsinglora,6,wide,eurosat,1,ohsinglora,4,2,,,73.15,,method_dataset_shot_config_filtered,7,data/old_result/results_logs_scan_ohsinglora/ohsinglora_eurosat_1shot_r4_h2_lambda_o_0.03.log,DATA-0327,73.15,0.0,accuracy_match
num head scan ohsinglora,6,wide,food101,1,ohsinglora,4,2,,,85.76,,method_dataset_shot_config_filtered,2,data/result_scan_head/results_logs_scan_ohsinglora/ohsinglora_food101_1shot_r4_h2.log,DATA-0556,85.76,0.0,accuracy_match
num head scan ohsinglora,6,wide,oxford_pets,1,ohsinglora,4,2,,,92.8,,method_dataset_shot_config_filtered,2,data/result_scan_head/results_logs_scan_ohsinglora/ohsinglora_oxford_pets_1shot_r4_h2.log,DATA-0582,92.8,0.0,accuracy_match
num head scan ohsinglora,6,wide,oxford_flowers,1,ohsinglora,4,2,,,83.84,,method_dataset_shot_config_filtered,2,data/result_scan_head/results_logs_scan_ohsinglora/ohsinglora_oxford_flowers_1shot_r4_h2.log,DATA-0569,83.84,0.0,accuracy_match
num head scan ohsinglora,6,wide,caltech101,1,ohsinglora,4,2,,,94.16,,method_dataset_shot_config_filtered,7,data/old_result/results_logs_scan_ohsinglora/ohsinglora_caltech101_1shot_r4_h2.log,DATA-0317,94.16,0.0,accuracy_match
num head scan ohsinglora,6,wide,dtd,1,ohsinglora,4,2,,,54.26,,method_dataset_shot_config_filtered,2,data/old_result/results_logs_scan_ohsinglora/ohsinglora_dtd_1shot_r4_h2_lambda_o_0.03.log,DATA-0322,54.26,0.0,accuracy_match
num head scan ohsinglora,6,wide,ucf101,1,ohsinglora,4,2,,,75.95,,method_dataset_shot_config_filtered,2,data/old_result/results_logs_scan_ohsinglora/ohsinglora_ucf101_1shot_r4_h2.log,DATA-0352,75.95,0.0,accuracy_match
num head scan ohsinglora,7,wide,fgvc,1,ohsinglora,4,4,,,29.97,,method_dataset_shot_config_filtered,2,data/old_result/results_logs_scan_ohsinglora/ohsinglora_fgvc_1shot_r4_h4_lambda_o_0.03.log,DATA-0333,29.97,0.0,accuracy_match
num head scan ohsinglora,7,wide,eurosat,1,ohsinglora,4,4,,,70.27,,method_dataset_shot_config_filtered,7,data/old_result/results_logs_scan_ohsinglora/ohsinglora_eurosat_1shot_r4_h4_lambda_o_0.03.log,DATA-0328,70.27,0.0,accuracy_match
num head scan ohsinglora,7,wide,food101,1,ohsinglora,4,4,,,85.89,,method_dataset_shot_config_filtered,2,data/old_result/results_logs_scan_ohsinglora/ohsinglora_food101_1shot_r4_h4.log,DATA-0338,85.89,0.0,accuracy_match
num head scan ohsinglora,7,wide,oxford_pets,1,ohsinglora,4,4,,,92.7,,method_dataset_shot_config_filtered,2,data/result_scan_head/results_logs_scan_ohsinglora/ohsinglora_oxford_pets_1shot_r4_h4.log,DATA-0583,92.7,0.0,accuracy_match
num head scan ohsinglora,7,wide,oxford_flowers,1,ohsinglora,4,4,,,82.79,,method_dataset_shot_config_filtered,2,data/result_scan_head/results_logs_scan_ohsinglora/ohsinglora_oxford_flowers_1shot_r4_h4.log,DATA-0570,82.79,0.0,accuracy_match
num head scan ohsinglora,7,wide,caltech101,1,ohsinglora,4,4,,,94.0,,method_dataset_shot_config_filtered,7,data/old_result/results_logs_scan_ohsinglora/ohsinglora_caltech101_1shot_r4_h4.log,DATA-0318,94.0,0.0,accuracy_match
num head scan ohsinglora,7,wide,dtd,1,ohsinglora,4,4,,,54.96,,method_dataset_shot_config_filtered,2,data/old_result/results_logs_scan_ohsinglora/ohsinglora_dtd_1shot_r4_h4_lambda_o_0.03.log,DATA-0323,54.96,0.0,accuracy_match
num head scan ohsinglora,7,wide,ucf101,1,ohsinglora,4,4,,,75.68,,method_dataset_shot_config_filtered,2,data/old_result/results_logs_scan_ohsinglora/ohsinglora_ucf101_1shot_r4_h4.log,DATA-0353,75.68,0.0,accuracy_match
num head scan ohsinglora,9,wide,fgvc,4,lora,,,,,37.9,,method_dataset_shot,7,data/result_scan_loss/results_logs_loss_lora/lora_fgvc_4shot_ce_center_LAMBDA_O0.03.log,DATA-0691,38.61,0.7100000000000009,accuracy_mismatch
num head scan ohsinglora,9,wide,eurosat,4,lora,,,,,84.9,,method_dataset_shot,7,data/result_scan_loss/results_logs_loss_lora/lora_eurosat_4shot_arcface_LAMBDA_O0.03.log,DATA-0678,86.15,1.25,accuracy_mismatch
num head scan ohsinglora,9,wide,food101,4,lora,,,,,82.7,,method_dataset_shot,7,data/result_scan_loss/results_logs_loss_lora/lora_food101_4shot_ce_ls_LAMBDA_O0.03.log,DATA-0705,82.79,0.09000000000000341,accuracy_mismatch
num head scan ohsinglora,9,wide,oxford_pets,4,lora,,,,,91.0,,method_dataset_shot,7,data/result_scan_loss/results_logs_loss_lora/lora_oxford_pets_4shot_ce_LAMBDA_O0.03.log,DATA-0728,91.01,0.010000000000005116,accuracy_mismatch
num head scan ohsinglora,9,wide,oxford_flowers,4,lora,,,,,93.7,,method_dataset_shot,7,data/result_scan_loss/result_loss_loRA/lora_oxford_flowers_4shot.log,DATA-0645,93.67,0.030000000000001137,accuracy_mismatch
num head scan ohsinglora,9,wide,caltech101,4,lora,,,,,95.2,,method_dataset_shot,7,data/result_scan_loss/results_logs_loss_lora/lora_caltech101_4shot_ce_center_LAMBDA_O0.03.log,DATA-0655,95.42,0.21999999999999886,accuracy_mismatch
num head scan ohsinglora,9,wide,dtd,4,lora,,,,,63.8,,method_dataset_shot,7,data/result_scan_loss/results_logs_loss_lora/lora_dtd_4shot_ce_maxent_LAMBDA_O0.03.log,DATA-0670,64.01,0.21000000000000796,accuracy_mismatch
num head scan ohsinglora,9,wide,ucf101,4,lora,,,,,81.1,,method_dataset_shot,7,data/result_scan_loss/results_logs_loss_lora/lora_ucf101_4shot_cosface_LAMBDA_O0.03.log,DATA-0743,80.76,0.3399999999999892,accuracy_mismatch
num head scan ohsinglora,10,wide,fgvc,4,ohsinglora,2,1,,,38.34,,method_dataset_shot_config_filtered,1,data/result_scan_head/results_logs_scan_ohsinglora/ohsinglora_fgvc_4shot_r2_h1.log,DATA-0548,38.34,0.0,accuracy_match
num head scan ohsinglora,10,wide,eurosat,4,ohsinglora,2,1,,,87.98,,method_dataset_shot_config_filtered,1,data/result_scan_head/results_logs_scan_ohsinglora/ohsinglora_eurosat_4shot_r2_h1.log,DATA-0535,87.98,0.0,accuracy_match
num head scan ohsinglora,10,wide,food101,4,ohsinglora,2,1,,,84.16,,method_dataset_shot_config_filtered,1,data/result_scan_head/results_logs_scan_ohsinglora/ohsinglora_food101_4shot_r2_h1.log,DATA-0561,84.16,0.0,accuracy_match
num head scan ohsinglora,10,wide,oxford_pets,4,ohsinglora,2,1,,,91.96,,method_dataset_shot_config_filtered,1,data/result_scan_head/results_logs_scan_ohsinglora/ohsinglora_oxford_pets_4shot_r2_h1.log,DATA-0587,91.96,0.0,accuracy_match
num head scan ohsinglora,10,wide,oxford_flowers,4,ohsinglora,2,1,,,93.34,,method_dataset_shot_config_filtered,1,data/result_scan_head/results_logs_scan_ohsinglora/ohsinglora_oxford_flowers_4shot_r2_h1.log,DATA-0574,93.34,0.0,accuracy_match
num head scan ohsinglora,10,wide,caltech101,4,ohsinglora,2,1,,,95.7,,method_dataset_shot_config_filtered,1,data/result_scan_head/results_logs_scan_ohsinglora/ohsinglora_caltech101_4shot_r2_h1.log,DATA-0509,95.7,0.0,accuracy_match
num head scan ohsinglora,10,wide,dtd,4,ohsinglora,2,1,,,64.89,,method_dataset_shot_config_filtered,1,data/result_scan_head/results_logs_scan_ohsinglora/ohsinglora_dtd_4shot_r2_h1.log,DATA-0522,64.89,0.0,accuracy_match
num head scan ohsinglora,10,wide,ucf101,4,ohsinglora,2,1,,,80.41,,method_dataset_shot_config_filtered,1,data/result_scan_head/results_logs_scan_ohsinglora/ohsinglora_ucf101_4shot_r2_h1.log,DATA-0600,80.41,0.0,accuracy_match
num head scan ohsinglora,11,wide,fgvc,4,ohsinglora,2,2,,,38.61,,method_dataset_shot,11,data/result_scan_loss/results_logs_loss_ohsinglora/ohsinglora_fgvc_4shot_ce_LAMBDA_O0.03.log,DATA-0789,38.61,0.0,accuracy_match
num head scan ohsinglora,11,wide,eurosat,4,ohsinglora,2,2,,,89.06,,method_dataset_shot,22,data/result_scan_loss/results_logs_loss_ohsinglora/ohsinglora_eurosat_4shot_ce_LAMBDA_O0.03.log,DATA-0777,89.1,0.03999999999999204,accuracy_mismatch
num head scan ohsinglora,11,wide,food101,4,ohsinglora,2,2,,,84.3,,method_dataset_shot,11,data/old_result/results_logs_ohsinglora/ohsinglora_food101_4shot.log,DATA-0304,84.29,0.009999999999990905,accuracy_match
num head scan ohsinglora,11,wide,oxford_pets,4,ohsinglora,2,2,,,92.18,,method_dataset_shot,11,data/result_scan_loss/results_logs_loss_ohsinglora/ohsinglora_oxford_pets_4shot_ce_LAMBDA_O0.03.log,DATA-0825,92.2,0.01999999999999602,accuracy_mismatch
num head scan ohsinglora,11,wide,oxford_flowers,4,ohsinglora,2,2,,,93.3,,method_dataset_shot,11,data/old_result/results_logs_ohsinglora/ohsinglora_oxford_flowers_4shot.log,DATA-0307,93.3,0.0,accuracy_match
num head scan ohsinglora,11,wide,caltech101,4,ohsinglora,2,2,,,95.62,,method_dataset_shot,22,data/old_result/results_logs_ohsinglora/ohsinglora_caltech101_4shot.log,DATA-0292,95.62,0.0,accuracy_match
num head scan ohsinglora,11,wide,dtd,4,ohsinglora,2,2,,,65.72,,method_dataset_shot,11,data/old_result/results_logs_ohsinglora/ohsinglora_dtd_4shot.log,DATA-0295,65.72,0.0,accuracy_match
num head scan ohsinglora,11,wide,ucf101,4,ohsinglora,2,2,,,80.86,,method_dataset_shot,11,data/old_result/results_logs_ohsinglora/ohsinglora_ucf101_4shot.log,DATA-0313,80.86,0.0,accuracy_match
num head scan ohsinglora,12,wide,fgvc,4,ohsinglora,4,1,,,38.73,,method_dataset_shot,11,data/result_scan_head/results_logs_scan_ohsinglora/ohsinglora_fgvc_4shot_heads1.log,DATA-0545,38.73,0.0,accuracy_match
num head scan ohsinglora,12,wide,eurosat,4,ohsinglora,4,1,,,87.85,,method_dataset_shot_config_filtered,1,data/results_ablation_heads_lambda/ohsinglora_eurosat_4shot_R4_H1_Lo0.log,DATA-0896,87.47,0.37999999999999545,accuracy_mismatch
num head scan ohsinglora,12,wide,food101,4,ohsinglora,4,1,,,83.99,,method_dataset_shot,11,data/result_scan_head/results_logs_scan_ohsinglora/ohsinglora_food101_4shot_heads1.log,DATA-0558,83.99,0.0,accuracy_match
num head scan ohsinglora,12,wide,oxford_pets,4,ohsinglora,4,1,,,91.74,,method_dataset_shot,11,data/result_scan_head/results_logs_scan_ohsinglora/ohsinglora_oxford_pets_4shot_heads1.log,DATA-0584,91.74,0.0,accuracy_match
num head scan ohsinglora,12,wide,oxford_flowers,4,ohsinglora,4,1,,,93.83,,method_dataset_shot,11,data/result_scan_head/results_logs_scan_ohsinglora/ohsinglora_oxford_flowers_4shot_heads1.log,DATA-0571,93.83,0.0,accuracy_match
num head scan ohsinglora,12,wide,caltech101,4,ohsinglora,4,1,,,95.5,,method_dataset_shot_config_filtered,1,data/results_ablation_heads_lambda/ohsinglora_caltech101_4shot_R4_H1_Lo0.log,DATA-0863,95.5,0.0,accuracy_match
num head scan ohsinglora,12,wide,dtd,4,ohsinglora,4,1,,,66.55,,method_dataset_shot,11,data/result_scan_head/results_logs_scan_ohsinglora/ohsinglora_dtd_4shot_heads1.log,DATA-0519,66.55,0.0,accuracy_match
num head scan ohsinglora,12,wide,ucf101,4,ohsinglora,4,1,,,80.86,,method_dataset_shot,11,data/old_result/results_logs_ohsinglora/ohsinglora_ucf101_4shot.log,DATA-0313,80.86,0.0,accuracy_match
num head scan ohsinglora,13,wide,fgvc,4,ohsinglora,4,2,,,38.4,,method_dataset_shot,11,data/result_scan_head/results_logs_scan_ohsinglora/ohsinglora_fgvc_4shot_heads2.log,DATA-0546,38.4,0.0,accuracy_match
num head scan ohsinglora,13,wide,eurosat,4,ohsinglora,4,2,,,88.57,,method_dataset_shot_config_filtered,5,data/results_ablation_heads_lambda/ohsinglora_eurosat_4shot_R4_H2_Lo0.03.log,DATA-0898,88.57,0.0,accuracy_match
num head scan ohsinglora,13,wide,food101,4,ohsinglora,4,2,,,84.01,,method_dataset_shot,11,data/result_scan_head/results_logs_scan_ohsinglora/ohsinglora_food101_4shot_heads2.log,DATA-0559,84.01,0.0,accuracy_match
num head scan ohsinglora,13,wide,oxford_pets,4,ohsinglora,4,2,,,91.99,,method_dataset_shot,11,data/result_scan_head/results_logs_scan_ohsinglora/ohsinglora_oxford_pets_4shot_heads2.log,DATA-0585,91.99,0.0,accuracy_match
num head scan ohsinglora,13,wide,oxford_flowers,4,ohsinglora,4,2,,,93.67,,method_dataset_shot,11,data/result_scan_head/results_logs_scan_ohsinglora/ohsinglora_oxford_flowers_4shot_heads2.log,DATA-0572,93.67,0.0,accuracy_match
num head scan ohsinglora,13,wide,caltech101,4,ohsinglora,4,2,,,95.29,,method_dataset_shot_config_filtered,5,data/results_ablation_heads_lambda/ohsinglora_caltech101_4shot_R4_H2_Lo0.01.log,DATA-0864,95.29,0.0,accuracy_match
num head scan ohsinglora,13,wide,dtd,4,ohsinglora,4,2,,,65.48,,method_dataset_shot,11,data/result_scan_head/results_logs_scan_ohsinglora/ohsinglora_dtd_4shot_heads2.log,DATA-0520,65.48,0.0,accuracy_match
num head scan ohsinglora,13,wide,ucf101,4,ohsinglora,4,2,,,80.86,,method_dataset_shot,11,data/old_result/results_logs_ohsinglora/ohsinglora_ucf101_4shot.log,DATA-0313,80.86,0.0,accuracy_match
num head scan ohsinglora,14,wide,fgvc,4,ohsinglora,4,4,,,39.93,,method_dataset_shot,11,data/result_scan_head/results_logs_scan_ohsinglora/ohsinglora_fgvc_4shot_heads4.log,DATA-0547,39.93,0.0,accuracy_match
num head scan ohsinglora,14,wide,eurosat,4,ohsinglora,4,4,,,87.84,,method_dataset_shot_config_filtered,5,data/results_ablation_heads_lambda/ohsinglora_eurosat_4shot_R4_H4_Lo0.01.log,DATA-0902,87.83,0.010000000000005116,accuracy_mismatch
num head scan ohsinglora,14,wide,food101,4,ohsinglora,4,4,,,84.06,,method_dataset_shot,11,data/result_scan_head/results_logs_scan_ohsinglora/ohsinglora_food101_4shot_heads4.log,DATA-0560,84.06,0.0,accuracy_match
num head scan ohsinglora,14,wide,oxford_pets,4,ohsinglora,4,4,,,91.63,,method_dataset_shot,11,data/result_scan_head/results_logs_scan_ohsinglora/ohsinglora_oxford_pets_4shot_heads4.log,DATA-0586,91.63,0.0,accuracy_match
num head scan ohsinglora,14,wide,oxford_flowers,4,ohsinglora,4,4,,,93.91,,method_dataset_shot,11,data/result_scan_head/results_logs_scan_ohsinglora/ohsinglora_oxford_flowers_4shot_heads4.log,DATA-0573,93.91,0.0,accuracy_match
num head scan ohsinglora,14,wide,caltech101,4,ohsinglora,4,4,,,95.25,,method_dataset_shot_config_filtered,5,data/results_ablation_heads_lambda/ohsinglora_caltech101_4shot_R4_H4_Lo0.03.log,DATA-0870,95.25,0.0,accuracy_match
num head scan ohsinglora,14,wide,dtd,4,ohsinglora,4,4,,,66.08,,method_dataset_shot,11,data/result_scan_head/results_logs_scan_ohsinglora/ohsinglora_dtd_4shot_heads4.log,DATA-0521,66.08,0.0,accuracy_match
num head scan ohsinglora,14,wide,ucf101,4,ohsinglora,4,4,,,81.92,,method_dataset_shot,11,data/result_scan_loss/results_logs_loss_ohsinglora/ohsinglora_ucf101_4shot_ce_LAMBDA_O0.03.log,DATA-0837,80.91,1.0100000000000051,accuracy_mismatch
num head scan ohsinglora,16,wide,fgvc,16,lora,,,,,54.97,,method_dataset_shot,1,data/result_new/results_logs_check_lora/lora_fgvc_16shot.log,DATA-0466,54.97,0.0,accuracy_match
num head scan ohsinglora,16,wide,eurosat,16,lora,,,,,91.25,,method_dataset_shot,1,data/result_new/results_logs_check_lora/lora_eurosat_16shot.log,DATA-0463,91.25,0.0,accuracy_match
num head scan ohsinglora,16,wide,food101,16,lora,,,,,84.55,,method_dataset_shot,1,data/result_new/results_logs_check_lora/lora_food101_16shot.log,DATA-0469,84.55,0.0,accuracy_match
num head scan ohsinglora,16,wide,oxford_pets,16,lora,,,,,92.53,,method_dataset_shot,1,data/result_new/results_logs_check_lora/lora_oxford_pets_16shot.log,DATA-0473,92.53,0.0,accuracy_match
num head scan ohsinglora,16,wide,oxford_flowers,16,lora,,,,,97.93,,method_dataset_shot,1,data/result_new/results_logs_check_lora/lora_oxford_flowers_16shot.log,DATA-0471,97.93,0.0,accuracy_match
num head scan ohsinglora,16,wide,caltech101,16,lora,,,,,96.31,,method_dataset_shot,1,data/result_new/results_logs_check_lora/lora_caltech101_16shot.log,DATA-0457,96.31,0.0,accuracy_match
num head scan ohsinglora,16,wide,dtd,16,lora,,,,,72.28,,method_dataset_shot,1,data/result_new/results_logs_check_lora/lora_dtd_16shot.log,DATA-0460,72.28,0.0,accuracy_match
num head scan ohsinglora,16,wide,ucf101,16,lora,,,,,86.36,,method_dataset_shot,1,data/result_new/results_logs_check_lora/lora_ucf101_16shot.log,DATA-0475,86.36,0.0,accuracy_match
num head scan ohsinglora,17,wide,fgvc,16,ohsinglora,2,1,,,54.01,,method_dataset_shot_config_filtered,1,data/result_scan_head/results_logs_scan_ohsinglora/ohsinglora_fgvc_16shot_R2_Head1.log,DATA-0536,54.01,0.0,accuracy_match
num head scan ohsinglora,17,wide,eurosat,16,ohsinglora,2,1,,,91.59,,method_dataset_shot_config_filtered,1,data/result_scan_head/results_logs_scan_ohsinglora/ohsinglora_eurosat_16shot_R2_Head1.log,DATA-0523,91.59,0.0,accuracy_match
num head scan ohsinglora,17,wide,food101,16,ohsinglora,2,1,,,85.0,,method_dataset_shot_config_filtered,1,data/result_scan_head/results_logs_scan_ohsinglora/ohsinglora_food101_16shot_R2_Head1.log,DATA-0549,85.0,0.0,accuracy_match
num head scan ohsinglora,17,wide,oxford_pets,16,ohsinglora,2,1,,,93.21,,method_dataset_shot_config_filtered,1,data/result_scan_head/results_logs_scan_ohsinglora/ohsinglora_oxford_pets_16shot_R2_Head1.log,DATA-0575,93.21,0.0,accuracy_match
num head scan ohsinglora,17,wide,oxford_flowers,16,ohsinglora,2,1,,,97.97,,method_dataset_shot_config_filtered,1,data/result_scan_head/results_logs_scan_ohsinglora/ohsinglora_oxford_flowers_16shot_R2_Head1.log,DATA-0562,97.97,0.0,accuracy_match
num head scan ohsinglora,17,wide,caltech101,16,ohsinglora,2,1,,,96.47,,method_dataset_shot_config_filtered,1,data/result_scan_head/results_logs_scan_ohsinglora/ohsinglora_caltech101_16shot_R2_Head1.log,DATA-0497,96.47,0.0,accuracy_match
num head scan ohsinglora,17,wide,dtd,16,ohsinglora,2,1,,,72.4,,method_dataset_shot_config_filtered,1,data/result_scan_head/results_logs_scan_ohsinglora/ohsinglora_dtd_16shot_R2_Head1.log,DATA-0510,72.4,0.0,accuracy_match
num head scan ohsinglora,17,wide,ucf101,16,ohsinglora,2,1,,,86.15,,method_dataset_shot_config_filtered,1,data/result_scan_head/results_logs_scan_ohsinglora/ohsinglora_ucf101_16shot_R2_Head1.log,DATA-0588,86.15,0.0,accuracy_match
num head scan ohsinglora,18,wide,fgvc,16,ohsinglora,2,2,,,54.97,,method_dataset_shot,6,data/result_new/results_logs_check_ohsinglora/ohsinglora_fgvc_16shot_lambda_o_0.03.log,DATA-0483,54.97,0.0,accuracy_match
num head scan ohsinglora,18,wide,eurosat,16,ohsinglora,2,2,,,91.75,,method_dataset_shot,17,data/result_new/results_logs_check_ohsinglora/ohsinglora_eurosat_16shot_lambda_o_0.03.log,DATA-0481,91.75,0.0,accuracy_match
num head scan ohsinglora,18,wide,food101,16,ohsinglora,2,2,,,85.08,,method_dataset_shot,6,data/result_new/results_logs_check_ohsinglora/ohsinglora_food101_16shot_lambda_o_0.03.log,DATA-0485,85.08,0.0,accuracy_match
num head scan ohsinglora,18,wide,oxford_pets,16,ohsinglora,2,2,,,92.91,,method_dataset_shot,6,data/result_new/results_logs_check_ohsinglora/ohsinglora_oxford_pets_16shot_lambda_o_0.03.log,DATA-0489,92.91,0.0,accuracy_match
num head scan ohsinglora,18,wide,oxford_flowers,16,ohsinglora,2,2,,,98.09,,method_dataset_shot,6,data/result_new/results_logs_check_ohsinglora/ohsinglora_oxford_flowers_16shot_lambda_o_0.03.log,DATA-0487,98.09,0.0,accuracy_match
num head scan ohsinglora,18,wide,caltech101,16,ohsinglora,2,2,,,96.63,,method_dataset_shot,17,data/result_new/results_logs_check_ohsinglora/ohsinglora_caltech101_16shot_lambda_o_0.03.log,DATA-0477,96.63,0.0,accuracy_match
num head scan ohsinglora,18,wide,dtd,16,ohsinglora,2,2,,,73.58,,method_dataset_shot,6,data/result_new/results_logs_check_ohsinglora/ohsinglora_dtd_16shot_lambda_o_0.03.log,DATA-0479,73.58,0.0,accuracy_match
num head scan ohsinglora,18,wide,ucf101,16,ohsinglora,2,2,,,85.7,,method_dataset_shot,6,data/result_new/results_logs_check_ohsinglora/ohsinglora_ucf101_16shot_lambda_o_0.03.log,DATA-0491,85.7,0.0,accuracy_match
num head scan ohsinglora,19,wide,fgvc,16,ohsinglora,4,1,,,54.49,,method_dataset_shot_config_filtered,1,data/result_scan_head/results_logs_scan_ohsinglora/ohsinglora_fgvc_16shot_R4_Head1.log,DATA-0537,54.49,0.0,accuracy_match
num head scan ohsinglora,19,wide,eurosat,16,ohsinglora,4,1,,,90.96,,method_dataset_shot_config_filtered,2,data/result_scan_head/results_logs_scan_ohsinglora/ohsinglora_eurosat_16shot_R4_Head1.log,DATA-0524,90.96,0.0,accuracy_match
num head scan ohsinglora,19,wide,food101,16,ohsinglora,4,1,,,85.19,,method_dataset_shot_config_filtered,1,data/result_scan_head/results_logs_scan_ohsinglora/ohsinglora_food101_16shot_R4_Head1.log,DATA-0550,85.19,0.0,accuracy_match
num head scan ohsinglora,19,wide,oxford_pets,16,ohsinglora,4,1,,,92.64,,method_dataset_shot_config_filtered,1,data/result_scan_head/results_logs_scan_ohsinglora/ohsinglora_oxford_pets_16shot_R4_Head1.log,DATA-0576,92.64,0.0,accuracy_match
num head scan ohsinglora,19,wide,oxford_flowers,16,ohsinglora,4,1,,,97.85,,method_dataset_shot_config_filtered,1,data/result_scan_head/results_logs_scan_ohsinglora/ohsinglora_oxford_flowers_16shot_R4_Head1.log,DATA-0563,97.85,0.0,accuracy_match
num head scan ohsinglora,19,wide,caltech101,16,ohsinglora,4,1,,,96.31,,method_dataset_shot_config_filtered,2,data/result_scan_head/results_logs_scan_ohsinglora/ohsinglora_caltech101_16shot_R4_Head1.log,DATA-0498,96.31,0.0,accuracy_match
num head scan ohsinglora,19,wide,dtd,16,ohsinglora,4,1,,,72.7,,method_dataset_shot_config_filtered,1,data/result_scan_head/results_logs_scan_ohsinglora/ohsinglora_dtd_16shot_R4_Head1.log,DATA-0511,72.7,0.0,accuracy_match
num head scan ohsinglora,19,wide,ucf101,16,ohsinglora,4,1,,,86.04,,method_dataset_shot_config_filtered,1,data/result_scan_head/results_logs_scan_ohsinglora/ohsinglora_ucf101_16shot_R4_Head1.log,DATA-0589,86.04,0.0,accuracy_match
num head scan ohsinglora,20,wide,fgvc,16,ohsinglora,4,2,,,55.51,,method_dataset_shot_config_filtered,1,data/result_scan_head/results_logs_scan_ohsinglora/ohsinglora_fgvc_16shot_R4_Head2.log,DATA-0538,55.51,0.0,accuracy_match
num head scan ohsinglora,20,wide,eurosat,16,ohsinglora,4,2,,,91.63,,method_dataset_shot_config_filtered,6,data/result_scan_head/results_logs_scan_ohsinglora/ohsinglora_eurosat_16shot_R4_Head2.log,DATA-0525,91.63,0.0,accuracy_match
num head scan ohsinglora,20,wide,food101,16,ohsinglora,4,2,,,84.65,,method_dataset_shot_config_filtered,1,data/result_scan_head/results_logs_scan_ohsinglora/ohsinglora_food101_16shot_R4_Head2.log,DATA-0551,84.65,0.0,accuracy_match
num head scan ohsinglora,20,wide,oxford_pets,16,ohsinglora,4,2,,,92.5,,method_dataset_shot_config_filtered,1,data/result_scan_head/results_logs_scan_ohsinglora/ohsinglora_oxford_pets_16shot_R4_Head2.log,DATA-0577,92.5,0.0,accuracy_match
num head scan ohsinglora,20,wide,oxford_flowers,16,ohsinglora,4,2,,,97.77,,method_dataset_shot_config_filtered,1,data/result_scan_head/results_logs_scan_ohsinglora/ohsinglora_oxford_flowers_16shot_R4_Head2.log,DATA-0564,97.77,0.0,accuracy_match
num head scan ohsinglora,20,wide,caltech101,16,ohsinglora,4,2,,,96.19,,method_dataset_shot_config_filtered,6,data/result_scan_head/results_logs_scan_ohsinglora/ohsinglora_caltech101_16shot_R4_Head2.log,DATA-0499,96.19,0.0,accuracy_match
num head scan ohsinglora,20,wide,dtd,16,ohsinglora,4,2,,,72.93,,method_dataset_shot_config_filtered,1,data/result_scan_head/results_logs_scan_ohsinglora/ohsinglora_dtd_16shot_R4_Head2.log,DATA-0512,72.93,0.0,accuracy_match
num head scan ohsinglora,20,wide,ucf101,16,ohsinglora,4,2,,,86.52,,method_dataset_shot_config_filtered,1,data/result_scan_head/results_logs_scan_ohsinglora/ohsinglora_ucf101_16shot_R4_Head2.log,DATA-0590,86.52,0.0,accuracy_match
num head scan ohsinglora,21,wide,fgvc,16,ohsinglora,4,4,,,56.17,,method_dataset_shot_config_filtered,1,data/result_scan_head/results_logs_scan_ohsinglora/ohsinglora_fgvc_16shot_R4_Head4.log,DATA-0539,56.17,0.0,accuracy_match
num head scan ohsinglora,21,wide,eurosat,16,ohsinglora,4,4,,,90.62,,method_dataset_shot_config_filtered,6,data/result_scan_head/results_logs_scan_ohsinglora/ohsinglora_eurosat_16shot_R4_Head4.log,DATA-0526,90.62,0.0,accuracy_match
num head scan ohsinglora,21,wide,food101,16,ohsinglora,4,4,,,85.07,,method_dataset_shot_config_filtered,1,data/result_scan_head/results_logs_scan_ohsinglora/ohsinglora_food101_16shot_R4_Head4.log,DATA-0552,85.07,0.0,accuracy_match
num head scan ohsinglora,21,wide,oxford_pets,16,ohsinglora,4,4,,,92.56,,method_dataset_shot_config_filtered,1,data/result_scan_head/results_logs_scan_ohsinglora/ohsinglora_oxford_pets_16shot_R4_Head4.log,DATA-0578,92.56,0.0,accuracy_match
num head scan ohsinglora,21,wide,oxford_flowers,16,ohsinglora,4,4,,,97.85,,method_dataset_shot_config_filtered,1,data/result_scan_head/results_logs_scan_ohsinglora/ohsinglora_oxford_flowers_16shot_R4_Head4.log,DATA-0565,97.85,0.0,accuracy_match
num head scan ohsinglora,21,wide,caltech101,16,ohsinglora,4,4,,,96.55,,method_dataset_shot_config_filtered,6,data/result_scan_head/results_logs_scan_ohsinglora/ohsinglora_caltech101_16shot_R4_Head4.log,DATA-0500,96.55,0.0,accuracy_match
num head scan ohsinglora,21,wide,dtd,16,ohsinglora,4,4,,,73.29,,method_dataset_shot_config_filtered,1,data/result_scan_head/results_logs_scan_ohsinglora/ohsinglora_dtd_16shot_R4_Head4.log,DATA-0513,73.29,0.0,accuracy_match
num head scan ohsinglora,21,wide,ucf101,16,ohsinglora,4,4,,,85.99,,method_dataset_shot_config_filtered,1,data/result_scan_head/results_logs_scan_ohsinglora/ohsinglora_ucf101_16shot_R4_Head4.log,DATA-0591,85.99,0.0,accuracy_match
Sensitivity,2,long,caltech101,1,ohsinglora,4,1,0.0,,93.83,ohsinglora_caltech101_1shot_R4_H1_Lo0.log,log_file_config_filtered,1,data/results_ablation_heads_lambda/ohsinglora_caltech101_1shot_R4_H1_Lo0.log,DATA-0852,93.83,0.0,accuracy_match
Sensitivity,3,long,caltech101,1,ohsinglora,4,2,0.0,,94.16,ohsinglora_caltech101_1shot_R4_H2_Lo0.log,log_file_config_filtered,1,data/results_ablation_heads_lambda/ohsinglora_caltech101_1shot_R4_H2_Lo0.log,DATA-0857,94.16,0.0,accuracy_match
Sensitivity,4,long,caltech101,1,ohsinglora,4,2,0.01,,94.16,ohsinglora_caltech101_1shot_R4_H2_Lo0.01.log,log_file_config_filtered,1,data/results_ablation_heads_lambda/ohsinglora_caltech101_1shot_R4_H2_Lo0.01.log,DATA-0853,94.16,0.0,accuracy_match
Sensitivity,5,long,caltech101,1,ohsinglora,4,2,0.03,,94.16,ohsinglora_caltech101_1shot_R4_H2_Lo0.03.log,log_file_config_filtered,1,data/results_ablation_heads_lambda/ohsinglora_caltech101_1shot_R4_H2_Lo0.03.log,DATA-0854,94.16,0.0,accuracy_match
Sensitivity,6,long,caltech101,1,ohsinglora,4,2,0.05,,94.16,ohsinglora_caltech101_1shot_R4_H2_Lo0.05.log,log_file_config_filtered,1,data/results_ablation_heads_lambda/ohsinglora_caltech101_1shot_R4_H2_Lo0.05.log,DATA-0855,94.16,0.0,accuracy_match
Sensitivity,7,long,caltech101,1,ohsinglora,4,2,0.1,,94.16,ohsinglora_caltech101_1shot_R4_H2_Lo0.1.log,log_file_config_filtered,1,data/results_ablation_heads_lambda/ohsinglora_caltech101_1shot_R4_H2_Lo0.1.log,DATA-0856,94.16,0.0,accuracy_match
Sensitivity,8,long,caltech101,1,ohsinglora,4,4,0.0,,94.0,ohsinglora_caltech101_1shot_R4_H4_Lo0.log,log_file_config_filtered,1,data/results_ablation_heads_lambda/ohsinglora_caltech101_1shot_R4_H4_Lo0.log,DATA-0862,94.0,0.0,accuracy_match
Sensitivity,9,long,caltech101,1,ohsinglora,4,4,0.01,,93.96,ohsinglora_caltech101_1shot_R4_H4_Lo0.01.log,log_file_config_filtered,1,data/results_ablation_heads_lambda/ohsinglora_caltech101_1shot_R4_H4_Lo0.01.log,DATA-0858,93.96,0.0,accuracy_match
Sensitivity,10,long,caltech101,1,ohsinglora,4,4,0.03,,94.0,ohsinglora_caltech101_1shot_R4_H4_Lo0.03.log,log_file_config_filtered,1,data/results_ablation_heads_lambda/ohsinglora_caltech101_1shot_R4_H4_Lo0.03.log,DATA-0859,94.0,0.0,accuracy_match
Sensitivity,11,long,caltech101,1,ohsinglora,4,4,0.05,,94.04,ohsinglora_caltech101_1shot_R4_H4_Lo0.05.log,log_file_config_filtered,1,data/results_ablation_heads_lambda/ohsinglora_caltech101_1shot_R4_H4_Lo0.05.log,DATA-0860,94.04,0.0,accuracy_match
Sensitivity,12,long,caltech101,1,ohsinglora,4,4,0.1,,94.0,ohsinglora_caltech101_1shot_R4_H4_Lo0.1.log,log_file_config_filtered,1,data/results_ablation_heads_lambda/ohsinglora_caltech101_1shot_R4_H4_Lo0.1.log,DATA-0861,94.0,0.0,accuracy_match
Sensitivity,13,long,eurosat,1,ohsinglora,4,1,0.0,,74.22,ohsinglora_eurosat_1shot_R4_H1_Lo0.log,log_file_config_filtered,1,data/results_ablation_heads_lambda/ohsinglora_eurosat_1shot_R4_H1_Lo0.log,DATA-0885,74.22,0.0,accuracy_match
Sensitivity,14,long,eurosat,1,ohsinglora,4,2,0.0,,73.27,ohsinglora_eurosat_1shot_R4_H2_Lo0.log,log_file_config_filtered,1,data/results_ablation_heads_lambda/ohsinglora_eurosat_1shot_R4_H2_Lo0.log,DATA-0890,73.27,0.0,accuracy_match
Sensitivity,15,long,eurosat,1,ohsinglora,4,2,0.01,,73.28,ohsinglora_eurosat_1shot_R4_H2_Lo0.01.log,log_file_config_filtered,1,data/results_ablation_heads_lambda/ohsinglora_eurosat_1shot_R4_H2_Lo0.01.log,DATA-0886,73.28,0.0,accuracy_match
Sensitivity,16,long,eurosat,1,ohsinglora,4,2,0.03,,73.2,ohsinglora_eurosat_1shot_R4_H2_Lo0.03.log,log_file_config_filtered,1,data/results_ablation_heads_lambda/ohsinglora_eurosat_1shot_R4_H2_Lo0.03.log,DATA-0887,73.2,0.0,accuracy_match
Sensitivity,17,long,eurosat,1,ohsinglora,4,2,0.05,,73.15,ohsinglora_eurosat_1shot_R4_H2_Lo0.05.log,log_file_config_filtered,1,data/results_ablation_heads_lambda/ohsinglora_eurosat_1shot_R4_H2_Lo0.05.log,DATA-0888,73.15,0.0,accuracy_match
Sensitivity,18,long,eurosat,1,ohsinglora,4,2,0.1,,72.86,ohsinglora_eurosat_1shot_R4_H2_Lo0.1.log,log_file_config_filtered,1,data/results_ablation_heads_lambda/ohsinglora_eurosat_1shot_R4_H2_Lo0.1.log,DATA-0889,72.86,0.0,accuracy_match
Sensitivity,19,long,eurosat,1,ohsinglora,4,4,0.0,,69.84,ohsinglora_eurosat_1shot_R4_H4_Lo0.log,log_file_config_filtered,1,data/results_ablation_heads_lambda/ohsinglora_eurosat_1shot_R4_H4_Lo0.log,DATA-0895,69.84,0.0,accuracy_match
Sensitivity,20,long,eurosat,1,ohsinglora,4,4,0.01,,70.28,ohsinglora_eurosat_1shot_R4_H4_Lo0.01.log,log_file_config_filtered,1,data/results_ablation_heads_lambda/ohsinglora_eurosat_1shot_R4_H4_Lo0.01.log,DATA-0891,70.28,0.0,accuracy_match
Sensitivity,21,long,eurosat,1,ohsinglora,4,4,0.03,,70.27,ohsinglora_eurosat_1shot_R4_H4_Lo0.03.log,log_file_config_filtered,1,data/results_ablation_heads_lambda/ohsinglora_eurosat_1shot_R4_H4_Lo0.03.log,DATA-0892,70.27,0.0,accuracy_match
Sensitivity,22,long,eurosat,1,ohsinglora,4,4,0.05,,70.35,ohsinglora_eurosat_1shot_R4_H4_Lo0.05.log,log_file_config_filtered,1,data/results_ablation_heads_lambda/ohsinglora_eurosat_1shot_R4_H4_Lo0.05.log,DATA-0893,70.35,0.0,accuracy_match
Sensitivity,23,long,eurosat,1,ohsinglora,4,4,0.1,,70.56,ohsinglora_eurosat_1shot_R4_H4_Lo0.1.log,log_file_config_filtered,1,data/results_ablation_heads_lambda/ohsinglora_eurosat_1shot_R4_H4_Lo0.1.log,DATA-0894,70.56,0.0,accuracy_match
Sensitivity,25,long,caltech101,4,ohsinglora,4,1,0.0,,95.5,ohsinglora_caltech101_4shot_R4_H1_Lo0.log,log_file_config_filtered,1,data/results_ablation_heads_lambda/ohsinglora_caltech101_4shot_R4_H1_Lo0.log,DATA-0863,95.5,0.0,accuracy_match
Sensitivity,26,long,caltech101,4,ohsinglora,4,2,0.0,,95.29,ohsinglora_caltech101_4shot_R4_H2_Lo0.log,log_file_config_filtered,1,data/results_ablation_heads_lambda/ohsinglora_caltech101_4shot_R4_H2_Lo0.log,DATA-0868,95.29,0.0,accuracy_match
Sensitivity,27,long,caltech101,4,ohsinglora,4,2,0.01,,95.29,ohsinglora_caltech101_4shot_R4_H2_Lo0.01.log,log_file_config_filtered,1,data/results_ablation_heads_lambda/ohsinglora_caltech101_4shot_R4_H2_Lo0.01.log,DATA-0864,95.29,0.0,accuracy_match
Sensitivity,28,long,caltech101,4,ohsinglora,4,2,0.03,,95.29,ohsinglora_caltech101_4shot_R4_H2_Lo0.03.log,log_file_config_filtered,1,data/results_ablation_heads_lambda/ohsinglora_caltech101_4shot_R4_H2_Lo0.03.log,DATA-0865,95.29,0.0,accuracy_match
Sensitivity,29,long,caltech101,4,ohsinglora,4,2,0.05,,95.33,ohsinglora_caltech101_4shot_R4_H2_Lo0.05.log,log_file_config_filtered,1,data/results_ablation_heads_lambda/ohsinglora_caltech101_4shot_R4_H2_Lo0.05.log,DATA-0866,95.33,0.0,accuracy_match
Sensitivity,30,long,caltech101,4,ohsinglora,4,2,0.1,,95.42,ohsinglora_caltech101_4shot_R4_H2_Lo0.1.log,log_file_config_filtered,1,data/results_ablation_heads_lambda/ohsinglora_caltech101_4shot_R4_H2_Lo0.1.log,DATA-0867,95.42,0.0,accuracy_match
Sensitivity,31,long,caltech101,4,ohsinglora,4,4,0.0,,95.38,ohsinglora_caltech101_4shot_R4_H4_Lo0.log,log_file_config_filtered,1,data/results_ablation_heads_lambda/ohsinglora_caltech101_4shot_R4_H4_Lo0.log,DATA-0873,95.38,0.0,accuracy_match
Sensitivity,32,long,caltech101,4,ohsinglora,4,4,0.01,,95.33,ohsinglora_caltech101_4shot_R4_H4_Lo0.01.log,log_file_config_filtered,1,data/results_ablation_heads_lambda/ohsinglora_caltech101_4shot_R4_H4_Lo0.01.log,DATA-0869,95.33,0.0,accuracy_match
Sensitivity,33,long,caltech101,4,ohsinglora,4,4,0.03,,95.25,ohsinglora_caltech101_4shot_R4_H4_Lo0.03.log,log_file_config_filtered,1,data/results_ablation_heads_lambda/ohsinglora_caltech101_4shot_R4_H4_Lo0.03.log,DATA-0870,95.25,0.0,accuracy_match
Sensitivity,34,long,caltech101,4,ohsinglora,4,4,0.05,,95.33,ohsinglora_caltech101_4shot_R4_H4_Lo0.05.log,log_file_config_filtered,1,data/results_ablation_heads_lambda/ohsinglora_caltech101_4shot_R4_H4_Lo0.05.log,DATA-0871,95.33,0.0,accuracy_match
Sensitivity,35,long,caltech101,4,ohsinglora,4,4,0.1,,95.42,ohsinglora_caltech101_4shot_R4_H4_Lo0.1.log,log_file_config_filtered,1,data/results_ablation_heads_lambda/ohsinglora_caltech101_4shot_R4_H4_Lo0.1.log,DATA-0872,95.42,0.0,accuracy_match
Sensitivity,36,long,eurosat,4,ohsinglora,4,1,0.0,,87.47,ohsinglora_eurosat_4shot_R4_H1_Lo0.log,log_file_config_filtered,1,data/results_ablation_heads_lambda/ohsinglora_eurosat_4shot_R4_H1_Lo0.log,DATA-0896,87.47,0.0,accuracy_match
Sensitivity,37,long,eurosat,4,ohsinglora,4,2,0.0,,88.07,ohsinglora_eurosat_4shot_R4_H2_Lo0.log,log_file_config_filtered,1,data/results_ablation_heads_lambda/ohsinglora_eurosat_4shot_R4_H2_Lo0.log,DATA-0901,88.07,0.0,accuracy_match
Sensitivity,38,long,eurosat,4,ohsinglora,4,2,0.01,,88.64,ohsinglora_eurosat_4shot_R4_H2_Lo0.01.log,log_file_config_filtered,1,data/results_ablation_heads_lambda/ohsinglora_eurosat_4shot_R4_H2_Lo0.01.log,DATA-0897,88.64,0.0,accuracy_match
Sensitivity,39,long,eurosat,4,ohsinglora,4,2,0.03,,88.57,ohsinglora_eurosat_4shot_R4_H2_Lo0.03.log,log_file_config_filtered,1,data/results_ablation_heads_lambda/ohsinglora_eurosat_4shot_R4_H2_Lo0.03.log,DATA-0898,88.57,0.0,accuracy_match
Sensitivity,40,long,eurosat,4,ohsinglora,4,2,0.05,,88.59,ohsinglora_eurosat_4shot_R4_H2_Lo0.05.log,log_file_config_filtered,1,data/results_ablation_heads_lambda/ohsinglora_eurosat_4shot_R4_H2_Lo0.05.log,DATA-0899,88.59,0.0,accuracy_match
Sensitivity,41,long,eurosat,4,ohsinglora,4,2,0.1,,88.52,ohsinglora_eurosat_4shot_R4_H2_Lo0.1.log,log_file_config_filtered,1,data/results_ablation_heads_lambda/ohsinglora_eurosat_4shot_R4_H2_Lo0.1.log,DATA-0900,88.52,0.0,accuracy_match
Sensitivity,42,long,eurosat,4,ohsinglora,4,4,0.0,,87.6,ohsinglora_eurosat_4shot_R4_H4_Lo0.log,log_file_config_filtered,1,data/results_ablation_heads_lambda/ohsinglora_eurosat_4shot_R4_H4_Lo0.log,DATA-0906,87.6,0.0,accuracy_match
Sensitivity,43,long,eurosat,4,ohsinglora,4,4,0.01,,87.83,ohsinglora_eurosat_4shot_R4_H4_Lo0.01.log,log_file_config_filtered,1,data/results_ablation_heads_lambda/ohsinglora_eurosat_4shot_R4_H4_Lo0.01.log,DATA-0902,87.83,0.0,accuracy_match
Sensitivity,44,long,eurosat,4,ohsinglora,4,4,0.03,,87.86,ohsinglora_eurosat_4shot_R4_H4_Lo0.03.log,log_file_config_filtered,1,data/results_ablation_heads_lambda/ohsinglora_eurosat_4shot_R4_H4_Lo0.03.log,DATA-0903,87.86,0.0,accuracy_match
Sensitivity,45,long,eurosat,4,ohsinglora,4,4,0.05,,87.8,ohsinglora_eurosat_4shot_R4_H4_Lo0.05.log,log_file_config_filtered,1,data/results_ablation_heads_lambda/ohsinglora_eurosat_4shot_R4_H4_Lo0.05.log,DATA-0904,87.8,0.0,accuracy_match
Sensitivity,46,long,eurosat,4,ohsinglora,4,4,0.1,,87.51,ohsinglora_eurosat_4shot_R4_H4_Lo0.1.log,log_file_config_filtered,1,data/results_ablation_heads_lambda/ohsinglora_eurosat_4shot_R4_H4_Lo0.1.log,DATA-0905,87.51,0.0,accuracy_match
Sensitivity,48,long,caltech101,16,ohsinglora,4,1,0.0,,96.35,ohsinglora_caltech101_16shot_R4_H1_Lo0.log,log_file_config_filtered,1,data/results_ablation_heads_lambda/ohsinglora_caltech101_16shot_R4_H1_Lo0.log,DATA-0841,96.35,0.0,accuracy_match
Sensitivity,49,long,caltech101,16,ohsinglora,4,2,0.0,,96.27,ohsinglora_caltech101_16shot_R4_H2_Lo0.log,log_file_config_filtered,1,data/results_ablation_heads_lambda/ohsinglora_caltech101_16shot_R4_H2_Lo0.log,DATA-0846,96.27,0.0,accuracy_match
Sensitivity,50,long,caltech101,16,ohsinglora,4,2,0.01,,96.27,ohsinglora_caltech101_16shot_R4_H2_Lo0.01.log,log_file_config_filtered,1,data/results_ablation_heads_lambda/ohsinglora_caltech101_16shot_R4_H2_Lo0.01.log,DATA-0842,96.27,0.0,accuracy_match
Sensitivity,51,long,caltech101,16,ohsinglora,4,2,0.03,,96.15,ohsinglora_caltech101_16shot_R4_H2_Lo0.03.log,log_file_config_filtered,1,data/results_ablation_heads_lambda/ohsinglora_caltech101_16shot_R4_H2_Lo0.03.log,DATA-0843,96.15,0.0,accuracy_match
Sensitivity,52,long,caltech101,16,ohsinglora,4,2,0.05,,96.15,ohsinglora_caltech101_16shot_R4_H2_Lo0.05.log,log_file_config_filtered,1,data/results_ablation_heads_lambda/ohsinglora_caltech101_16shot_R4_H2_Lo0.05.log,DATA-0844,96.15,0.0,accuracy_match
Sensitivity,53,long,caltech101,16,ohsinglora,4,2,0.1,,96.15,ohsinglora_caltech101_16shot_R4_H2_Lo0.1.log,log_file_config_filtered,1,data/results_ablation_heads_lambda/ohsinglora_caltech101_16shot_R4_H2_Lo0.1.log,DATA-0845,96.15,0.0,accuracy_match
Sensitivity,54,long,caltech101,16,ohsinglora,4,4,0.0,,96.43,ohsinglora_caltech101_16shot_R4_H4_Lo0.log,log_file_config_filtered,1,data/results_ablation_heads_lambda/ohsinglora_caltech101_16shot_R4_H4_Lo0.log,DATA-0851,96.43,0.0,accuracy_match
Sensitivity,55,long,caltech101,16,ohsinglora,4,4,0.01,,96.51,ohsinglora_caltech101_16shot_R4_H4_Lo0.01.log,log_file_config_filtered,1,data/results_ablation_heads_lambda/ohsinglora_caltech101_16shot_R4_H4_Lo0.01.log,DATA-0847,96.51,0.0,accuracy_match
Sensitivity,56,long,caltech101,16,ohsinglora,4,4,0.03,,96.55,ohsinglora_caltech101_16shot_R4_H4_Lo0.03.log,log_file_config_filtered,1,data/results_ablation_heads_lambda/ohsinglora_caltech101_16shot_R4_H4_Lo0.03.log,DATA-0848,96.55,0.0,accuracy_match
Sensitivity,57,long,caltech101,16,ohsinglora,4,4,0.05,,96.55,ohsinglora_caltech101_16shot_R4_H4_Lo0.05.log,log_file_config_filtered,1,data/results_ablation_heads_lambda/ohsinglora_caltech101_16shot_R4_H4_Lo0.05.log,DATA-0849,96.55,0.0,accuracy_match
Sensitivity,58,long,caltech101,16,ohsinglora,4,4,0.1,,96.47,ohsinglora_caltech101_16shot_R4_H4_Lo0.1.log,log_file_config_filtered,1,data/results_ablation_heads_lambda/ohsinglora_caltech101_16shot_R4_H4_Lo0.1.log,DATA-0850,96.47,0.0,accuracy_match
Sensitivity,59,long,eurosat,16,ohsinglora,4,1,0.0,,91.01,ohsinglora_eurosat_16shot_R4_H1_Lo0.log,log_file_config_filtered,1,data/results_ablation_heads_lambda/ohsinglora_eurosat_16shot_R4_H1_Lo0.log,DATA-0874,91.01,0.0,accuracy_match
Sensitivity,60,long,eurosat,16,ohsinglora,4,2,0.0,,91.27,ohsinglora_eurosat_16shot_R4_H2_Lo0.log,log_file_config_filtered,1,data/results_ablation_heads_lambda/ohsinglora_eurosat_16shot_R4_H2_Lo0.log,DATA-0879,91.27,0.0,accuracy_match
Sensitivity,61,long,eurosat,16,ohsinglora,4,2,0.01,,91.44,ohsinglora_eurosat_16shot_R4_H2_Lo0.01.log,log_file_config_filtered,1,data/results_ablation_heads_lambda/ohsinglora_eurosat_16shot_R4_H2_Lo0.01.log,DATA-0875,91.44,0.0,accuracy_match
Sensitivity,62,long,eurosat,16,ohsinglora,4,2,0.03,,91.41,ohsinglora_eurosat_16shot_R4_H2_Lo0.03.log,log_file_config_filtered,1,data/results_ablation_heads_lambda/ohsinglora_eurosat_16shot_R4_H2_Lo0.03.log,DATA-0876,91.41,0.0,accuracy_match
Sensitivity,63,long,eurosat,16,ohsinglora,4,2,0.05,,91.54,ohsinglora_eurosat_16shot_R4_H2_Lo0.05.log,log_file_config_filtered,1,data/results_ablation_heads_lambda/ohsinglora_eurosat_16shot_R4_H2_Lo0.05.log,DATA-0877,91.54,0.0,accuracy_match
Sensitivity,64,long,eurosat,16,ohsinglora,4,2,0.1,,91.46,ohsinglora_eurosat_16shot_R4_H2_Lo0.1.log,log_file_config_filtered,1,data/results_ablation_heads_lambda/ohsinglora_eurosat_16shot_R4_H2_Lo0.1.log,DATA-0878,91.46,0.0,accuracy_match
Sensitivity,65,long,eurosat,16,ohsinglora,4,4,0.0,,90.74,ohsinglora_eurosat_16shot_R4_H4_Lo0.log,log_file_config_filtered,1,data/results_ablation_heads_lambda/ohsinglora_eurosat_16shot_R4_H4_Lo0.log,DATA-0884,90.74,0.0,accuracy_match
Sensitivity,66,long,eurosat,16,ohsinglora,4,4,0.01,,90.64,ohsinglora_eurosat_16shot_R4_H4_Lo0.01.log,log_file_config_filtered,1,data/results_ablation_heads_lambda/ohsinglora_eurosat_16shot_R4_H4_Lo0.01.log,DATA-0880,90.64,0.0,accuracy_match
Sensitivity,67,long,eurosat,16,ohsinglora,4,4,0.03,,90.59,ohsinglora_eurosat_16shot_R4_H4_Lo0.03.log,log_file_config_filtered,1,data/results_ablation_heads_lambda/ohsinglora_eurosat_16shot_R4_H4_Lo0.03.log,DATA-0881,90.59,0.0,accuracy_match
Sensitivity,68,long,eurosat,16,ohsinglora,4,4,0.05,,90.48,ohsinglora_eurosat_16shot_R4_H4_Lo0.05.log,log_file_config_filtered,1,data/results_ablation_heads_lambda/ohsinglora_eurosat_16shot_R4_H4_Lo0.05.log,DATA-0882,90.48,0.0,accuracy_match
Sensitivity,69,long,eurosat,16,ohsinglora,4,4,0.1,,90.65,ohsinglora_eurosat_16shot_R4_H4_Lo0.1.log,log_file_config_filtered,1,data/results_ablation_heads_lambda/ohsinglora_eurosat_16shot_R4_H4_Lo0.1.log,DATA-0883,90.65,0.0,accuracy_match
Dynamic Gating loss,2,long,fgvc,1,,,,,,27.96,,,0,,,,,no_matching_log
Dynamic Gating loss,3,long,fgvc,1,,,,,,28.02,,,0,,,,,no_matching_log
Dynamic Gating loss,4,long,fgvc,1,,,,,,27.81,,,0,,,,,no_matching_log
Dynamic Gating loss,5,long,fgvc,1,,,,,,27.78,,,0,,,,,no_matching_log
Dynamic Gating loss,6,long,fgvc,1,,,,,,28.14,,,0,,,,,no_matching_log
Dynamic Gating loss,7,long,fgvc,1,,,,,,28.11,,,0,,,,,no_matching_log
Dynamic Gating loss,8,long,fgvc,1,,,,,,28.17,,,0,,,,,no_matching_log
Dynamic Gating loss,9,long,fgvc,1,,,,,,27.99,,,0,,,,,no_matching_log
Dynamic Gating loss,10,long,fgvc,1,,,,,,27.96,,,0,,,,,no_matching_log
Dynamic Gating loss,11,long,food101,1,,,,,,85.82,,,0,,,,,no_matching_log
Dynamic Gating loss,12,long,food101,1,,,,,,85.83,,,0,,,,,no_matching_log
Dynamic Gating loss,13,long,food101,1,,,,,,85.84,,,0,,,,,no_matching_log
Dynamic Gating loss,14,long,food101,1,,,,,,85.87,,,0,,,,,no_matching_log
Dynamic Gating loss,15,long,food101,1,,,,,,85.88,,,0,,,,,no_matching_log
Dynamic Gating loss,16,long,food101,1,,,,,,85.87,,,0,,,,,no_matching_log
Dynamic Gating loss,17,long,food101,1,,,,,,85.85,,,0,,,,,no_matching_log
Dynamic Gating loss,18,long,food101,1,,,,,,85.86,,,0,,,,,no_matching_log
Dynamic Gating loss,19,long,food101,1,,,,,,85.86,,,0,,,,,no_matching_log
Dynamic Gating loss,20,long,dtd,1,,,,,,52.19,,,0,,,,,no_matching_log
Dynamic Gating loss,21,long,dtd,1,,,,,,52.3,,,0,,,,,no_matching_log
Dynamic Gating loss,22,long,dtd,1,,,,,,52.19,,,0,,,,,no_matching_log
Dynamic Gating loss,23,long,dtd,1,,,,,,52.19,,,0,,,,,no_matching_log
Dynamic Gating loss,24,long,dtd,1,,,,,,52.36,,,0,,,,,no_matching_log
Dynamic Gating loss,25,long,dtd,1,,,,,,52.19,,,0,,,,,no_matching_log
Dynamic Gating loss,26,long,dtd,1,,,,,,52.19,,,0,,,,,no_matching_log
Dynamic Gating loss,27,long,dtd,1,,,,,,52.13,,,0,,,,,no_matching_log
Dynamic Gating loss,28,long,dtd,1,,,,,,51.95,,,0,,,,,no_matching_log
Dynamic Gating loss,29,long,caltech101,1,,,,,,93.91,,,0,,,,,no_matching_log
Dynamic Gating loss,30,long,caltech101,1,,,,,,93.91,,,0,,,,,no_matching_log
Dynamic Gating loss,31,long,caltech101,1,,,,,,93.96,,,0,,,,,no_matching_log
Dynamic Gating loss,32,long,caltech101,1,,,,,,93.87,,,0,,,,,no_matching_log
Dynamic Gating loss,33,long,caltech101,1,,,,,,93.91,,,0,,,,,no_matching_log
Dynamic Gating loss,34,long,caltech101,1,,,,,,93.91,,,0,,,,,no_matching_log
Dynamic Gating loss,35,long,caltech101,1,,,,,,93.91,,,0,,,,,no_matching_log
Dynamic Gating loss,36,long,caltech101,1,,,,,,94.0,,,0,,,,,no_matching_log
Dynamic Gating loss,37,long,caltech101,1,,,,,,93.96,,,0,,,,,no_matching_log
scaning rank and alpha,2,wide,fgvc,1,lora,,,,,30.2,,method_dataset_shot,7,data/result_scan_loss/results_logs_loss_lora/lora_fgvc_1shot_ce_maxent_LAMBDA_O0.03.log,DATA-0688,28.92,1.2799999999999976,accuracy_mismatch
scaning rank and alpha,2,wide,eurosat,1,lora,,,,,72.3,,method_dataset_shot,7,data/result_scan_loss/results_logs_loss_lora/lora_eurosat_1shot_ce_maxent_LAMBDA_O0.03.log,DATA-0676,71.95,0.3499999999999943,accuracy_mismatch
scaning rank and alpha,2,wide,food101,1,lora,,,,,84.3,,method_dataset_shot,7,data/result_scan_loss/results_logs_loss_lora/lora_food101_1shot_ce_ls_LAMBDA_O0.03.log,DATA-0699,84.56,0.2600000000000051,accuracy_mismatch
scaning rank and alpha,2,wide,oxford_pets,1,lora,,,,,92.3,,method_dataset_shot,7,data/result_scan_loss/results_logs_loss_lora/lora_oxford_pets_1shot_ce_maxent_LAMBDA_O0.03.log,DATA-0724,91.91,0.39000000000000057,accuracy_mismatch
scaning rank and alpha,2,wide,oxford_flowers,1,lora,,,,,83.2,,method_dataset_shot,7,data/result_new/results_logs_check_lora/lora_oxford_flowers_1shot.log,DATA-0472,83.35,0.14999999999999147,accuracy_mismatch
scaning rank and alpha,2,wide,caltech101,1,lora,,,,,93.7,,method_dataset_shot,7,data/result_scan_loss/results_logs_loss_lora/lora_caltech101_1shot_ce_maxent_LAMBDA_O0.03.log,DATA-0652,93.71,0.009999999999990905,accuracy_match
scaning rank and alpha,2,wide,dtd,1,lora,,,,,54.3,,method_dataset_shot,7,data/result_scan_loss/results_logs_loss_lora/lora_dtd_1shot_ce_maxent_LAMBDA_O0.03.log,DATA-0664,54.2,0.09999999999999432,accuracy_mismatch
scaning rank and alpha,2,wide,ucf101,1,lora,,,,,76.3,,method_dataset_shot,7,data/result_new/results_logs_check_lora/lora_ucf101_1shot.log,DATA-0476,76.29,0.009999999999990905,accuracy_match
scaning rank and alpha,3,wide,fgvc,1,singlora,2,,,,29.1,,method_dataset_shot,5,data/old_result/results_logs_singlora/singlora_fgvc_1shot.log,DATA-0395,29.19,0.08999999999999986,accuracy_mismatch
scaning rank and alpha,3,wide,eurosat,1,singlora,2,,,,73.58,,method_dataset_shot,5,data/old_result/results_logs_singlora/singlora_eurosat_1shot.log,DATA-0383,73.49,0.09000000000000341,accuracy_mismatch
scaning rank and alpha,3,wide,food101,1,singlora,2,,,,85.75,,method_dataset_shot,5,data/old_result/results_logs_singlora/singlora_food101_1shot.log,DATA-0406,85.6,0.15000000000000568,accuracy_mismatch
scaning rank and alpha,3,wide,oxford_pets,1,singlora,2,,,,92.61,,method_dataset_shot,5,data/old_result/results_logs_singlora/singlora_oxford_pets_1shot.log,DATA-0428,92.64,0.030000000000001137,accuracy_mismatch
scaning rank and alpha,3,wide,oxford_flowers,1,singlora,2,,,,81.4,,method_dataset_shot,5,data/old_result/results_logs_singlora/singlora_oxford_flowers_1shot.log,DATA-0417,81.2,0.20000000000000284,accuracy_mismatch
scaning rank and alpha,3,wide,caltech101,1,singlora,2,,,,93.87,,method_dataset_shot,5,data/old_result/results_logs_singlora/singlora_caltech101_1shot_r4_a8.log,DATA-0360,93.87,0.0,accuracy_match
scaning rank and alpha,3,wide,dtd,1,singlora,2,,,,53.37,,method_dataset_shot,5,data/old_result/results_logs_singlora/singlora_dtd_1shot.log,DATA-0371,53.37,0.0,accuracy_match
scaning rank and alpha,3,wide,ucf101,1,singlora,2,,,,75.47,,method_dataset_shot,5,data/old_result/results_logs_singlora/singlora_ucf101_1shot.log,DATA-0439,75.81,0.3400000000000034,accuracy_mismatch
scaning rank and alpha,4,wide,fgvc,1,singlora,4,,,,30.12,,method_dataset_shot_config_filtered,4,data/old_result/results_logs_singlora/singlora_fgvc_1shot_r4_a1.log,DATA-0396,30.12,0.0,accuracy_match
scaning rank and alpha,4,wide,eurosat,1,singlora,4,,,,73.74,,method_dataset_shot_config_filtered,4,data/old_result/results_logs_singlora/singlora_eurosat_1shot_r4_a1.log,DATA-0384,73.74,0.0,accuracy_match
scaning rank and alpha,4,wide,food101,1,singlora,4,,,,85.03,,method_dataset_shot_config_filtered,4,data/old_result/results_logs_singlora/singlora_food101_1shot_r4_a1.log,DATA-0407,85.03,0.0,accuracy_match
scaning rank and alpha,4,wide,oxford_pets,1,singlora,4,,,,92.7,,method_dataset_shot_config_filtered,4,data/old_result/results_logs_singlora/singlora_oxford_pets_1shot_r4_a1.log,DATA-0429,92.7,0.0,accuracy_match
scaning rank and alpha,4,wide,oxford_flowers,1,singlora,4,,,,82.62,,method_dataset_shot_config_filtered,4,data/old_result/results_logs_singlora/singlora_oxford_flowers_1shot_r4_a1.log,DATA-0418,82.62,0.0,accuracy_match
scaning rank and alpha,4,wide,caltech101,1,singlora,4,,,,94.08,,method_dataset_shot_config_filtered,4,data/old_result/results_logs_singlora/singlora_caltech101_1shot_r4_a1.log,DATA-0357,94.08,0.0,accuracy_match
scaning rank and alpha,4,wide,dtd,1,singlora,4,,,,55.38,,method_dataset_shot_config_filtered,4,data/old_result/results_logs_singlora/singlora_dtd_1shot_r4_a1.log,DATA-0372,55.38,0.0,accuracy_match
scaning rank and alpha,4,wide,ucf101,1,singlora,4,,,,76.58,,method_dataset_shot_config_filtered,4,data/old_result/results_logs_singlora/singlora_ucf101_1shot_r4_a1.log,DATA-0440,76.58,0.0,accuracy_match
scaning rank and alpha,5,wide,fgvc,1,singlora,4,,,,29.82,,method_dataset_shot_config_filtered,4,data/old_result/results_logs_singlora/singlora_fgvc_1shot_r4_a2.log,DATA-0398,29.82,0.0,accuracy_match
scaning rank and alpha,5,wide,eurosat,1,singlora,4,,,,72.23,,method_dataset_shot_config_filtered,4,data/old_result/results_logs_singlora/singlora_eurosat_1shot_r4_a2.log,DATA-0386,72.23,0.0,accuracy_match
scaning rank and alpha,5,wide,food101,1,singlora,4,,,,84.49,,method_dataset_shot_config_filtered,4,data/old_result/results_logs_singlora/singlora_food101_1shot_r4_a2.log,DATA-0409,84.49,0.0,accuracy_match
scaning rank and alpha,5,wide,oxford_pets,1,singlora,4,,,,91.82,,method_dataset_shot_config_filtered,4,data/old_result/results_logs_singlora/singlora_oxford_pets_1shot_r4_a2.log,DATA-0431,91.82,0.0,accuracy_match
scaning rank and alpha,5,wide,oxford_flowers,1,singlora,4,,,,83.96,,method_dataset_shot_config_filtered,4,data/old_result/results_logs_singlora/singlora_oxford_flowers_1shot_r4_a2.log,DATA-0420,83.96,0.0,accuracy_match
scaning rank and alpha,5,wide,caltech101,1,singlora,4,,,,93.83,,method_dataset_shot_config_filtered,4,data/old_result/results_logs_singlora/singlora_caltech101_1shot_r4_a2.log,DATA-0359,93.83,0.0,accuracy_match
scaning rank and alpha,5,wide,dtd,1,singlora,4,,,,55.2,,method_dataset_shot_config_filtered,4,data/old_result/results_logs_singlora/singlora_dtd_1shot_r4_a2.log,DATA-0374,55.2,0.0,accuracy_match
scaning rank and alpha,5,wide,ucf101,1,singlora,4,,,,76.26,,method_dataset_shot_config_filtered,4,data/old_result/results_logs_singlora/singlora_ucf101_1shot_r4_a2.log,DATA-0442,76.26,0.0,accuracy_match
scaning rank and alpha,6,wide,fgvc,1,singlora,4,,,,25.71,,method_dataset_shot_config_filtered,4,data/old_result/results_logs_singlora/singlora_fgvc_1shot_r4_a8.log,DATA-0399,25.71,0.0,accuracy_match
scaning rank and alpha,6,wide,eurosat,1,singlora,4,,,,63.19,,method_dataset_shot_config_filtered,4,data/old_result/results_logs_singlora/singlora_eurosat_1shot_r4_a8.log,DATA-0387,63.19,0.0,accuracy_match
scaning rank and alpha,6,wide,food101,1,singlora,4,,,,81.53,,method_dataset_shot_config_filtered,4,data/old_result/results_logs_singlora/singlora_food101_1shot_r4_a8.log,DATA-0410,81.53,0.0,accuracy_match
scaning rank and alpha,6,wide,oxford_pets,1,singlora,4,,,,88.17,,method_dataset_shot_config_filtered,4,data/old_result/results_logs_singlora/singlora_oxford_pets_1shot_r4_a8.log,DATA-0432,88.17,0.0,accuracy_match
scaning rank and alpha,6,wide,oxford_flowers,1,singlora,4,,,,84.25,,method_dataset_shot_config_filtered,4,data/old_result/results_logs_singlora/singlora_oxford_flowers_1shot_r4_a8.log,DATA-0421,84.25,0.0,accuracy_match
scaning rank and alpha,6,wide,caltech101,1,singlora,4,,,,93.87,,method_dataset_shot_config_filtered,4,data/old_result/results_logs_singlora/singlora_caltech101_1shot_r4_a8.log,DATA-0360,93.87,0.0,accuracy_match
scaning rank and alpha,6,wide,dtd,1,singlora,4,,,,53.49,,method_dataset_shot_config_filtered,4,data/old_result/results_logs_singlora/singlora_dtd_1shot_r4_a8.log,DATA-0375,53.49,0.0,accuracy_match
scaning rank and alpha,6,wide,ucf101,1,singlora,4,,,,72.77,,method_dataset_shot_config_filtered,4,data/old_result/results_logs_singlora/singlora_ucf101_1shot_r4_a8.log,DATA-0443,72.77,0.0,accuracy_match
scaning rank and alpha,7,wide,fgvc,1,singlora,4,,,,22.71,,method_dataset_shot_config_filtered,4,data/old_result/results_logs_singlora/singlora_fgvc_1shot_r4_a16.log,DATA-0397,22.71,0.0,accuracy_match
scaning rank and alpha,7,wide,eurosat,1,singlora,4,,,,60.54,,method_dataset_shot_config_filtered,4,data/old_result/results_logs_singlora/singlora_eurosat_1shot_r4_a16.log,DATA-0385,60.54,0.0,accuracy_match
scaning rank and alpha,7,wide,food101,1,singlora,4,,,,78.94,,method_dataset_shot_config_filtered,4,data/old_result/results_logs_singlora/singlora_food101_1shot_r4_a16.log,DATA-0408,78.94,0.0,accuracy_match
scaning rank and alpha,7,wide,oxford_pets,1,singlora,4,,,,84.9,,method_dataset_shot_config_filtered,4,data/old_result/results_logs_singlora/singlora_oxford_pets_1shot_r4_a16.log,DATA-0430,84.9,0.0,accuracy_match
scaning rank and alpha,7,wide,oxford_flowers,1,singlora,4,,,,83.15,,method_dataset_shot_config_filtered,4,data/old_result/results_logs_singlora/singlora_oxford_flowers_1shot_r4_a16.log,DATA-0419,83.15,0.0,accuracy_match
scaning rank and alpha,7,wide,caltech101,1,singlora,4,,,,93.23,,method_dataset_shot_config_filtered,4,data/old_result/results_logs_singlora/singlora_caltech101_1shot_r4_a16.log,DATA-0358,93.23,0.0,accuracy_match
scaning rank and alpha,7,wide,dtd,1,singlora,4,,,,52.6,,method_dataset_shot_config_filtered,4,data/old_result/results_logs_singlora/singlora_dtd_1shot_r4_a16.log,DATA-0373,52.6,0.0,accuracy_match
scaning rank and alpha,7,wide,ucf101,1,singlora,4,,,,70.53,,method_dataset_shot_config_filtered,4,data/old_result/results_logs_singlora/singlora_ucf101_1shot_r4_a16.log,DATA-0441,70.53,0.0,accuracy_match
scaning rank and alpha,9,wide,fgvc,1,gmhsinglora,2,2,,,29.73,,method_dataset_shot,8,data/old_result/results_logs_gmhsinglora/gmhsinglora_fgvc_1shot.log,DATA-0211,29.73,0.0,accuracy_match
scaning rank and alpha,9,wide,eurosat,1,gmhsinglora,2,2,,,72.77,,method_dataset_shot,8,data/old_result/results_logs_gmhsinglora/gmhsinglora_eurosat_1shot.log,DATA-0195,72.77,0.0,accuracy_match
scaning rank and alpha,9,wide,food101,1,gmhsinglora,2,2,,,85.31,,method_dataset_shot,8,data/old_result/results_logs_gmhsinglora/gmhsinglora_food101_1shot.log,DATA-0227,85.31,0.0,accuracy_match
scaning rank and alpha,9,wide,oxford_pets,1,gmhsinglora,2,2,,,92.5,,method_dataset_shot,8,data/old_result/results_logs_gmhsinglora/gmhsinglora_oxford_pets_1shot.log,DATA-0259,92.5,0.0,accuracy_match
scaning rank and alpha,9,wide,oxford_flowers,1,gmhsinglora,2,2,,,82.87,,method_dataset_shot,8,data/old_result/results_logs_gmhsinglora/gmhsinglora_oxford_flowers_1shot.log,DATA-0243,82.87,0.0,accuracy_match
scaning rank and alpha,9,wide,caltech101,1,gmhsinglora,2,2,,,94.2,,method_dataset_shot,8,data/old_result/results_logs_gmhsinglora/gmhsinglora_caltech101_1shot.log,DATA-0163,94.2,0.0,accuracy_match
scaning rank and alpha,9,wide,dtd,1,gmhsinglora,2,2,,,55.32,,method_dataset_shot,8,data/old_result/results_logs_gmhsinglora/gmhsinglora_dtd_1shot.log,DATA-0179,55.32,0.0,accuracy_match
scaning rank and alpha,9,wide,ucf101,1,gmhsinglora,2,2,,,75.6,,method_dataset_shot,8,data/old_result/results_logs_gmhsinglora/gmhsinglora_ucf101_1shot.log,DATA-0275,75.6,0.0,accuracy_match
scaning rank and alpha,10,wide,fgvc,1,gmhsinglora,4,2,,,29.55,,method_dataset_shot,8,data/old_result/results_logs_gmhsinglora/gmhsinglora_fgvc_1shot_r4_a1.log,DATA-0215,29.55,0.0,accuracy_match
scaning rank and alpha,10,wide,eurosat,1,gmhsinglora,4,2,,,73.3,,method_dataset_shot,8,data/old_result/results_logs_gmhsinglora/gmhsinglora_eurosat_1shot_heads2.log,DATA-0197,73.3,0.0,accuracy_match
scaning rank and alpha,10,wide,food101,1,gmhsinglora,4,2,,,85.58,,method_dataset_shot,8,data/old_result/results_logs_gmhsinglora/gmhsinglora_food101_1shot_heads2.log,DATA-0229,85.58,0.0,accuracy_match
scaning rank and alpha,10,wide,oxford_pets,1,gmhsinglora,4,2,,,92.64,,method_dataset_shot,8,data/old_result/results_logs_gmhsinglora/gmhsinglora_oxford_pets_1shot_heads2.log,DATA-0261,92.64,0.0,accuracy_match
scaning rank and alpha,10,wide,oxford_flowers,1,gmhsinglora,4,2,,,83.31,,method_dataset_shot,8,data/old_result/results_logs_gmhsinglora/gmhsinglora_oxford_flowers_1shot_r4_a1.log,DATA-0247,83.31,0.0,accuracy_match
scaning rank and alpha,10,wide,caltech101,1,gmhsinglora,4,2,,,94.16,,method_dataset_shot,8,data/old_result/results_logs_gmhsinglora/gmhsinglora_caltech101_1shot_heads2.log,DATA-0165,94.16,0.0,accuracy_match
scaning rank and alpha,10,wide,dtd,1,gmhsinglora,4,2,,,53.72,,method_dataset_shot,8,data/old_result/results_logs_gmhsinglora/gmhsinglora_dtd_1shot_r4_a1.log,DATA-0183,53.72,0.0,accuracy_match
scaning rank and alpha,10,wide,ucf101,1,gmhsinglora,4,2,,,76.08,,method_dataset_shot,8,data/old_result/results_logs_gmhsinglora/gmhsinglora_ucf101_1shot_heads2.log,DATA-0277,76.08,0.0,accuracy_match
scaning rank and alpha,11,wide,fgvc,1,gmhsinglora,4,2,,,28.38,,method_dataset_shot,8,data/old_result/results_logs_gmhsinglora/gmhsinglora_fgvc_1shot_r4_a2.log,DATA-0217,28.38,0.0,accuracy_match
scaning rank and alpha,11,wide,eurosat,1,gmhsinglora,4,2,,,71.07,,method_dataset_shot,8,data/old_result/results_logs_gmhsinglora/gmhsinglora_eurosat_1shot_r4_a2.log,DATA-0201,71.07,0.0,accuracy_match
scaning rank and alpha,11,wide,food101,1,gmhsinglora,4,2,,,84.9,,method_dataset_shot,8,data/old_result/results_logs_gmhsinglora/gmhsinglora_food101_1shot_r4_a2.log,DATA-0233,84.9,0.0,accuracy_match
scaning rank and alpha,11,wide,oxford_pets,1,gmhsinglora,4,2,,,91.41,,method_dataset_shot,8,data/old_result/results_logs_gmhsinglora/gmhsinglora_oxford_pets_1shot.log,DATA-0259,92.5,1.0900000000000034,accuracy_mismatch
scaning rank and alpha,11,wide,oxford_flowers,1,gmhsinglora,4,2,,,84.77,,method_dataset_shot,8,data/old_result/results_logs_gmhsinglora/gmhsinglora_oxford_flowers_1shot_r4_a2.log,DATA-0249,84.77,0.0,accuracy_match
scaning rank and alpha,11,wide,caltech101,1,gmhsinglora,4,2,,,93.83,,method_dataset_shot,8,data/old_result/results_logs_gmhsinglora/gmhsinglora_caltech101_1shot_r4_a2.log,DATA-0169,93.83,0.0,accuracy_match
scaning rank and alpha,11,wide,dtd,1,gmhsinglora,4,2,,,53.13,,method_dataset_shot,8,data/old_result/results_logs_gmhsinglora/gmhsinglora_dtd_1shot_r4_a2.log,DATA-0185,53.13,0.0,accuracy_match
scaning rank and alpha,11,wide,ucf101,1,gmhsinglora,4,2,,,75.92,,method_dataset_shot,8,data/old_result/results_logs_gmhsinglora/gmhsinglora_ucf101_1shot_r4_a2.log,DATA-0281,75.92,0.0,accuracy_match
scaning rank and alpha,12,wide,fgvc,1,gmhsinglora,4,2,,,24.06,,method_dataset_shot,8,data/old_result/results_logs_gmhsinglora/gmhsinglora_fgvc_1shot_r4_a8.log,DATA-0218,24.06,0.0,accuracy_match
scaning rank and alpha,12,wide,eurosat,1,gmhsinglora,4,2,,,68.96,,method_dataset_shot,8,data/old_result/results_logs_gmhsinglora/gmhsinglora_eurosat_1shot_r4_a8.log,DATA-0202,68.96,0.0,accuracy_match
scaning rank and alpha,12,wide,food101,1,gmhsinglora,4,2,,,82.41,,method_dataset_shot,8,data/old_result/results_logs_gmhsinglora/gmhsinglora_food101_1shot_r4_a8.log,DATA-0234,82.41,0.0,accuracy_match
scaning rank and alpha,12,wide,oxford_pets,1,gmhsinglora,4,2,,,87.27,,method_dataset_shot,8,data/old_result/results_logs_gmhsinglora/gmhsinglora_oxford_pets_1shot_r4_a8.log,DATA-0266,87.27,0.0,accuracy_match
scaning rank and alpha,12,wide,oxford_flowers,1,gmhsinglora,4,2,,,84.49,,method_dataset_shot,8,data/old_result/results_logs_gmhsinglora/gmhsinglora_oxford_flowers_1shot_r4_a8.log,DATA-0250,84.49,0.0,accuracy_match
scaning rank and alpha,12,wide,caltech101,1,gmhsinglora,4,2,,,93.31,,method_dataset_shot,8,data/old_result/results_logs_gmhsinglora/gmhsinglora_caltech101_1shot_r4_a16.log,DATA-0168,93.27,0.04000000000000625,accuracy_mismatch
scaning rank and alpha,12,wide,dtd,1,gmhsinglora,4,2,,,51.95,,method_dataset_shot,8,data/old_result/results_logs_gmhsinglora/gmhsinglora_dtd_1shot_r4_a8.log,DATA-0186,51.95,0.0,accuracy_match
scaning rank and alpha,12,wide,ucf101,1,gmhsinglora,4,2,,,74.76,,method_dataset_shot,8,data/old_result/results_logs_gmhsinglora/gmhsinglora_ucf101_1shot_r4_a8.log,DATA-0282,74.76,0.0,accuracy_match
scaning rank and alpha,13,wide,fgvc,1,gmhsinglora,4,2,,,22.89,,method_dataset_shot,8,data/old_result/results_logs_gmhsinglora/gmhsinglora_fgvc_1shot_r4_a16.log,DATA-0216,22.89,0.0,accuracy_match
scaning rank and alpha,13,wide,eurosat,1,gmhsinglora,4,2,,,68.65,,method_dataset_shot,8,data/old_result/results_logs_gmhsinglora/gmhsinglora_eurosat_1shot_r4_a16.log,DATA-0200,68.65,0.0,accuracy_match
scaning rank and alpha,13,wide,food101,1,gmhsinglora,4,2,,,79.51,,method_dataset_shot,8,data/old_result/results_logs_gmhsinglora/gmhsinglora_food101_1shot_r4_a16.log,DATA-0232,79.51,0.0,accuracy_match
scaning rank and alpha,13,wide,oxford_pets,1,gmhsinglora,4,2,,,83.46,,method_dataset_shot,8,data/old_result/results_logs_gmhsinglora/gmhsinglora_oxford_pets_1shot_r4_a16.log,DATA-0264,83.46,0.0,accuracy_match
scaning rank and alpha,13,wide,oxford_flowers,1,gmhsinglora,4,2,,,83.84,,method_dataset_shot,8,data/old_result/results_logs_gmhsinglora/gmhsinglora_oxford_flowers_1shot_r4_a16.log,DATA-0248,83.84,0.0,accuracy_match
scaning rank and alpha,13,wide,caltech101,1,gmhsinglora,4,2,,,93.27,,method_dataset_shot,8,data/old_result/results_logs_gmhsinglora/gmhsinglora_caltech101_1shot_r4_a16.log,DATA-0168,93.27,0.0,accuracy_match
scaning rank and alpha,13,wide,dtd,1,gmhsinglora,4,2,,,51.12,,method_dataset_shot,8,data/old_result/results_logs_gmhsinglora/gmhsinglora_dtd_1shot_r4_a16.log,DATA-0184,51.12,0.0,accuracy_match
scaning rank and alpha,13,wide,ucf101,1,gmhsinglora,4,2,,,73.3,,method_dataset_shot,8,data/old_result/results_logs_gmhsinglora/gmhsinglora_ucf101_1shot_r4_a16.log,DATA-0280,73.3,0.0,accuracy_match
scaning rank and alpha,15,wide,fgvc,1,gmhsinglora,4,1,,,28.95,,method_dataset_shot,8,data/old_result/results_logs_gmhsinglora/gmhsinglora_fgvc_1shot_heads1.log,DATA-0212,28.95,0.0,accuracy_match
scaning rank and alpha,15,wide,eurosat,1,gmhsinglora,4,1,,,74.22,,method_dataset_shot,8,data/old_result/results_logs_gmhsinglora/gmhsinglora_eurosat_1shot_heads1.log,DATA-0196,74.22,0.0,accuracy_match
scaning rank and alpha,15,wide,food101,1,gmhsinglora,4,1,,,85.7,,method_dataset_shot,8,data/old_result/results_logs_gmhsinglora/gmhsinglora_food101_1shot_heads1.log,DATA-0228,85.7,0.0,accuracy_match
scaning rank and alpha,15,wide,oxford_pets,1,gmhsinglora,4,1,,,92.5,,method_dataset_shot,8,data/old_result/results_logs_gmhsinglora/gmhsinglora_oxford_pets_1shot.log,DATA-0259,92.5,0.0,accuracy_match
scaning rank and alpha,15,wide,oxford_flowers,1,gmhsinglora,4,1,,,81.81,,method_dataset_shot,8,data/old_result/results_logs_gmhsinglora/gmhsinglora_oxford_flowers_1shot_heads1.log,DATA-0244,81.81,0.0,accuracy_match
scaning rank and alpha,15,wide,caltech101,1,gmhsinglora,4,1,,,93.75,,method_dataset_shot,8,data/old_result/results_logs_gmhsinglora/gmhsinglora_caltech101_1shot_heads1.log,DATA-0164,93.75,0.0,accuracy_match
scaning rank and alpha,15,wide,dtd,1,gmhsinglora,4,1,,,54.02,,method_dataset_shot,8,data/old_result/results_logs_gmhsinglora/gmhsinglora_dtd_1shot_heads1.log,DATA-0180,54.02,0.0,accuracy_match
scaning rank and alpha,15,wide,ucf101,1,gmhsinglora,4,1,,,75.2,,method_dataset_shot,8,data/old_result/results_logs_gmhsinglora/gmhsinglora_ucf101_1shot_heads1.log,DATA-0276,75.2,0.0,accuracy_match
scaning rank and alpha,16,wide,fgvc,1,gmhsinglora,4,2,,,29.49,,method_dataset_shot,8,data/old_result/results_logs_gmhsinglora/gmhsinglora_fgvc_1shot_heads2.log,DATA-0213,29.49,0.0,accuracy_match
scaning rank and alpha,16,wide,eurosat,1,gmhsinglora,4,2,,,73.3,,method_dataset_shot,8,data/old_result/results_logs_gmhsinglora/gmhsinglora_eurosat_1shot_heads2.log,DATA-0197,73.3,0.0,accuracy_match
scaning rank and alpha,16,wide,food101,1,gmhsinglora,4,2,,,85.58,,method_dataset_shot,8,data/old_result/results_logs_gmhsinglora/gmhsinglora_food101_1shot_heads2.log,DATA-0229,85.58,0.0,accuracy_match
scaning rank and alpha,16,wide,oxford_pets,1,gmhsinglora,4,2,,,92.64,,method_dataset_shot,8,data/old_result/results_logs_gmhsinglora/gmhsinglora_oxford_pets_1shot_heads2.log,DATA-0261,92.64,0.0,accuracy_match
scaning rank and alpha,16,wide,oxford_flowers,1,gmhsinglora,4,2,,,83.35,,method_dataset_shot,8,data/old_result/results_logs_gmhsinglora/gmhsinglora_oxford_flowers_1shot_heads2.log,DATA-0245,83.35,0.0,accuracy_match
scaning rank and alpha,16,wide,caltech101,1,gmhsinglora,4,2,,,94.16,,method_dataset_shot,8,data/old_result/results_logs_gmhsinglora/gmhsinglora_caltech101_1shot_heads2.log,DATA-0165,94.16,0.0,accuracy_match
scaning rank and alpha,16,wide,dtd,1,gmhsinglora,4,2,,,53.78,,method_dataset_shot,8,data/old_result/results_logs_gmhsinglora/gmhsinglora_dtd_1shot_heads2.log,DATA-0181,53.78,0.0,accuracy_match
scaning rank and alpha,16,wide,ucf101,1,gmhsinglora,4,2,,,76.08,,method_dataset_shot,8,data/old_result/results_logs_gmhsinglora/gmhsinglora_ucf101_1shot_heads2.log,DATA-0277,76.08,0.0,accuracy_match
scaning rank and alpha,17,wide,fgvc,1,gmhsinglora,4,4,,,29.88,,method_dataset_shot,8,data/old_result/results_logs_gmhsinglora/gmhsinglora_fgvc_1shot_heads4.log,DATA-0214,29.88,0.0,accuracy_match
scaning rank and alpha,17,wide,eurosat,1,gmhsinglora,4,4,,,69.84,,method_dataset_shot,8,data/old_result/results_logs_gmhsinglora/gmhsinglora_eurosat_1shot_heads4.log,DATA-0198,69.84,0.0,accuracy_match
scaning rank and alpha,17,wide,food101,1,gmhsinglora,4,4,,,85.83,,method_dataset_shot,8,data/old_result/results_logs_gmhsinglora/gmhsinglora_food101_1shot_heads4.log,DATA-0230,85.83,0.0,accuracy_match
scaning rank and alpha,17,wide,oxford_pets,1,gmhsinglora,4,4,,,92.56,,method_dataset_shot,8,data/old_result/results_logs_gmhsinglora/gmhsinglora_oxford_pets_1shot_heads4.log,DATA-0262,92.56,0.0,accuracy_match
scaning rank and alpha,17,wide,oxford_flowers,1,gmhsinglora,4,4,,,82.95,,method_dataset_shot,8,data/old_result/results_logs_gmhsinglora/gmhsinglora_oxford_flowers_1shot_heads4.log,DATA-0246,82.95,0.0,accuracy_match
scaning rank and alpha,17,wide,caltech101,1,gmhsinglora,4,4,,,93.91,,method_dataset_shot,8,data/old_result/results_logs_gmhsinglora/gmhsinglora_caltech101_1shot_heads4.log,DATA-0166,93.91,0.0,accuracy_match
scaning rank and alpha,17,wide,dtd,1,gmhsinglora,4,4,,,54.96,,method_dataset_shot,8,data/old_result/results_logs_gmhsinglora/gmhsinglora_dtd_1shot_heads4.log,DATA-0182,54.96,0.0,accuracy_match
scaning rank and alpha,17,wide,ucf101,1,gmhsinglora,4,4,,,76.34,,method_dataset_shot,8,data/old_result/results_logs_gmhsinglora/gmhsinglora_ucf101_1shot_heads4.log,DATA-0278,76.34,0.0,accuracy_match
scaning rank and alpha,20,wide,fgvc,4,singlora,2,,,,38.46,,method_dataset_shot,4,data/old_result/results_logs_singlora/singlora_fgvc_4shot.log,DATA-0400,38.49,0.030000000000001137,accuracy_mismatch
scaning rank and alpha,20,wide,eurosat,4,singlora,2,,,,89.53,,method_dataset_shot,4,data/old_result/results_logs_singlora/singlora_eurosat_4shot.log,DATA-0388,89.46,0.07000000000000739,accuracy_mismatch
scaning rank and alpha,20,wide,food101,4,singlora,2,,,,84.44,,method_dataset_shot,4,data/old_result/results_logs_singlora/singlora_food101_4shot.log,DATA-0411,84.43,0.009999999999990905,accuracy_match
scaning rank and alpha,20,wide,oxford_pets,4,singlora,2,,,,92.45,,method_dataset_shot,4,data/old_result/results_logs_singlora/singlora_oxford_pets_4shot.log,DATA-0433,91.91,0.5400000000000063,accuracy_mismatch
scaning rank and alpha,20,wide,oxford_flowers,4,singlora,2,,,,93.75,,method_dataset_shot,4,data/old_result/results_logs_singlora/singlora_oxford_flowers_4shot.log,DATA-0422,93.79,0.04000000000000625,accuracy_mismatch
scaning rank and alpha,20,wide,caltech101,4,singlora,2,,,,95.21,,method_dataset_shot,7,data/old_result/results_logs_singlora/singlora_caltech101_4shot.log,DATA-0361,95.21,0.0,accuracy_match
scaning rank and alpha,20,wide,dtd,4,singlora,2,,,,65.01,,method_dataset_shot,5,data/old_result/results_logs_singlora/singlora_dtd_4shot.log,DATA-0376,64.83,0.18000000000000682,accuracy_mismatch
scaning rank and alpha,20,wide,ucf101,4,singlora,2,,,,81.15,,method_dataset_shot,4,data/old_result/results_logs_singlora/singlora_ucf101_4shot.log,DATA-0444,81.15,0.0,accuracy_match
scaning rank and alpha,21,wide,fgvc,4,singlora,4,,,,38.13,,method_dataset_shot_config_filtered,3,data/old_result/results_logs_singlora/singlora_fgvc_4shot_r4_a1.log,DATA-0403,38.13,0.0,accuracy_match
scaning rank and alpha,21,wide,eurosat,4,singlora,4,,,,88.31,,method_dataset_shot_config_filtered,3,data/old_result/results_logs_singlora/singlora_eurosat_4shot_r4_a1.log,DATA-0391,88.31,0.0,accuracy_match
scaning rank and alpha,21,wide,food101,4,singlora,4,,,,84.06,,method_dataset_shot_config_filtered,3,data/old_result/results_logs_singlora/singlora_food101_4shot_r4_a1.log,DATA-0414,84.06,0.0,accuracy_match
scaning rank and alpha,21,wide,oxford_pets,4,singlora,4,,,,91.66,,method_dataset_shot_config_filtered,3,data/old_result/results_logs_singlora/singlora_oxford_pets_4shot_r4_a1.log,DATA-0436,91.66,0.0,accuracy_match
scaning rank and alpha,21,wide,oxford_flowers,4,singlora,4,,,,93.26,,method_dataset_shot_config_filtered,3,data/old_result/results_logs_singlora/singlora_oxford_flowers_4shot_r4_a1.log,DATA-0425,93.26,0.0,accuracy_match
scaning rank and alpha,21,wide,caltech101,4,singlora,4,,,,95.46,,method_dataset_shot_config_filtered,6,data/old_result/results_logs_singlora/singlora_caltech101_4shot_r4_a1.log,DATA-0364,95.46,0.0,accuracy_match
scaning rank and alpha,21,wide,dtd,4,singlora,4,,,,64.66,,method_dataset_shot_config_filtered,4,data/old_result/results_logs_singlora/singlora_dtd_4shot_r4_a1.log,DATA-0379,64.66,0.0,accuracy_match
scaning rank and alpha,21,wide,ucf101,4,singlora,4,,,,80.49,,method_dataset_shot_config_filtered,3,data/old_result/results_logs_singlora/singlora_ucf101_4shot_r4_a1.log,DATA-0447,80.49,0.0,accuracy_match
scaning rank and alpha,22,wide,fgvc,4,singlora,4,,,,36.78,,method_dataset_shot_config_filtered,3,data/old_result/results_logs_singlora/singlora_fgvc_4shot_heads2_r4_a2.log,DATA-0401,36.78,0.0,accuracy_match
scaning rank and alpha,22,wide,eurosat,4,singlora,4,,,,88.52,,method_dataset_shot_config_filtered,3,data/old_result/results_logs_singlora/singlora_eurosat_4shot_heads2_r4_a2.log,DATA-0389,88.52,0.0,accuracy_match
scaning rank and alpha,22,wide,food101,4,singlora,4,,,,82.98,,method_dataset_shot_config_filtered,3,data/old_result/results_logs_singlora/singlora_food101_4shot_heads2_r4_a2.log,DATA-0412,82.98,0.0,accuracy_match
scaning rank and alpha,22,wide,oxford_pets,4,singlora,4,,,,90.46,,method_dataset_shot_config_filtered,3,data/old_result/results_logs_singlora/singlora_oxford_pets_4shot_heads2_r4_a2.log,DATA-0434,90.46,0.0,accuracy_match
scaning rank and alpha,22,wide,oxford_flowers,4,singlora,4,,,,94.03,,method_dataset_shot_config_filtered,3,data/old_result/results_logs_singlora/singlora_oxford_flowers_4shot_heads2_r4_a2.log,DATA-0423,94.03,0.0,accuracy_match
scaning rank and alpha,22,wide,caltech101,4,singlora,4,,,,95.62,,method_dataset_shot_config_filtered,6,data/old_result/results_logs_singlora/singlora_caltech101_4shot_heads2_r4_a2.log,DATA-0362,95.62,0.0,accuracy_match
scaning rank and alpha,22,wide,dtd,4,singlora,4,,,,64.13,,method_dataset_shot_config_filtered,4,data/old_result/results_logs_singlora/singlora_dtd_4shot_heads2_r4_a2.log,DATA-0377,64.13,0.0,accuracy_match
scaning rank and alpha,22,wide,ucf101,4,singlora,4,,,,80.04,,method_dataset_shot_config_filtered,3,data/old_result/results_logs_singlora/singlora_ucf101_4shot_heads2_r4_a2.log,DATA-0445,80.04,0.0,accuracy_match
scaning rank and alpha,23,wide,fgvc,4,singlora,4,,,,35.82,,method_dataset_shot_config_filtered,3,data/old_result/results_logs_singlora/singlora_fgvc_4shot_heads2_r4_a8.log,DATA-0402,35.82,0.0,accuracy_match
scaning rank and alpha,23,wide,eurosat,4,singlora,4,,,,88.67,,method_dataset_shot_config_filtered,3,data/old_result/results_logs_singlora/singlora_eurosat_4shot_heads2_r4_a8.log,DATA-0390,88.67,0.0,accuracy_match
scaning rank and alpha,23,wide,food101,4,singlora,4,,,,80.4,,method_dataset_shot_config_filtered,3,data/old_result/results_logs_singlora/singlora_food101_4shot_heads2_r4_a8.log,DATA-0413,80.4,0.0,accuracy_match
scaning rank and alpha,23,wide,oxford_pets,4,singlora,4,,,,86.45,,method_dataset_shot_config_filtered,3,data/old_result/results_logs_singlora/singlora_oxford_pets_4shot_heads2_r4_a8.log,DATA-0435,86.45,0.0,accuracy_match
scaning rank and alpha,23,wide,oxford_flowers,4,singlora,4,,,,94.36,,method_dataset_shot_config_filtered,3,data/old_result/results_logs_singlora/singlora_oxford_flowers_4shot_heads2_r4_a8.log,DATA-0424,94.36,0.0,accuracy_match
scaning rank and alpha,23,wide,caltech101,4,singlora,4,,,,94.89,,method_dataset_shot_config_filtered,6,data/old_result/results_logs_singlora/singlora_caltech101_4shot_heads2_r4_a8.log,DATA-0363,94.89,0.0,accuracy_match
scaning rank and alpha,23,wide,dtd,4,singlora,4,,,,64.18,,method_dataset_shot_config_filtered,4,data/old_result/results_logs_singlora/singlora_dtd_4shot_heads2_r4_a8.log,DATA-0378,64.18,0.0,accuracy_match
scaning rank and alpha,23,wide,ucf101,4,singlora,4,,,,77.29,,method_dataset_shot_config_filtered,3,data/old_result/results_logs_singlora/singlora_ucf101_4shot_heads2_r4_a8.log,DATA-0446,77.29,0.0,accuracy_match
scaning rank and alpha,25,wide,fgvc,4,gmhsinglora,2,2,,,38.76,,method_dataset_shot,6,data/old_result/results_logs_gmhsinglora/gmhsinglora_fgvc_4shot.log,DATA-0219,38.76,0.0,accuracy_match
scaning rank and alpha,25,wide,eurosat,4,gmhsinglora,2,2,,,89.1,,method_dataset_shot,6,data/old_result/results_logs_gmhsinglora/gmhsinglora_eurosat_4shot.log,DATA-0203,89.1,0.0,accuracy_match
scaning rank and alpha,25,wide,food101,4,gmhsinglora,2,2,,,84.18,,method_dataset_shot,6,data/old_result/results_logs_gmhsinglora/gmhsinglora_food101_4shot.log,DATA-0235,84.18,0.0,accuracy_match
scaning rank and alpha,25,wide,oxford_pets,4,gmhsinglora,2,2,,,92.18,,method_dataset_shot,6,data/old_result/results_logs_gmhsinglora/gmhsinglora_oxford_pets_4shot.log,DATA-0267,92.18,0.0,accuracy_match
scaning rank and alpha,25,wide,oxford_flowers,4,gmhsinglora,2,2,,,93.42,,method_dataset_shot,6,data/old_result/results_logs_gmhsinglora/gmhsinglora_oxford_flowers_4shot.log,DATA-0251,93.42,0.0,accuracy_match
scaning rank and alpha,25,wide,caltech101,4,gmhsinglora,2,2,,,95.58,,method_dataset_shot,6,data/old_result/results_logs_gmhsinglora/gmhsinglora_caltech101_4shot.log,DATA-0171,95.58,0.0,accuracy_match
scaning rank and alpha,25,wide,dtd,4,gmhsinglora,2,2,,,65.07,,method_dataset_shot,6,data/old_result/results_logs_gmhsinglora/gmhsinglora_dtd_4shot.log,DATA-0187,65.07,0.0,accuracy_match
scaning rank and alpha,25,wide,ucf101,4,gmhsinglora,2,2,,,81.13,,method_dataset_shot,6,data/old_result/results_logs_gmhsinglora/gmhsinglora_ucf101_4shot.log,DATA-0283,81.13,0.0,accuracy_match
scaning rank and alpha,26,wide,fgvc,4,gmhsinglora,4,2,,,38.16,,method_dataset_shot_config_filtered,3,data/old_result/results_logs_gmhsinglora/gmhsinglora_fgvc_4shot_heads2_r4_a1.log,DATA-0221,38.16,0.0,accuracy_match
scaning rank and alpha,26,wide,eurosat,4,gmhsinglora,4,2,,,88.28,,method_dataset_shot_config_filtered,3,data/old_result/results_logs_gmhsinglora/gmhsinglora_eurosat_4shot_heads2_r4_a1.log,DATA-0205,88.28,0.0,accuracy_match
scaning rank and alpha,26,wide,food101,4,gmhsinglora,4,2,,,83.84,,method_dataset_shot_config_filtered,3,data/old_result/results_logs_gmhsinglora/gmhsinglora_food101_4shot_heads2_r4_a1.log,DATA-0237,83.84,0.0,accuracy_match
scaning rank and alpha,26,wide,oxford_pets,4,gmhsinglora,4,2,,,91.85,,method_dataset_shot_config_filtered,3,data/old_result/results_logs_gmhsinglora/gmhsinglora_oxford_pets_4shot_heads2_r4_a1.log,DATA-0269,91.85,0.0,accuracy_match
scaning rank and alpha,26,wide,oxford_flowers,4,gmhsinglora,4,2,,,93.67,,method_dataset_shot_config_filtered,3,data/old_result/results_logs_gmhsinglora/gmhsinglora_oxford_flowers_4shot_heads2_r4_a1.log,DATA-0253,93.67,0.0,accuracy_match
scaning rank and alpha,26,wide,caltech101,4,gmhsinglora,4,2,,,95.29,,method_dataset_shot_config_filtered,3,data/old_result/results_logs_gmhsinglora/gmhsinglora_caltech101_4shot_heads2_r4_a1.log,DATA-0173,95.29,0.0,accuracy_match
scaning rank and alpha,26,wide,dtd,4,gmhsinglora,4,2,,,65.66,,method_dataset_shot_config_filtered,3,data/old_result/results_logs_gmhsinglora/gmhsinglora_dtd_4shot_heads2_r4_a1.log,DATA-0189,65.66,0.0,accuracy_match
scaning rank and alpha,26,wide,ucf101,4,gmhsinglora,4,2,,,80.81,,method_dataset_shot_config_filtered,3,data/old_result/results_logs_gmhsinglora/gmhsinglora_ucf101_4shot_heads2_r4_a1.log,DATA-0285,80.81,0.0,accuracy_match
scaning rank and alpha,27,wide,fgvc,4,gmhsinglora,4,2,,,37.35,,method_dataset_shot_config_filtered,3,data/old_result/results_logs_gmhsinglora/gmhsinglora_fgvc_4shot_heads2_r4_a2.log,DATA-0222,37.35,0.0,accuracy_match
scaning rank and alpha,27,wide,eurosat,4,gmhsinglora,4,2,,,88.37,,method_dataset_shot_config_filtered,3,data/old_result/results_logs_gmhsinglora/gmhsinglora_eurosat_4shot_heads2_r4_a2.log,DATA-0206,88.37,0.0,accuracy_match
scaning rank and alpha,27,wide,food101,4,gmhsinglora,4,2,,,82.86,,method_dataset_shot_config_filtered,3,data/old_result/results_logs_gmhsinglora/gmhsinglora_food101_4shot_heads2_r4_a2.log,DATA-0238,82.86,0.0,accuracy_match
scaning rank and alpha,27,wide,oxford_pets,4,gmhsinglora,4,2,,,91.31,,method_dataset_shot_config_filtered,3,data/old_result/results_logs_gmhsinglora/gmhsinglora_oxford_pets_4shot_heads2_r4_a2.log,DATA-0270,91.31,0.0,accuracy_match
scaning rank and alpha,27,wide,oxford_flowers,4,gmhsinglora,4,2,,,94.03,,method_dataset_shot_config_filtered,3,data/old_result/results_logs_gmhsinglora/gmhsinglora_oxford_flowers_4shot_heads2_r4_a2.log,DATA-0254,94.03,0.0,accuracy_match
scaning rank and alpha,27,wide,caltech101,4,gmhsinglora,4,2,,,95.42,,method_dataset_shot_config_filtered,3,data/old_result/results_logs_gmhsinglora/gmhsinglora_caltech101_4shot_heads2_r4_a2.log,DATA-0174,95.42,0.0,accuracy_match
scaning rank and alpha,27,wide,dtd,4,gmhsinglora,4,2,,,65.9,,method_dataset_shot_config_filtered,3,data/old_result/results_logs_gmhsinglora/gmhsinglora_dtd_4shot_heads2_r4_a2.log,DATA-0190,65.9,0.0,accuracy_match
scaning rank and alpha,27,wide,ucf101,4,gmhsinglora,4,2,,,79.94,,method_dataset_shot_config_filtered,3,data/old_result/results_logs_gmhsinglora/gmhsinglora_ucf101_4shot_heads2_r4_a2.log,DATA-0286,79.94,0.0,accuracy_match
scaning rank and alpha,28,wide,fgvc,4,gmhsinglora,4,2,,,36.48,,method_dataset_shot_config_filtered,3,data/old_result/results_logs_gmhsinglora/gmhsinglora_fgvc_4shot_heads2_r4_a8.log,DATA-0223,36.48,0.0,accuracy_match
scaning rank and alpha,28,wide,eurosat,4,gmhsinglora,4,2,,,86.68,,method_dataset_shot_config_filtered,3,data/old_result/results_logs_gmhsinglora/gmhsinglora_eurosat_4shot_heads2_r4_a8.log,DATA-0207,86.68,0.0,accuracy_match
scaning rank and alpha,28,wide,food101,4,gmhsinglora,4,2,,,79.95,,method_dataset_shot_config_filtered,3,data/old_result/results_logs_gmhsinglora/gmhsinglora_food101_4shot_heads2_r4_a8.log,DATA-0239,79.95,0.0,accuracy_match
scaning rank and alpha,28,wide,oxford_pets,4,gmhsinglora,4,2,,,88.28,,method_dataset_shot_config_filtered,3,data/old_result/results_logs_gmhsinglora/gmhsinglora_oxford_pets_4shot_heads2_r4_a8.log,DATA-0271,88.28,0.0,accuracy_match
scaning rank and alpha,28,wide,oxford_flowers,4,gmhsinglora,4,2,,,94.52,,method_dataset_shot_config_filtered,3,data/old_result/results_logs_gmhsinglora/gmhsinglora_oxford_flowers_4shot_heads2_r4_a8.log,DATA-0255,94.52,0.0,accuracy_match
scaning rank and alpha,28,wide,caltech101,4,gmhsinglora,4,2,,,95.17,,method_dataset_shot_config_filtered,3,data/old_result/results_logs_gmhsinglora/gmhsinglora_caltech101_4shot_heads2_r4_a8.log,DATA-0175,95.17,0.0,accuracy_match
scaning rank and alpha,28,wide,dtd,4,gmhsinglora,4,2,,,65.25,,method_dataset_shot_config_filtered,3,data/old_result/results_logs_gmhsinglora/gmhsinglora_dtd_4shot_heads2_r4_a8.log,DATA-0191,65.25,0.0,accuracy_match
scaning rank and alpha,28,wide,ucf101,4,gmhsinglora,4,2,,,77.87,,method_dataset_shot_config_filtered,3,data/old_result/results_logs_gmhsinglora/gmhsinglora_ucf101_4shot_heads2_r4_a8.log,DATA-0287,77.87,0.0,accuracy_match
scaning rank and alpha,30,wide,fgvc,4,gmhsinglora,4,1,,,38.55,,method_dataset_shot,6,data/old_result/results_logs_gmhsinglora/gmhsinglora_fgvc_4shot_heads1.log,DATA-0220,38.55,0.0,accuracy_match
scaning rank and alpha,30,wide,eurosat,4,gmhsinglora,4,1,,,87.58,,method_dataset_shot,6,data/old_result/results_logs_gmhsinglora/gmhsinglora_eurosat_4shot_heads1.log,DATA-0204,87.58,0.0,accuracy_match
scaning rank and alpha,30,wide,food101,4,gmhsinglora,4,1,,,83.97,,method_dataset_shot,6,data/old_result/results_logs_gmhsinglora/gmhsinglora_food101_4shot_heads1.log,DATA-0236,83.97,0.0,accuracy_match
scaning rank and alpha,30,wide,oxford_pets,4,gmhsinglora,4,1,,,91.77,,method_dataset_shot,6,data/old_result/results_logs_gmhsinglora/gmhsinglora_oxford_pets_4shot_heads1.log,DATA-0268,91.77,0.0,accuracy_match
scaning rank and alpha,30,wide,oxford_flowers,4,gmhsinglora,4,1,,,93.87,,method_dataset_shot,6,data/old_result/results_logs_gmhsinglora/gmhsinglora_oxford_flowers_4shot_heads1.log,DATA-0252,93.87,0.0,accuracy_match
scaning rank and alpha,30,wide,caltech101,4,gmhsinglora,4,1,,,95.42,,method_dataset_shot,6,data/old_result/results_logs_gmhsinglora/gmhsinglora_caltech101_4shot_heads1.log,DATA-0172,95.42,0.0,accuracy_match
scaning rank and alpha,30,wide,dtd,4,gmhsinglora,4,1,,,66.61,,method_dataset_shot,6,data/old_result/results_logs_gmhsinglora/gmhsinglora_dtd_4shot_heads1.log,DATA-0188,66.61,0.0,accuracy_match
scaning rank and alpha,30,wide,ucf101,4,gmhsinglora,4,1,,,80.97,,method_dataset_shot,6,data/old_result/results_logs_gmhsinglora/gmhsinglora_ucf101_4shot_heads1.log,DATA-0284,80.97,0.0,accuracy_match
scaning rank and alpha,31,wide,fgvc,4,gmhsinglora,4,2,,,38.16,,method_dataset_shot_config_filtered,3,data/old_result/results_logs_gmhsinglora/gmhsinglora_fgvc_4shot_heads2_r4_a1.log,DATA-0221,38.16,0.0,accuracy_match
scaning rank and alpha,31,wide,eurosat,4,gmhsinglora,4,2,,,88.28,,method_dataset_shot_config_filtered,3,data/old_result/results_logs_gmhsinglora/gmhsinglora_eurosat_4shot_heads2_r4_a1.log,DATA-0205,88.28,0.0,accuracy_match
scaning rank and alpha,31,wide,food101,4,gmhsinglora,4,2,,,83.84,,method_dataset_shot_config_filtered,3,data/old_result/results_logs_gmhsinglora/gmhsinglora_food101_4shot_heads2_r4_a1.log,DATA-0237,83.84,0.0,accuracy_match
scaning rank and alpha,31,wide,oxford_pets,4,gmhsinglora,4,2,,,91.85,,method_dataset_shot_config_filtered,3,data/old_result/results_logs_gmhsinglora/gmhsinglora_oxford_pets_4shot_heads2_r4_a1.log,DATA-0269,91.85,0.0,accuracy_match
scaning rank and alpha,31,wide,oxford_flowers,4,gmhsinglora,4,2,,,93.67,,method_dataset_shot_config_filtered,3,data/old_result/results_logs_gmhsinglora/gmhsinglora_oxford_flowers_4shot_heads2_r4_a1.log,DATA-0253,93.67,0.0,accuracy_match
scaning rank and alpha,31,wide,caltech101,4,gmhsinglora,4,2,,,95.29,,method_dataset_shot_config_filtered,3,data/old_result/results_logs_gmhsinglora/gmhsinglora_caltech101_4shot_heads2_r4_a1.log,DATA-0173,95.29,0.0,accuracy_match
scaning rank and alpha,31,wide,dtd,4,gmhsinglora,4,2,,,65.66,,method_dataset_shot_config_filtered,3,data/old_result/results_logs_gmhsinglora/gmhsinglora_dtd_4shot_heads2_r4_a1.log,DATA-0189,65.66,0.0,accuracy_match
scaning rank and alpha,31,wide,ucf101,4,gmhsinglora,4,2,,,80.81,,method_dataset_shot_config_filtered,3,data/old_result/results_logs_gmhsinglora/gmhsinglora_ucf101_4shot_heads2_r4_a1.log,DATA-0285,80.81,0.0,accuracy_match
scaning rank and alpha,32,wide,fgvc,4,gmhsinglora,4,4,,,39.9,,method_dataset_shot,6,data/old_result/results_logs_gmhsinglora/gmhsinglora_fgvc_4shot_heads4.log,DATA-0224,39.9,0.0,accuracy_match
scaning rank and alpha,32,wide,eurosat,4,gmhsinglora,4,4,,,87.64,,method_dataset_shot,6,data/old_result/results_logs_gmhsinglora/gmhsinglora_eurosat_4shot_heads4.log,DATA-0208,87.64,0.0,accuracy_match
scaning rank and alpha,32,wide,food101,4,gmhsinglora,4,4,,,83.95,,method_dataset_shot,6,data/old_result/results_logs_gmhsinglora/gmhsinglora_food101_4shot_heads4.log,DATA-0240,83.95,0.0,accuracy_match
scaning rank and alpha,32,wide,oxford_pets,4,gmhsinglora,4,4,,,91.52,,method_dataset_shot,6,data/old_result/results_logs_gmhsinglora/gmhsinglora_oxford_pets_4shot_heads4.log,DATA-0272,91.52,0.0,accuracy_match
scaning rank and alpha,32,wide,oxford_flowers,4,gmhsinglora,4,4,,,93.87,,method_dataset_shot,6,data/old_result/results_logs_gmhsinglora/gmhsinglora_oxford_flowers_4shot_heads1.log,DATA-0252,93.87,0.0,accuracy_match
scaning rank and alpha,32,wide,caltech101,4,gmhsinglora,4,4,,,95.21,,method_dataset_shot,6,data/old_result/results_logs_gmhsinglora/gmhsinglora_caltech101_4shot_heads4.log,DATA-0176,95.21,0.0,accuracy_match
scaning rank and alpha,32,wide,dtd,4,gmhsinglora,4,4,,,65.96,,method_dataset_shot,6,data/old_result/results_logs_gmhsinglora/gmhsinglora_dtd_4shot_heads4.log,DATA-0192,65.96,0.0,accuracy_match
scaning rank and alpha,32,wide,ucf101,4,gmhsinglora,4,4,,,81.71,,method_dataset_shot,6,data/old_result/results_logs_gmhsinglora/gmhsinglora_ucf101_4shot_heads4.log,DATA-0288,81.71,0.0,accuracy_match
scaning rank and alpha,34,wide,fgvc,16,singlora,2,,,,52.27,,method_dataset_shot,3,data/old_result/results_logs_singlora/singlora_fgvc_16shot.log,DATA-0392,52.27,0.0,accuracy_match
scaning rank and alpha,34,wide,eurosat,16,singlora,2,,,,91.54,,method_dataset_shot,2,data/old_result/results_logs_singlora/singlora_eurosat_16shot.log,DATA-0381,91.54,0.0,accuracy_match
scaning rank and alpha,34,wide,food101,16,singlora,2,,,,85.24,,method_dataset_shot,2,data/old_result/results_logs_singlora/singlora_food101_16shot.log,DATA-0404,85.24,0.0,accuracy_match
scaning rank and alpha,34,wide,oxford_pets,16,singlora,2,,,,92.72,,method_dataset_shot,2,data/old_result/results_logs_singlora/singlora_oxford_pets_16shot.log,DATA-0426,92.72,0.0,accuracy_match
scaning rank and alpha,34,wide,oxford_flowers,16,singlora,2,,,,98.05,,method_dataset_shot,2,data/old_result/results_logs_singlora/singlora_oxford_flowers_16shot.log,DATA-0415,98.05,0.0,accuracy_match
scaning rank and alpha,34,wide,caltech101,16,singlora,2,,,,96.63,,method_dataset_shot,2,data/old_result/results_logs_singlora/singlora_caltech101_16shot.log,DATA-0354,96.63,0.0,accuracy_match
scaning rank and alpha,34,wide,dtd,16,singlora,2,,,,72.4,,method_dataset_shot,3,data/old_result/results_logs_singlora/singlora_dtd_16shot.log,DATA-0368,72.4,0.0,accuracy_match
scaning rank and alpha,34,wide,ucf101,16,singlora,2,,,,86.28,,method_dataset_shot,2,data/old_result/results_logs_singlora/singlora_ucf101_16shot.log,DATA-0437,86.28,0.0,accuracy_match
scaning rank and alpha,35,wide,fgvc,16,singlora,4,,,,56.14,,method_dataset_shot_config_filtered,1,data/old_result/results_logs_singlora/singlora_fgvc_16shot_r4_a1.log,DATA-0394,56.14,0.0,accuracy_match
scaning rank and alpha,35,wide,eurosat,16,singlora,4,,,,90.72,,method_dataset_shot_config_filtered,1,data/old_result/results_logs_singlora/singlora_eurosat_16shot_r4_a1.log,DATA-0382,90.72,0.0,accuracy_match
scaning rank and alpha,35,wide,food101,16,singlora,4,,,,85.09,,method_dataset_shot_config_filtered,1,data/old_result/results_logs_singlora/singlora_food101_16shot_r4_a1.log,DATA-0405,85.09,0.0,accuracy_match
scaning rank and alpha,35,wide,oxford_pets,16,singlora,4,,,,92.64,,method_dataset_shot_config_filtered,1,data/old_result/results_logs_singlora/singlora_oxford_pets_16shot_r4_a1.log,DATA-0427,92.64,0.0,accuracy_match
scaning rank and alpha,35,wide,oxford_flowers,16,singlora,4,,,,98.13,,method_dataset_shot_config_filtered,1,data/old_result/results_logs_singlora/singlora_oxford_flowers_16shot_r4_a1.log,DATA-0416,98.13,0.0,accuracy_match
scaning rank and alpha,35,wide,caltech101,16,singlora,4,,,,96.35,,method_dataset_shot_config_filtered,1,data/old_result/results_logs_singlora/singlora_caltech101_16shot_r4_a1.log,DATA-0355,96.35,0.0,accuracy_match
scaning rank and alpha,35,wide,dtd,16,singlora,4,,,,72.64,,method_dataset_shot_config_filtered,1,data/old_result/results_logs_singlora/singlora_dtd_16shot_r4_a1.log,DATA-0370,72.64,0.0,accuracy_match
scaning rank and alpha,35,wide,ucf101,16,singlora,4,,,,86.44,,method_dataset_shot_config_filtered,1,data/old_result/results_logs_singlora/singlora_ucf101_16shot_r4_a1.log,DATA-0438,86.44,0.0,accuracy_match
scaning rank and alpha,40,wide,fgvc,16,gmhsinglora,2,2,,,54.88,,method_dataset_shot,2,data/old_result/results_logs_gmhsinglora/gmhsinglora_fgvc_16shot.log,DATA-0209,54.88,0.0,accuracy_match
scaning rank and alpha,40,wide,eurosat,16,gmhsinglora,2,2,,,91.58,,method_dataset_shot,2,data/old_result/results_logs_gmhsinglora/gmhsinglora_eurosat_16shot.log,DATA-0193,91.58,0.0,accuracy_match
scaning rank and alpha,40,wide,food101,16,gmhsinglora,2,2,,,85.0,,method_dataset_shot,2,data/old_result/results_logs_gmhsinglora/gmhsinglora_food101_16shot.log,DATA-0225,85.0,0.0,accuracy_match
scaning rank and alpha,40,wide,oxford_pets,16,gmhsinglora,2,2,,,93.08,,method_dataset_shot,2,data/old_result/results_logs_gmhsinglora/gmhsinglora_oxford_pets_16shot.log,DATA-0257,93.08,0.0,accuracy_match
scaning rank and alpha,40,wide,oxford_flowers,16,gmhsinglora,2,2,,,98.29,,method_dataset_shot,2,data/old_result/results_logs_gmhsinglora/gmhsinglora_oxford_flowers_16shot.log,DATA-0241,98.29,0.0,accuracy_match
scaning rank and alpha,40,wide,caltech101,16,gmhsinglora,2,2,,,96.43,,method_dataset_shot,2,data/old_result/results_logs_gmhsinglora/gmhsinglora_caltech101_16shot.log,DATA-0161,96.43,0.0,accuracy_match
scaning rank and alpha,40,wide,dtd,16,gmhsinglora,2,2,,,73.29,,method_dataset_shot,2,data/old_result/results_logs_gmhsinglora/gmhsinglora_dtd_16shot.log,DATA-0177,73.29,0.0,accuracy_match
scaning rank and alpha,40,wide,ucf101,16,gmhsinglora,2,2,,,85.65,,method_dataset_shot,2,data/old_result/results_logs_gmhsinglora/gmhsinglora_ucf101_16shot.log,DATA-0273,85.65,0.0,accuracy_match
scaning rank and alpha,48,wide,fgvc,16,gmhsinglora,4,4,,,56.35,,method_dataset_shot,2,data/old_result/results_logs_gmhsinglora/gmhsinglora_fgvc_16shot_heads4.log,DATA-0210,56.35,0.0,accuracy_match
scaning rank and alpha,48,wide,eurosat,16,gmhsinglora,4,4,,,90.65,,method_dataset_shot,2,data/old_result/results_logs_gmhsinglora/gmhsinglora_eurosat_16shot_heads4.log,DATA-0194,90.65,0.0,accuracy_match
scaning rank and alpha,48,wide,food101,16,gmhsinglora,4,4,,,85.01,,method_dataset_shot,2,data/old_result/results_logs_gmhsinglora/gmhsinglora_food101_16shot_heads4.log,DATA-0226,85.01,0.0,accuracy_match
scaning rank and alpha,48,wide,oxford_pets,16,gmhsinglora,4,4,,,92.83,,method_dataset_shot,2,data/old_result/results_logs_gmhsinglora/gmhsinglora_oxford_pets_16shot_heads4.log,DATA-0258,92.83,0.0,accuracy_match
scaning rank and alpha,48,wide,oxford_flowers,16,gmhsinglora,4,4,,,98.01,,method_dataset_shot,2,data/old_result/results_logs_gmhsinglora/gmhsinglora_oxford_flowers_16shot_heads4.log,DATA-0242,98.01,0.0,accuracy_match
scaning rank and alpha,48,wide,caltech101,16,gmhsinglora,4,4,,,96.47,,method_dataset_shot,2,data/old_result/results_logs_gmhsinglora/gmhsinglora_caltech101_16shot_heads4.log,DATA-0162,96.47,0.0,accuracy_match
scaning rank and alpha,48,wide,dtd,16,gmhsinglora,4,4,,,73.76,,method_dataset_shot,2,data/old_result/results_logs_gmhsinglora/gmhsinglora_dtd_16shot_heads4.log,DATA-0178,73.76,0.0,accuracy_match
scaning rank and alpha,48,wide,ucf101,16,gmhsinglora,4,4,,,86.17,,method_dataset_shot,2,data/old_result/results_logs_gmhsinglora/gmhsinglora_ucf101_16shot_heads4.log,DATA-0274,86.17,0.0,accuracy_match
qlora,13,wide,fgvc,1,lora,,,,,30.2,,method_dataset_shot,7,data/result_scan_loss/results_logs_loss_lora/lora_fgvc_1shot_ce_maxent_LAMBDA_O0.03.log,DATA-0688,28.92,1.2799999999999976,accuracy_mismatch
qlora,13,wide,eurosat,1,lora,,,,,72.3,,method_dataset_shot,7,data/result_scan_loss/results_logs_loss_lora/lora_eurosat_1shot_ce_maxent_LAMBDA_O0.03.log,DATA-0676,71.95,0.3499999999999943,accuracy_mismatch
qlora,13,wide,food101,1,lora,,,,,84.3,,method_dataset_shot,7,data/result_scan_loss/results_logs_loss_lora/lora_food101_1shot_ce_ls_LAMBDA_O0.03.log,DATA-0699,84.56,0.2600000000000051,accuracy_mismatch
qlora,13,wide,oxford_pets,1,lora,,,,,92.3,,method_dataset_shot,7,data/result_scan_loss/results_logs_loss_lora/lora_oxford_pets_1shot_ce_maxent_LAMBDA_O0.03.log,DATA-0724,91.91,0.39000000000000057,accuracy_mismatch
qlora,13,wide,oxford_flowers,1,lora,,,,,83.2,,method_dataset_shot,7,data/result_new/results_logs_check_lora/lora_oxford_flowers_1shot.log,DATA-0472,83.35,0.14999999999999147,accuracy_mismatch
qlora,13,wide,caltech101,1,lora,,,,,93.7,,method_dataset_shot,7,data/result_scan_loss/results_logs_loss_lora/lora_caltech101_1shot_ce_maxent_LAMBDA_O0.03.log,DATA-0652,93.71,0.009999999999990905,accuracy_match
qlora,13,wide,dtd,1,lora,,,,,54.3,,method_dataset_shot,7,data/result_scan_loss/results_logs_loss_lora/lora_dtd_1shot_ce_maxent_LAMBDA_O0.03.log,DATA-0664,54.2,0.09999999999999432,accuracy_mismatch
qlora,13,wide,ucf101,1,lora,,,,,76.3,,method_dataset_shot,7,data/result_new/results_logs_check_lora/lora_ucf101_1shot.log,DATA-0476,76.29,0.009999999999990905,accuracy_match
qlora,27,wide,fgvc,4,lora,,,,,37.9,,method_dataset_shot,7,data/result_scan_loss/results_logs_loss_lora/lora_fgvc_4shot_ce_center_LAMBDA_O0.03.log,DATA-0691,38.61,0.7100000000000009,accuracy_mismatch
qlora,27,wide,eurosat,4,lora,,,,,84.9,,method_dataset_shot,7,data/result_scan_loss/results_logs_loss_lora/lora_eurosat_4shot_arcface_LAMBDA_O0.03.log,DATA-0678,86.15,1.25,accuracy_mismatch
qlora,27,wide,food101,4,lora,,,,,82.7,,method_dataset_shot,7,data/result_scan_loss/results_logs_loss_lora/lora_food101_4shot_ce_ls_LAMBDA_O0.03.log,DATA-0705,82.79,0.09000000000000341,accuracy_mismatch
qlora,27,wide,oxford_pets,4,lora,,,,,91.0,,method_dataset_shot,7,data/result_scan_loss/results_logs_loss_lora/lora_oxford_pets_4shot_ce_LAMBDA_O0.03.log,DATA-0728,91.01,0.010000000000005116,accuracy_mismatch
qlora,27,wide,oxford_flowers,4,lora,,,,,93.7,,method_dataset_shot,7,data/result_scan_loss/result_loss_loRA/lora_oxford_flowers_4shot.log,DATA-0645,93.67,0.030000000000001137,accuracy_mismatch
qlora,27,wide,caltech101,4,lora,,,,,95.2,,method_dataset_shot,7,data/result_scan_loss/results_logs_loss_lora/lora_caltech101_4shot_ce_center_LAMBDA_O0.03.log,DATA-0655,95.42,0.21999999999999886,accuracy_mismatch
qlora,27,wide,dtd,4,lora,,,,,63.8,,method_dataset_shot,7,data/result_scan_loss/results_logs_loss_lora/lora_dtd_4shot_ce_maxent_LAMBDA_O0.03.log,DATA-0670,64.01,0.21000000000000796,accuracy_mismatch
qlora,27,wide,ucf101,4,lora,,,,,81.1,,method_dataset_shot,7,data/result_scan_loss/results_logs_loss_lora/lora_ucf101_4shot_cosface_LAMBDA_O0.03.log,DATA-0743,80.76,0.3399999999999892,accuracy_mismatch
Singlora,13,wide,fgvc,1,lora,,,,,28.71,,method_dataset_shot,7,data/result_new/results_logs_check_lora/lora_fgvc_1shot.log,DATA-0467,28.71,0.0,accuracy_match
Singlora,13,wide,eurosat,1,lora,,,,,72.88,,method_dataset_shot,7,data/result_new/results_logs_check_lora/lora_eurosat_1shot.log,DATA-0464,72.88,0.0,accuracy_match
Singlora,13,wide,food101,1,lora,,,,,85.08,,method_dataset_shot,7,data/result_new/results_logs_check_lora/lora_food101_1shot.log,DATA-0470,85.08,0.0,accuracy_match
Singlora,13,wide,oxford_pets,1,lora,,,,,91.52,,method_dataset_shot,7,data/result_new/results_logs_check_lora/lora_oxford_pets_1shot.log,DATA-0474,91.52,0.0,accuracy_match
Singlora,13,wide,oxford_flowers,1,lora,,,,,83.35,,method_dataset_shot,7,data/result_new/results_logs_check_lora/lora_oxford_flowers_1shot.log,DATA-0472,83.35,0.0,accuracy_match
Singlora,13,wide,caltech101,1,lora,,,,,93.67,,method_dataset_shot,7,data/result_new/results_logs_check_lora/lora_caltech101_1shot.log,DATA-0458,93.67,0.0,accuracy_match
Singlora,13,wide,dtd,1,lora,,,,,54.61,,method_dataset_shot,7,data/result_new/results_logs_check_lora/lora_dtd_1shot.log,DATA-0461,54.61,0.0,accuracy_match
Singlora,13,wide,ucf101,1,lora,,,,,76.29,,method_dataset_shot,7,data/result_new/results_logs_check_lora/lora_ucf101_1shot.log,DATA-0476,76.29,0.0,accuracy_match
Singlora,14,wide,fgvc,1,singlora,,,,,29.1,,method_dataset_shot,5,data/old_result/results_logs_singlora/singlora_fgvc_1shot.log,DATA-0395,29.19,0.08999999999999986,accuracy_mismatch
Singlora,14,wide,eurosat,1,singlora,,,,,73.58,,method_dataset_shot,5,data/old_result/results_logs_singlora/singlora_eurosat_1shot.log,DATA-0383,73.49,0.09000000000000341,accuracy_mismatch
Singlora,14,wide,food101,1,singlora,,,,,85.75,,method_dataset_shot,5,data/old_result/results_logs_singlora/singlora_food101_1shot.log,DATA-0406,85.6,0.15000000000000568,accuracy_mismatch
Singlora,14,wide,oxford_pets,1,singlora,,,,,92.61,,method_dataset_shot,5,data/old_result/results_logs_singlora/singlora_oxford_pets_1shot.log,DATA-0428,92.64,0.030000000000001137,accuracy_mismatch
Singlora,14,wide,oxford_flowers,1,singlora,,,,,81.4,,method_dataset_shot,5,data/old_result/results_logs_singlora/singlora_oxford_flowers_1shot.log,DATA-0417,81.2,0.20000000000000284,accuracy_mismatch
Singlora,14,wide,caltech101,1,singlora,,,,,93.87,,method_dataset_shot,5,data/old_result/results_logs_singlora/singlora_caltech101_1shot_r4_a8.log,DATA-0360,93.87,0.0,accuracy_match
Singlora,14,wide,dtd,1,singlora,,,,,53.37,,method_dataset_shot,5,data/old_result/results_logs_singlora/singlora_dtd_1shot.log,DATA-0371,53.37,0.0,accuracy_match
Singlora,14,wide,ucf101,1,singlora,,,,,75.47,,method_dataset_shot,5,data/old_result/results_logs_singlora/singlora_ucf101_1shot.log,DATA-0439,75.81,0.3400000000000034,accuracy_mismatch
Singlora,26,wide,fgvc,4,lora,,,,,39.15,,method_dataset_shot,7,data/result_new/results_logs_check_lora/lora_fgvc_4shot.log,DATA-0468,39.15,0.0,accuracy_match
Singlora,26,wide,eurosat,4,lora,,,,,87.49,,method_dataset_shot,7,data/result_new/results_logs_check_lora/lora_eurosat_4shot.log,DATA-0465,87.49,0.0,accuracy_match
Singlora,26,wide,food101,4,lora,,,,,83.72,,method_dataset_shot,7,data/result_scan_loss/result_loss_loRA/lora_food101_4shot.log,DATA-0644,83.72,0.0,accuracy_match
Singlora,26,wide,oxford_pets,4,lora,,,,,91.06,,method_dataset_shot,7,data/result_scan_loss/result_loss_loRA/lora_oxford_pets_4shot.log,DATA-0646,91.06,0.0,accuracy_match
Singlora,26,wide,oxford_flowers,4,lora,,,,,93.67,,method_dataset_shot,7,data/result_scan_loss/result_loss_loRA/lora_oxford_flowers_4shot.log,DATA-0645,93.67,0.0,accuracy_match
Singlora,26,wide,caltech101,4,lora,,,,,95.58,,method_dataset_shot,7,data/result_new/results_logs_check_lora/lora_caltech101_4shot.log,DATA-0459,95.58,0.0,accuracy_match
Singlora,26,wide,dtd,4,lora,,,,,65.19,,method_dataset_shot,7,data/result_new/results_logs_check_lora/lora_dtd_4shot.log,DATA-0462,65.19,0.0,accuracy_match
Singlora,26,wide,ucf101,4,lora,,,,,80.39,,method_dataset_shot,7,data/result_scan_loss/result_loss_loRA/lora_ucf101_4shot.log,DATA-0647,80.39,0.0,accuracy_match
Singlora,27,wide,fgvc,4,singlora,,,,,38.46,,method_dataset_shot,4,data/old_result/results_logs_singlora/singlora_fgvc_4shot.log,DATA-0400,38.49,0.030000000000001137,accuracy_mismatch
Singlora,27,wide,eurosat,4,singlora,,,,,89.53,,method_dataset_shot,4,data/old_result/results_logs_singlora/singlora_eurosat_4shot.log,DATA-0388,89.46,0.07000000000000739,accuracy_mismatch
Singlora,27,wide,food101,4,singlora,,,,,84.44,,method_dataset_shot,4,data/old_result/results_logs_singlora/singlora_food101_4shot.log,DATA-0411,84.43,0.009999999999990905,accuracy_match
Singlora,27,wide,oxford_pets,4,singlora,,,,,92.45,,method_dataset_shot,4,data/old_result/results_logs_singlora/singlora_oxford_pets_4shot.log,DATA-0433,91.91,0.5400000000000063,accuracy_mismatch
Singlora,27,wide,oxford_flowers,4,singlora,,,,,93.75,,method_dataset_shot,4,data/old_result/results_logs_singlora/singlora_oxford_flowers_4shot.log,DATA-0422,93.79,0.04000000000000625,accuracy_mismatch
Singlora,27,wide,caltech101,4,singlora,,,,,95.21,,method_dataset_shot,7,data/old_result/results_logs_singlora/singlora_caltech101_4shot.log,DATA-0361,95.21,0.0,accuracy_match
Singlora,27,wide,dtd,4,singlora,,,,,65.01,,method_dataset_shot,5,data/old_result/results_logs_singlora/singlora_dtd_4shot.log,DATA-0376,64.83,0.18000000000000682,accuracy_mismatch
Singlora,27,wide,ucf101,4,singlora,,,,,81.15,,method_dataset_shot,4,data/old_result/results_logs_singlora/singlora_ucf101_4shot.log,DATA-0444,81.15,0.0,accuracy_match
Singlora,42,wide,fgvc,16,lora,,,,,54.97,,method_dataset_shot,1,data/result_new/results_logs_check_lora/lora_fgvc_16shot.log,DATA-0466,54.97,0.0,accuracy_match
Singlora,42,wide,eurosat,16,lora,,,,,91.25,,method_dataset_shot,1,data/result_new/results_logs_check_lora/lora_eurosat_16shot.log,DATA-0463,91.25,0.0,accuracy_match
Singlora,42,wide,food101,16,lora,,,,,84.55,,method_dataset_shot,1,data/result_new/results_logs_check_lora/lora_food101_16shot.log,DATA-0469,84.55,0.0,accuracy_match
Singlora,42,wide,oxford_pets,16,lora,,,,,92.53,,method_dataset_shot,1,data/result_new/results_logs_check_lora/lora_oxford_pets_16shot.log,DATA-0473,92.53,0.0,accuracy_match
Singlora,42,wide,oxford_flowers,16,lora,,,,,97.93,,method_dataset_shot,1,data/result_new/results_logs_check_lora/lora_oxford_flowers_16shot.log,DATA-0471,97.93,0.0,accuracy_match
Singlora,42,wide,caltech101,16,lora,,,,,96.31,,method_dataset_shot,1,data/result_new/results_logs_check_lora/lora_caltech101_16shot.log,DATA-0457,96.31,0.0,accuracy_match
Singlora,42,wide,dtd,16,lora,,,,,72.28,,method_dataset_shot,1,data/result_new/results_logs_check_lora/lora_dtd_16shot.log,DATA-0460,72.28,0.0,accuracy_match
Singlora,42,wide,ucf101,16,lora,,,,,86.36,,method_dataset_shot,1,data/result_new/results_logs_check_lora/lora_ucf101_16shot.log,DATA-0475,86.36,0.0,accuracy_match
Singlora,43,wide,fgvc,16,singlora,,,,,52.27,,method_dataset_shot,3,data/old_result/results_logs_singlora/singlora_fgvc_16shot.log,DATA-0392,52.27,0.0,accuracy_match
Singlora,43,wide,eurosat,16,singlora,,,,,91.54,,method_dataset_shot,2,data/old_result/results_logs_singlora/singlora_eurosat_16shot.log,DATA-0381,91.54,0.0,accuracy_match
Singlora,43,wide,food101,16,singlora,,,,,85.24,,method_dataset_shot,2,data/old_result/results_logs_singlora/singlora_food101_16shot.log,DATA-0404,85.24,0.0,accuracy_match
Singlora,43,wide,oxford_pets,16,singlora,,,,,92.72,,method_dataset_shot,2,data/old_result/results_logs_singlora/singlora_oxford_pets_16shot.log,DATA-0426,92.72,0.0,accuracy_match
Singlora,43,wide,oxford_flowers,16,singlora,,,,,98.05,,method_dataset_shot,2,data/old_result/results_logs_singlora/singlora_oxford_flowers_16shot.log,DATA-0415,98.05,0.0,accuracy_match
Singlora,43,wide,caltech101,16,singlora,,,,,96.63,,method_dataset_shot,2,data/old_result/results_logs_singlora/singlora_caltech101_16shot.log,DATA-0354,96.63,0.0,accuracy_match
Singlora,43,wide,dtd,16,singlora,,,,,72.4,,method_dataset_shot,3,data/old_result/results_logs_singlora/singlora_dtd_16shot.log,DATA-0368,72.4,0.0,accuracy_match
Singlora,43,wide,ucf101,16,singlora,,,,,86.28,,method_dataset_shot,2,data/old_result/results_logs_singlora/singlora_ucf101_16shot.log,DATA-0437,86.28,0.0,accuracy_match
