record_type,source_path,source_artifact_id,source_sha256,source_group,method,dataset,shot,seed,rank,heads,lambda_o,loss,accuracy,zero_shot_accuracy,checkpoint_path_reported,checkpoint_sha256,log_line_count,status,verification_note,csv_row,log_file,matched_log_path,matched_log_artifact_id,matched_log_accuracy,params,time_seconds
log,data/old_result/results_logs_gmhsinglora/gmhsinglora_caltech101_16shot.log,DATA-0161,310C88FF4301CF7A9DAB0F7FF68E4AC8B4E0A109058DB9E2B785E311832C038A,old_result,gmhsinglora,caltech101,16,unknown,,,,,96.43,93.31,./checkpoints,,8693,recovered_log_final_accuracy,seed/split not verified from recovered log,,,,,,,
log,data/old_result/results_logs_gmhsinglora/gmhsinglora_caltech101_16shot_heads4.log,DATA-0162,E2C75C4171F5EB5380596D0B557A44A419A1C7DF00B13C2B14060458B89075A6,old_result,gmhsinglora,caltech101,16,unknown,,4,,,96.47,93.31,./checkpoints/gmhsinglora/ViT-B16/caltech101/16shots/seed1/adapter_weights.pt,,8694,recovered_log_final_accuracy,seed/split not verified from recovered log,,,,,,,
log,data/old_result/results_logs_gmhsinglora/gmhsinglora_caltech101_1shot.log,DATA-0163,FB17E83EC5C8161E119E55B0514906ADC83B7C34BD527BDAEC12D328A8B01100,old_result,gmhsinglora,caltech101,1,unknown,,,,,94.2,93.31,./checkpoints,,1053,recovered_log_final_accuracy,seed/split not verified from recovered log,,,,,,,
log,data/old_result/results_logs_gmhsinglora/gmhsinglora_caltech101_1shot_heads1.log,DATA-0164,9C20EFBED0648B7317B4E467C795BC5D72C1413ABD41ACB28BB6CEDB854A5939,old_result,gmhsinglora,caltech101,1,unknown,,1,,,93.75,93.31,./checkpoints/gmhsinglora/ViT-B16/caltech101/1shots/seed1/adapter_weights.pt,,930,recovered_log_final_accuracy,seed/split not verified from recovered log,,,,,,,
log,data/old_result/results_logs_gmhsinglora/gmhsinglora_caltech101_1shot_heads2.log,DATA-0165,5428C02DD697A221E147C7675BE31B84E195FD4E30A94445B8B0A9E0CF1B8601,old_result,gmhsinglora,caltech101,1,unknown,,2,,,94.16,93.31,./checkpoints/gmhsinglora/ViT-B16/caltech101/1shots/seed1/adapter_weights.pt,,930,recovered_log_final_accuracy,seed/split not verified from recovered log,,,,,,,
log,data/old_result/results_logs_gmhsinglora/gmhsinglora_caltech101_1shot_heads4.log,DATA-0166,971A7EDA434EA08E36721C989A06558A1C74D84CDBAFA8E5DB8AB9B544C92E7B,old_result,gmhsinglora,caltech101,1,unknown,,4,,,93.91,93.31,./checkpoints/gmhsinglora/ViT-B16/caltech101/1shots/seed1/adapter_weights.pt,,930,recovered_log_final_accuracy,seed/split not verified from recovered log,,,,,,,
log,data/old_result/results_logs_gmhsinglora/gmhsinglora_caltech101_1shot_r4_a1.log,DATA-0167,AFD625EA6BAC4E41B6117C2B0E78EF6751BF3F446AC7345F46E47492C884B4EF,old_result,gmhsinglora,caltech101,1,unknown,4,,,,94.16,93.31,./checkpoints/gmhsinglora/ViT-B16/caltech101/1shots/seed1/adapter_weights.pt,,1054,recovered_log_final_accuracy,seed/split not verified from recovered log,,,,,,,
log,data/old_result/results_logs_gmhsinglora/gmhsinglora_caltech101_1shot_r4_a16.log,DATA-0168,C654CB538C045D83A6D6DD355FEFDA8E073815D7905F4379BAE3E4AADAB94ABD,old_result,gmhsinglora,caltech101,1,unknown,4,,,,93.27,93.31,./checkpoints/gmhsinglora/ViT-B16/caltech101/1shots/seed1/adapter_weights.pt,,1054,recovered_log_final_accuracy,seed/split not verified from recovered log,,,,,,,
log,data/old_result/results_logs_gmhsinglora/gmhsinglora_caltech101_1shot_r4_a2.log,DATA-0169,D916F7EC6CBE66E320316D98221B9D259E375CFABAFB28CB9AB51D8AB9592D14,old_result,gmhsinglora,caltech101,1,unknown,4,,,,93.83,93.31,./checkpoints/gmhsinglora/ViT-B16/caltech101/1shots/seed1/adapter_weights.pt,,1054,recovered_log_final_accuracy,seed/split not verified from recovered log,,,,,,,
log,data/old_result/results_logs_gmhsinglora/gmhsinglora_caltech101_1shot_r4_a8.log,DATA-0170,DDC8F29E62FC391A0ADD8D1EF5F23AEFA2ED651AFDB7BED55C47D04BC5EC0856,old_result,gmhsinglora,caltech101,1,unknown,4,,,,93.27,93.31,./checkpoints/gmhsinglora/ViT-B16/caltech101/1shots/seed1/adapter_weights.pt,,1054,recovered_log_final_accuracy,seed/split not verified from recovered log,,,,,,,
log,data/old_result/results_logs_gmhsinglora/gmhsinglora_caltech101_4shot.log,DATA-0171,E9A7E3F0D4D2F5987A9C49ADD14DDC240A503D5D9F8844E6C078F4B21AE6A913,old_result,gmhsinglora,caltech101,4,unknown,,,,,95.58,93.31,./checkpoints,,2669,recovered_log_final_accuracy,seed/split not verified from recovered log,,,,,,,
log,data/old_result/results_logs_gmhsinglora/gmhsinglora_caltech101_4shot_heads1.log,DATA-0172,81B352BF3EBC22F7F8E5FB19F8216CA3A06BCABDE06D1F7BB5853C32D7C6D308,old_result,gmhsinglora,caltech101,4,unknown,,1,,,95.42,93.31,./checkpoints/gmhsinglora/ViT-B16/caltech101/4shots/seed1/adapter_weights.pt,,2670,recovered_log_final_accuracy,seed/split not verified from recovered log,,,,,,,
log,data/old_result/results_logs_gmhsinglora/gmhsinglora_caltech101_4shot_heads2_r4_a1.log,DATA-0173,F69E98DCB435D4642FBFDDBCC265284F9B1E4720F18F15A65F5EAC31492BE024,old_result,gmhsinglora,caltech101,4,unknown,4,2,,,95.29,93.31,./checkpoints/gmhsinglora/ViT-B16/caltech101/4shots/seed1/adapter_weights.pt,,2670,recovered_log_final_accuracy,seed/split not verified from recovered log,,,,,,,
log,data/old_result/results_logs_gmhsinglora/gmhsinglora_caltech101_4shot_heads2_r4_a2.log,DATA-0174,A55E1E02FE0D46EC39D95C070328537E1A73B92FBAB76EDF905F3A414A2F9531,old_result,gmhsinglora,caltech101,4,unknown,4,2,,,95.42,93.31,./checkpoints/gmhsinglora/ViT-B16/caltech101/4shots/seed1/adapter_weights.pt,,2670,recovered_log_final_accuracy,seed/split not verified from recovered log,,,,,,,
log,data/old_result/results_logs_gmhsinglora/gmhsinglora_caltech101_4shot_heads2_r4_a8.log,DATA-0175,2156D3951252B138E245E33D3111A1B0AF2B7E7A2D3270138D8218AC453DF473,old_result,gmhsinglora,caltech101,4,unknown,4,2,,,95.17,93.31,./checkpoints/gmhsinglora/ViT-B16/caltech101/4shots/seed1/adapter_weights.pt,,2670,recovered_log_final_accuracy,seed/split not verified from recovered log,,,,,,,
log,data/old_result/results_logs_gmhsinglora/gmhsinglora_caltech101_4shot_heads4.log,DATA-0176,2F23A1EBEC704B9E9134D769BE55F9794AF8D096B9327D9408C82AB9F6ADAEC5,old_result,gmhsinglora,caltech101,4,unknown,,4,,,95.21,93.31,./checkpoints/gmhsinglora/ViT-B16/caltech101/4shots/seed1/adapter_weights.pt,,2670,recovered_log_final_accuracy,seed/split not verified from recovered log,,,,,,,
log,data/old_result/results_logs_gmhsinglora/gmhsinglora_dtd_16shot.log,DATA-0177,C867E2FE00376D27D87CCB78F92B32E27549641B26B239415A901D0061761CFD,old_result,gmhsinglora,dtd,16,unknown,,,,,73.29,44.39,./checkpoints,,9386,recovered_log_final_accuracy,seed/split not verified from recovered log,,,,,,,
log,data/old_result/results_logs_gmhsinglora/gmhsinglora_dtd_16shot_heads4.log,DATA-0178,7CFA01BA23B7A13BDBCCACE0A1E5269D90074718F0959041FACA276F3C90371C,old_result,gmhsinglora,dtd,16,unknown,,4,,,73.76,44.39,./checkpoints/gmhsinglora/ViT-B16/dtd/16shots/seed1/adapter_weights.pt,,9387,recovered_log_final_accuracy,seed/split not verified from recovered log,,,,,,,
log,data/old_result/results_logs_gmhsinglora/gmhsinglora_dtd_1shot.log,DATA-0179,43957B2C78045B9B571FC68BAB17892AAD42C27457016626C1A4569F0939D115,old_result,gmhsinglora,dtd,1,unknown,,,,,55.32,44.39,./checkpoints,,1550,recovered_log_final_accuracy,seed/split not verified from recovered log,,,,,,,
log,data/old_result/results_logs_gmhsinglora/gmhsinglora_dtd_1shot_heads1.log,DATA-0180,2E119ACCB0A6EC1E852AF476E1972B2B599A361B38335CBA82CDA4D4C6B9005F,old_result,gmhsinglora,dtd,1,unknown,,1,,,54.02,44.39,./checkpoints/gmhsinglora/ViT-B16/dtd/1shots/seed1/adapter_weights.pt,,1302,recovered_log_final_accuracy,seed/split not verified from recovered log,,,,,,,
log,data/old_result/results_logs_gmhsinglora/gmhsinglora_dtd_1shot_heads2.log,DATA-0181,4920AC782AA54C28F1A42E9517AA6EA0DBBA959B4B8EDD6502C3C1850BF01CA4,old_result,gmhsinglora,dtd,1,unknown,,2,,,53.78,44.39,./checkpoints/gmhsinglora/ViT-B16/dtd/1shots/seed1/adapter_weights.pt,,1302,recovered_log_final_accuracy,seed/split not verified from recovered log,,,,,,,
log,data/old_result/results_logs_gmhsinglora/gmhsinglora_dtd_1shot_heads4.log,DATA-0182,BEA2E8AC4D06453EB7173A26E4507F0BDFDA6B9464E548E76F43973EB0002788,old_result,gmhsinglora,dtd,1,unknown,,4,,,54.96,44.39,./checkpoints/gmhsinglora/ViT-B16/dtd/1shots/seed1/adapter_weights.pt,,1551,recovered_log_final_accuracy,seed/split not verified from recovered log,,,,,,,
log,data/old_result/results_logs_gmhsinglora/gmhsinglora_dtd_1shot_r4_a1.log,DATA-0183,4EBA86823DEC28D83180BED207C786C34360DFA80AD8547DEB6C2F0D19F88B96,old_result,gmhsinglora,dtd,1,unknown,4,,,,53.72,44.39,./checkpoints/gmhsinglora/ViT-B16/dtd/1shots/seed1/adapter_weights.pt,,1551,recovered_log_final_accuracy,seed/split not verified from recovered log,,,,,,,
log,data/old_result/results_logs_gmhsinglora/gmhsinglora_dtd_1shot_r4_a16.log,DATA-0184,4C0F3645C9E107FE83A5D205A335A93B8C0F4EC08A75C44DE7201086C80F482F,old_result,gmhsinglora,dtd,1,unknown,4,,,,51.12,44.39,./checkpoints/gmhsinglora/ViT-B16/dtd/1shots/seed1/adapter_weights.pt,,1551,recovered_log_final_accuracy,seed/split not verified from recovered log,,,,,,,
log,data/old_result/results_logs_gmhsinglora/gmhsinglora_dtd_1shot_r4_a2.log,DATA-0185,F76DE4A901D4A86DFF0D9E82A751BC0CD6E7B574356EE5111320AAB503354968,old_result,gmhsinglora,dtd,1,unknown,4,,,,53.13,44.39,./checkpoints/gmhsinglora/ViT-B16/dtd/1shots/seed1/adapter_weights.pt,,1551,recovered_log_final_accuracy,seed/split not verified from recovered log,,,,,,,
log,data/old_result/results_logs_gmhsinglora/gmhsinglora_dtd_1shot_r4_a8.log,DATA-0186,02C0E874CC95A95C094B3474367AC49CF2A74344D9D5E0C7A22371DED8FD551A,old_result,gmhsinglora,dtd,1,unknown,4,,,,51.95,44.39,./checkpoints/gmhsinglora/ViT-B16/dtd/1shots/seed1/adapter_weights.pt,,1551,recovered_log_final_accuracy,seed/split not verified from recovered log,,,,,,,
log,data/old_result/results_logs_gmhsinglora/gmhsinglora_dtd_4shot.log,DATA-0187,0EC50C56E0372235A088D13FE4BA0458CCAF078CAB41084A44B2CBFD4044DF6A,old_result,gmhsinglora,dtd,4,unknown,,,,,65.07,44.39,./checkpoints,,3386,recovered_log_final_accuracy,seed/split not verified from recovered log,,,,,,,
log,data/old_result/results_logs_gmhsinglora/gmhsinglora_dtd_4shot_heads1.log,DATA-0188,BAB5C3BCE36B4147AA7C28E90BD645270491798EE1AE19E9DE5491A548202F54,old_result,gmhsinglora,dtd,4,unknown,,1,,,66.61,44.39,./checkpoints/gmhsinglora/ViT-B16/dtd/4shots/seed1/adapter_weights.pt,,3387,recovered_log_final_accuracy,seed/split not verified from recovered log,,,,,,,
log,data/old_result/results_logs_gmhsinglora/gmhsinglora_dtd_4shot_heads2_r4_a1.log,DATA-0189,8C5C7E941FD3C1717C9FF13F3B127174CF6F1CE48D3AF5DF455F28BC919AD1B5,old_result,gmhsinglora,dtd,4,unknown,4,2,,,65.66,44.39,./checkpoints/gmhsinglora/ViT-B16/dtd/4shots/seed1/adapter_weights.pt,,3387,recovered_log_final_accuracy,seed/split not verified from recovered log,,,,,,,
log,data/old_result/results_logs_gmhsinglora/gmhsinglora_dtd_4shot_heads2_r4_a2.log,DATA-0190,30068C16086C81F22EE9FEA90F303C8A9B2FA2E3863352217B4304FE6D073428,old_result,gmhsinglora,dtd,4,unknown,4,2,,,65.9,44.39,./checkpoints/gmhsinglora/ViT-B16/dtd/4shots/seed1/adapter_weights.pt,,3387,recovered_log_final_accuracy,seed/split not verified from recovered log,,,,,,,
log,data/old_result/results_logs_gmhsinglora/gmhsinglora_dtd_4shot_heads2_r4_a8.log,DATA-0191,D1F0ED19E4F5110FA931BC9CE642D2F84298E591F96AD12199A206A760A6D4A5,old_result,gmhsinglora,dtd,4,unknown,4,2,,,65.25,44.39,./checkpoints/gmhsinglora/ViT-B16/dtd/4shots/seed1/adapter_weights.pt,,3387,recovered_log_final_accuracy,seed/split not verified from recovered log,,,,,,,
log,data/old_result/results_logs_gmhsinglora/gmhsinglora_dtd_4shot_heads4.log,DATA-0192,D02B58661089C75653872E6A8DD96E59094083B3CD1BAA033A43A8FBD68B73FC,old_result,gmhsinglora,dtd,4,unknown,,4,,,65.96,44.39,./checkpoints/gmhsinglora/ViT-B16/dtd/4shots/seed1/adapter_weights.pt,,3387,recovered_log_final_accuracy,seed/split not verified from recovered log,,,,,,,
log,data/old_result/results_logs_gmhsinglora/gmhsinglora_eurosat_16shot.log,DATA-0193,9470FA0AE18573D8EF4C6F98012426B2EF4AD855F533AC4DD93087FC10E2E6EE,old_result,gmhsinglora,eurosat,16,unknown,,,,,91.58,42.16,./checkpoints,,14475,recovered_log_final_accuracy,seed/split not verified from recovered log,,,,,,,
log,data/old_result/results_logs_gmhsinglora/gmhsinglora_eurosat_16shot_heads4.log,DATA-0194,3FFE506144FE7FE79DFF119913538F14C4D9D7DAA470F0D791310A33DDEA888E,old_result,gmhsinglora,eurosat,16,unknown,,4,,,90.65,42.16,./checkpoints/gmhsinglora/ViT-B16/eurosat/16shots/seed1/adapter_weights.pt,,14476,recovered_log_final_accuracy,seed/split not verified from recovered log,,,,,,,
log,data/old_result/results_logs_gmhsinglora/gmhsinglora_eurosat_1shot.log,DATA-0195,71AFFB89A063E639756909E82803ADC58F15148D282B2EDF6F770142790584C6,old_result,gmhsinglora,eurosat,1,unknown,,,,,72.77,42.16,./checkpoints,,2575,recovered_log_final_accuracy,seed/split not verified from recovered log,,,,,,,
log,data/old_result/results_logs_gmhsinglora/gmhsinglora_eurosat_1shot_heads1.log,DATA-0196,1EE9975616C360EBB64BAA3431BC368AF2C272C59A6F75E03835371B7FD6CD8A,old_result,gmhsinglora,eurosat,1,unknown,,1,,,74.22,42.16,./checkpoints/gmhsinglora/ViT-B16/eurosat/1shots/seed1/adapter_weights.pt,,2576,recovered_log_final_accuracy,seed/split not verified from recovered log,,,,,,,
log,data/old_result/results_logs_gmhsinglora/gmhsinglora_eurosat_1shot_heads2.log,DATA-0197,A1BFB07D59311B82AAE17013741F132ACED08310C399CEE55FF6ABCA3369BD7B,old_result,gmhsinglora,eurosat,1,unknown,,2,,,73.3,42.16,./checkpoints/gmhsinglora/ViT-B16/eurosat/1shots/seed1/adapter_weights.pt,,2576,recovered_log_final_accuracy,seed/split not verified from recovered log,,,,,,,
log,data/old_result/results_logs_gmhsinglora/gmhsinglora_eurosat_1shot_heads4.log,DATA-0198,7C092FB023DC28922148764899EDEA3661DA8E5D4B6CDCB39DF964E33B4C1FCA,old_result,gmhsinglora,eurosat,1,unknown,,4,,,69.84,42.16,./checkpoints/gmhsinglora/ViT-B16/eurosat/1shots/seed1/adapter_weights.pt,,2576,recovered_log_final_accuracy,seed/split not verified from recovered log,,,,,,,
log,data/old_result/results_logs_gmhsinglora/gmhsinglora_eurosat_1shot_r4_a1.log,DATA-0199,82F5A6FD6EA858732B61EADF3254B305FBBACF81675D17B04912711F3C036C39,old_result,gmhsinglora,eurosat,1,unknown,4,,,,73.3,42.16,./checkpoints/gmhsinglora/ViT-B16/eurosat/1shots/seed1/adapter_weights.pt,,2577,recovered_log_final_accuracy,seed/split not verified from recovered log,,,,,,,
log,data/old_result/results_logs_gmhsinglora/gmhsinglora_eurosat_1shot_r4_a16.log,DATA-0200,414C6B6C95527961AEEAA9A6CE948B2EC2B774F391B97AA56DCF52DCFB171CDF,old_result,gmhsinglora,eurosat,1,unknown,4,,,,68.65,42.16,./checkpoints/gmhsinglora/ViT-B16/eurosat/1shots/seed1/adapter_weights.pt,,2576,recovered_log_final_accuracy,seed/split not verified from recovered log,,,,,,,
log,data/old_result/results_logs_gmhsinglora/gmhsinglora_eurosat_1shot_r4_a2.log,DATA-0201,EFDCCDB11213E1ABC7D1FE97ADF596C48943C9431488653B24590F9A51DC7A0C,old_result,gmhsinglora,eurosat,1,unknown,4,,,,71.07,42.16,./checkpoints/gmhsinglora/ViT-B16/eurosat/1shots/seed1/adapter_weights.pt,,2576,recovered_log_final_accuracy,seed/split not verified from recovered log,,,,,,,
log,data/old_result/results_logs_gmhsinglora/gmhsinglora_eurosat_1shot_r4_a8.log,DATA-0202,DCB892DF17813F656CE2FB22A33C34B55827ACE15F52B3570ACEFDA3D467A6B6,old_result,gmhsinglora,eurosat,1,unknown,4,,,,68.96,42.16,./checkpoints/gmhsinglora/ViT-B16/eurosat/1shots/seed1/adapter_weights.pt,,2576,recovered_log_final_accuracy,seed/split not verified from recovered log,,,,,,,
log,data/old_result/results_logs_gmhsinglora/gmhsinglora_eurosat_4shot.log,DATA-0203,B9D8B4BEADBC86D4D10016C12E05EBF92479364B55FF63231E1730BBA7A253B2,old_result,gmhsinglora,eurosat,4,unknown,,,,,89.1,42.16,./checkpoints,,6075,recovered_log_final_accuracy,seed/split not verified from recovered log,,,,,,,
log,data/old_result/results_logs_gmhsinglora/gmhsinglora_eurosat_4shot_heads1.log,DATA-0204,8DE0FB3400AF3C0AC7ADBC829C5E6B325ACBC8F629FF45D1F5E9DEB640442CDC,old_result,gmhsinglora,eurosat,4,unknown,,1,,,87.58,42.16,./checkpoints/gmhsinglora/ViT-B16/eurosat/4shots/seed1/adapter_weights.pt,,5145,recovered_log_final_accuracy,seed/split not verified from recovered log,,,,,,,
log,data/old_result/results_logs_gmhsinglora/gmhsinglora_eurosat_4shot_heads2_r4_a1.log,DATA-0205,99CF1842FFFEDFD0940EDF52A32DEE5BA7B799F60221D16DCDD61A461F104D66,old_result,gmhsinglora,eurosat,4,unknown,4,2,,,88.28,42.16,./checkpoints/gmhsinglora/ViT-B16/eurosat/4shots/seed1/adapter_weights.pt,,6076,recovered_log_final_accuracy,seed/split not verified from recovered log,,,,,,,
log,data/old_result/results_logs_gmhsinglora/gmhsinglora_eurosat_4shot_heads2_r4_a2.log,DATA-0206,EFFD57B6D8DDCFB42E5AFECA761017427FCDD06B0FDF555975A14F20B3864343,old_result,gmhsinglora,eurosat,4,unknown,4,2,,,88.37,42.16,./checkpoints/gmhsinglora/ViT-B16/eurosat/4shots/seed1/adapter_weights.pt,,6076,recovered_log_final_accuracy,seed/split not verified from recovered log,,,,,,,
log,data/old_result/results_logs_gmhsinglora/gmhsinglora_eurosat_4shot_heads2_r4_a8.log,DATA-0207,6EA1E60BDF1F4466B61DFA74141829BEAC0353EDE6B2E9E7AB5E872EEB5BA91E,old_result,gmhsinglora,eurosat,4,unknown,4,2,,,86.68,42.16,./checkpoints/gmhsinglora/ViT-B16/eurosat/4shots/seed1/adapter_weights.pt,,6076,recovered_log_final_accuracy,seed/split not verified from recovered log,,,,,,,
log,data/old_result/results_logs_gmhsinglora/gmhsinglora_eurosat_4shot_heads4.log,DATA-0208,8159C019F65A46CA8F26BC75D5EF707FCBFDD599D861FA13ADD3958CF982392E,old_result,gmhsinglora,eurosat,4,unknown,,4,,,87.64,42.16,./checkpoints/gmhsinglora/ViT-B16/eurosat/4shots/seed1/adapter_weights.pt,,6076,recovered_log_final_accuracy,seed/split not verified from recovered log,,,,,,,
log,data/old_result/results_logs_gmhsinglora/gmhsinglora_fgvc_16shot.log,DATA-0209,009DFECD7737075A1D2569F9BB6D18DD8E67CED53566CB1E8B902BA48CACB155,old_result,gmhsinglora,fgvc,16,unknown,,,,,54.88,23.73,./checkpoints,,8696,recovered_log_final_accuracy,seed/split not verified from recovered log,,,,,,,
log,data/old_result/results_logs_gmhsinglora/gmhsinglora_fgvc_16shot_heads4.log,DATA-0210,67C61299FE0B23BE73E44338C3516B226BE3DC699BC3F6E728DFFD9E42400AC2,old_result,gmhsinglora,fgvc,16,unknown,,4,,,56.35,23.73,./checkpoints/gmhsinglora/ViT-B16/fgvc/16shots/seed1/adapter_weights.pt,,8697,recovered_log_final_accuracy,seed/split not verified from recovered log,,,,,,,
log,data/old_result/results_logs_gmhsinglora/gmhsinglora_fgvc_1shot.log,DATA-0211,48EEB560488D71C7971A590014C4BAE8CB7208F3A266851066896D844F7C1B57,old_result,gmhsinglora,fgvc,1,unknown,,,,,29.73,23.73,./checkpoints,,1056,recovered_log_final_accuracy,seed/split not verified from recovered log,,,,,,,
log,data/old_result/results_logs_gmhsinglora/gmhsinglora_fgvc_1shot_heads1.log,DATA-0212,66EB9101BCAE5DFEF1B6CF33A701FED02FC43C85827F5F3993406797F0C0D953,old_result,gmhsinglora,fgvc,1,unknown,,1,,,28.95,23.73,./checkpoints/gmhsinglora/ViT-B16/fgvc/1shots/seed1/adapter_weights.pt,,1585,recovered_log_final_accuracy,seed/split not verified from recovered log,,,,,,,
log,data/old_result/results_logs_gmhsinglora/gmhsinglora_fgvc_1shot_heads2.log,DATA-0213,E23D55FFE72C683E6CC411AC8BDEE5EBB25F244DF0B3BBD2ACE3AA45D631D3C5,old_result,gmhsinglora,fgvc,1,unknown,,2,,,29.49,23.73,./checkpoints/gmhsinglora/ViT-B16/fgvc/1shots/seed1/adapter_weights.pt,,933,recovered_log_final_accuracy,seed/split not verified from recovered log,,,,,,,
log,data/old_result/results_logs_gmhsinglora/gmhsinglora_fgvc_1shot_heads4.log,DATA-0214,7EA90E2934CFA3AA49B07D14587B14CE90C1D9847FD9B1105421307883F09791,old_result,gmhsinglora,fgvc,1,unknown,,4,,,29.88,23.73,./checkpoints/gmhsinglora/ViT-B16/fgvc/1shots/seed1/adapter_weights.pt,,933,recovered_log_final_accuracy,seed/split not verified from recovered log,,,,,,,
log,data/old_result/results_logs_gmhsinglora/gmhsinglora_fgvc_1shot_r4_a1.log,DATA-0215,9BAF34548F67FAFAC911AC7D177E52EFE8ABC2470EB432F6C61D57C58AC7B37B,old_result,gmhsinglora,fgvc,1,unknown,4,,,,29.55,23.73,./checkpoints/gmhsinglora/ViT-B16/fgvc/1shots/seed1/adapter_weights.pt,,1057,recovered_log_final_accuracy,seed/split not verified from recovered log,,,,,,,
log,data/old_result/results_logs_gmhsinglora/gmhsinglora_fgvc_1shot_r4_a16.log,DATA-0216,94CF37D3FBC45576F4E59BE404378DC9688F0E78733C50147530EAE053582A61,old_result,gmhsinglora,fgvc,1,unknown,4,,,,22.89,23.73,./checkpoints/gmhsinglora/ViT-B16/fgvc/1shots/seed1/adapter_weights.pt,,1057,recovered_log_final_accuracy,seed/split not verified from recovered log,,,,,,,
log,data/old_result/results_logs_gmhsinglora/gmhsinglora_fgvc_1shot_r4_a2.log,DATA-0217,5BCE5BA52DEC0E871CB6B329506354084EAD272CBAE92D006F5806A325CFF3CF,old_result,gmhsinglora,fgvc,1,unknown,4,,,,28.38,23.73,./checkpoints/gmhsinglora/ViT-B16/fgvc/1shots/seed1/adapter_weights.pt,,1057,recovered_log_final_accuracy,seed/split not verified from recovered log,,,,,,,
log,data/old_result/results_logs_gmhsinglora/gmhsinglora_fgvc_1shot_r4_a8.log,DATA-0218,C7016DF368C01F61BD4B3D8B35B8C9AC3230B44B67D7A0BF0B005710CF7F816B,old_result,gmhsinglora,fgvc,1,unknown,4,,,,24.06,23.73,./checkpoints/gmhsinglora/ViT-B16/fgvc/1shots/seed1/adapter_weights.pt,,1057,recovered_log_final_accuracy,seed/split not verified from recovered log,,,,,,,
log,data/old_result/results_logs_gmhsinglora/gmhsinglora_fgvc_4shot.log,DATA-0219,6F59ABD7AFC8584E735FF82A0A1E78AF234E7C7317788FD343500EC99745EB71,old_result,gmhsinglora,fgvc,4,unknown,,,,,38.76,23.73,./checkpoints,,2672,recovered_log_final_accuracy,seed/split not verified from recovered log,,,,,,,
log,data/old_result/results_logs_gmhsinglora/gmhsinglora_fgvc_4shot_heads1.log,DATA-0220,E4A66F28F8A9FB6AD51CEFBB64A939701F096B67C2848BA295732AF76BC5EAD8,old_result,gmhsinglora,fgvc,4,unknown,,1,,,38.55,23.73,./checkpoints/gmhsinglora/ViT-B16/fgvc/4shots/seed1/adapter_weights.pt,,2672,recovered_log_final_accuracy,seed/split not verified from recovered log,,,,,,,
log,data/old_result/results_logs_gmhsinglora/gmhsinglora_fgvc_4shot_heads2_r4_a1.log,DATA-0221,21694E459B78129FCC6819F063E031ADB66C12083BDF653F46D9854E8AC56173,old_result,gmhsinglora,fgvc,4,unknown,4,2,,,38.16,23.73,./checkpoints/gmhsinglora/ViT-B16/fgvc/4shots/seed1/adapter_weights.pt,,2673,recovered_log_final_accuracy,seed/split not verified from recovered log,,,,,,,
log,data/old_result/results_logs_gmhsinglora/gmhsinglora_fgvc_4shot_heads2_r4_a2.log,DATA-0222,BA101C790A2646A88F6AFECD320D13FEA43B9F81D2E014267C9663211676ED4F,old_result,gmhsinglora,fgvc,4,unknown,4,2,,,37.35,23.73,./checkpoints/gmhsinglora/ViT-B16/fgvc/4shots/seed1/adapter_weights.pt,,2673,recovered_log_final_accuracy,seed/split not verified from recovered log,,,,,,,
log,data/old_result/results_logs_gmhsinglora/gmhsinglora_fgvc_4shot_heads2_r4_a8.log,DATA-0223,5A4FF62CA991108BA0FA5F5584B251E28687F5C38F53404397E1A4FC39CBE701,old_result,gmhsinglora,fgvc,4,unknown,4,2,,,36.48,23.73,./checkpoints/gmhsinglora/ViT-B16/fgvc/4shots/seed1/adapter_weights.pt,,2673,recovered_log_final_accuracy,seed/split not verified from recovered log,,,,,,,
log,data/old_result/results_logs_gmhsinglora/gmhsinglora_fgvc_4shot_heads4.log,DATA-0224,4A9000B6C7D04931EE7524732476E596497874832984232C1D9267588AAD1E24,old_result,gmhsinglora,fgvc,4,unknown,,4,,,39.9,23.73,./checkpoints/gmhsinglora/ViT-B16/fgvc/4shots/seed1/adapter_weights.pt,,2828,recovered_log_final_accuracy,seed/split not verified from recovered log,,,,,,,
log,data/old_result/results_logs_gmhsinglora/gmhsinglora_food101_16shot.log,DATA-0225,99F2E27594AB5BB66AF0AE4F1F79F6E4617C00B53A5841F9F5E01A206163791B,old_result,gmhsinglora,food101,16,unknown,,,,,85.0,85.26,./checkpoints,,8790,recovered_log_final_accuracy,seed/split not verified from recovered log,,,,,,,
log,data/old_result/results_logs_gmhsinglora/gmhsinglora_food101_16shot_heads4.log,DATA-0226,8AA8BC770478102C11508C4A7B98C5D1FE76EF2C3B8C6E8C898F7B1CA5D15590,old_result,gmhsinglora,food101,16,unknown,,4,,,85.01,85.26,./checkpoints/gmhsinglora/ViT-B16/food101/16shots/seed1/adapter_weights.pt,,8791,recovered_log_final_accuracy,seed/split not verified from recovered log,,,,,,,
log,data/old_result/results_logs_gmhsinglora/gmhsinglora_food101_1shot.log,DATA-0227,80A2CC978DA80B73721D9ACCE3E250EF26C35EC7BEEBFD4EF079525A40DB8007,old_result,gmhsinglora,food101,1,unknown,,,,,85.31,85.26,./checkpoints,,1162,recovered_log_final_accuracy,seed/split not verified from recovered log,,,,,,,
log,data/old_result/results_logs_gmhsinglora/gmhsinglora_food101_1shot_heads1.log,DATA-0228,C9218EF96F8E8C8AC26079BBCC657E40290AFA26639DE97440137FEFCEAAE68D,old_result,gmhsinglora,food101,1,unknown,,1,,,85.7,85.26,./checkpoints/gmhsinglora/ViT-B16/food101/1shots/seed1/adapter_weights.pt,,1039,recovered_log_final_accuracy,seed/split not verified from recovered log,,,,,,,
log,data/old_result/results_logs_gmhsinglora/gmhsinglora_food101_1shot_heads2.log,DATA-0229,2A824FBF3B229995873297B3443B039EE0489BAD213A0442F81D561311E64808,old_result,gmhsinglora,food101,1,unknown,,2,,,85.58,85.26,./checkpoints/gmhsinglora/ViT-B16/food101/1shots/seed1/adapter_weights.pt,,1042,recovered_log_final_accuracy,seed/split not verified from recovered log,,,,,,,
log,data/old_result/results_logs_gmhsinglora/gmhsinglora_food101_1shot_heads4.log,DATA-0230,275E0D0EE2D2E7CFACDF5CD9F8FA7A57E7108D27F3C509A723ADBAFC898EF95D,old_result,gmhsinglora,food101,1,unknown,,4,,,85.83,85.26,./checkpoints/gmhsinglora/ViT-B16/food101/1shots/seed1/adapter_weights.pt,,1168,recovered_log_final_accuracy,seed/split not verified from recovered log,,,,,,,
log,data/old_result/results_logs_gmhsinglora/gmhsinglora_food101_1shot_r4_a1.log,DATA-0231,BAD7533023544A27E3740E02C5B7FC95FFC12A233748AF7B78ED5FA58E495CD8,old_result,gmhsinglora,food101,1,unknown,4,,,,85.58,85.26,./checkpoints/gmhsinglora/ViT-B16/food101/1shots/seed1/adapter_weights.pt,,1163,recovered_log_final_accuracy,seed/split not verified from recovered log,,,,,,,
log,data/old_result/results_logs_gmhsinglora/gmhsinglora_food101_1shot_r4_a16.log,DATA-0232,4833C0512ED391CD6D4FB9A10B4CCFEC9561E791CF484093DEA3F1759282EBAC,old_result,gmhsinglora,food101,1,unknown,4,,,,79.51,85.26,./checkpoints/gmhsinglora/ViT-B16/food101/1shots/seed1/adapter_weights.pt,,1163,recovered_log_final_accuracy,seed/split not verified from recovered log,,,,,,,
log,data/old_result/results_logs_gmhsinglora/gmhsinglora_food101_1shot_r4_a2.log,DATA-0233,A8D9688046D93421DE67D00FA0049E6FBA4B8A54640BDDA53664DF66BB35F749,old_result,gmhsinglora,food101,1,unknown,4,,,,84.9,85.26,./checkpoints/gmhsinglora/ViT-B16/food101/1shots/seed1/adapter_weights.pt,,1163,recovered_log_final_accuracy,seed/split not verified from recovered log,,,,,,,
log,data/old_result/results_logs_gmhsinglora/gmhsinglora_food101_1shot_r4_a8.log,DATA-0234,8B5A10F3391E68AE7FE87385CDA2F7563D927AAE8B2083A2EB788EDBFF98CB26,old_result,gmhsinglora,food101,1,unknown,4,,,,82.41,85.26,./checkpoints/gmhsinglora/ViT-B16/food101/1shots/seed1/adapter_weights.pt,,1163,recovered_log_final_accuracy,seed/split not verified from recovered log,,,,,,,
log,data/old_result/results_logs_gmhsinglora/gmhsinglora_food101_4shot.log,DATA-0235,FBFDA9770B8A6E3991E70F4BE24A49C7BC4A508BE459825C3190DEFDBCBF60E3,old_result,gmhsinglora,food101,4,unknown,,,,,84.18,85.26,./checkpoints,,2778,recovered_log_final_accuracy,seed/split not verified from recovered log,,,,,,,
log,data/old_result/results_logs_gmhsinglora/gmhsinglora_food101_4shot_heads1.log,DATA-0236,4E5C2BB034677C9908E20725943E52BD0C72F1F4B103DB53EA9F4E9E44676B34,old_result,gmhsinglora,food101,4,unknown,,1,,,83.97,85.26,./checkpoints/gmhsinglora/ViT-B16/food101/4shots/seed1/adapter_weights.pt,,2694,recovered_log_final_accuracy,seed/split not verified from recovered log,,,,,,,
log,data/old_result/results_logs_gmhsinglora/gmhsinglora_food101_4shot_heads2_r4_a1.log,DATA-0237,A2200674990E3923C34BB2BB6C83F581B5C2B42D9930572CA103D2D28B6686C5,old_result,gmhsinglora,food101,4,unknown,4,2,,,83.84,85.26,./checkpoints/gmhsinglora/ViT-B16/food101/4shots/seed1/adapter_weights.pt,,2779,recovered_log_final_accuracy,seed/split not verified from recovered log,,,,,,,
log,data/old_result/results_logs_gmhsinglora/gmhsinglora_food101_4shot_heads2_r4_a2.log,DATA-0238,C2946EA6C8C4C2383AA5743C439DE9CE9E9F423B795A6A6D211F10FA63400B27,old_result,gmhsinglora,food101,4,unknown,4,2,,,82.86,85.26,./checkpoints/gmhsinglora/ViT-B16/food101/4shots/seed1/adapter_weights.pt,,2779,recovered_log_final_accuracy,seed/split not verified from recovered log,,,,,,,
log,data/old_result/results_logs_gmhsinglora/gmhsinglora_food101_4shot_heads2_r4_a8.log,DATA-0239,628203A3AD28A6966E8688792805E56C631F9F883B9BFE66AAA4A1AF84E8BB52,old_result,gmhsinglora,food101,4,unknown,4,2,,,79.95,85.26,./checkpoints/gmhsinglora/ViT-B16/food101/4shots/seed1/adapter_weights.pt,,2779,recovered_log_final_accuracy,seed/split not verified from recovered log,,,,,,,
log,data/old_result/results_logs_gmhsinglora/gmhsinglora_food101_4shot_heads4.log,DATA-0240,6D0B8BD5F205D6D4CA103B8628A837676F3F5E31CCEF0C73A9F7050BC1C33BCD,old_result,gmhsinglora,food101,4,unknown,,4,,,83.95,85.26,./checkpoints/gmhsinglora/ViT-B16/food101/4shots/seed1/adapter_weights.pt,,2779,recovered_log_final_accuracy,seed/split not verified from recovered log,,,,,,,
log,data/old_result/results_logs_gmhsinglora/gmhsinglora_oxford_flowers_16shot.log,DATA-0241,0B87AFE9FD4672A78B66E5C8DB58BF0BC4CC8E2EB2FA0887EB6EA992130AD4B1,old_result,gmhsinglora,oxford_flowers,16,unknown,,,,,98.29,67.4,./checkpoints,,8681,recovered_log_final_accuracy,seed/split not verified from recovered log,,,,,,,
log,data/old_result/results_logs_gmhsinglora/gmhsinglora_oxford_flowers_16shot_heads4.log,DATA-0242,77379A55CAF918475EC8509DF2321CA57BC77EDF6B9DE93C40602F5FC592CE25,old_result,gmhsinglora,oxford_flowers,16,unknown,,4,,,98.01,67.4,./checkpoints/gmhsinglora/ViT-B16/oxford_flowers/16shots/seed1/adapter_weights.pt,,8682,recovered_log_final_accuracy,seed/split not verified from recovered log,,,,,,,
log,data/old_result/results_logs_gmhsinglora/gmhsinglora_oxford_flowers_1shot.log,DATA-0243,6E597295CF31D080FF6587D79BF9D14C333CE4EDB0DCFAEFCC8C6FE64398B91D,old_result,gmhsinglora,oxford_flowers,1,unknown,,,,,82.87,67.4,./checkpoints,,1053,recovered_log_final_accuracy,seed/split not verified from recovered log,,,,,,,
log,data/old_result/results_logs_gmhsinglora/gmhsinglora_oxford_flowers_1shot_heads1.log,DATA-0244,CC14577C8F7AADBEA63740284E9791D1643A27EE94CE64AC98EED4EF2B0CF33E,old_result,gmhsinglora,oxford_flowers,1,unknown,,1,,,81.81,67.4,./checkpoints/gmhsinglora/ViT-B16/oxford_flowers/1shots/seed1/adapter_weights.pt,,930,recovered_log_final_accuracy,seed/split not verified from recovered log,,,,,,,
log,data/old_result/results_logs_gmhsinglora/gmhsinglora_oxford_flowers_1shot_heads2.log,DATA-0245,09D27BD3525EABCC442705D231602BE8B6BC77E6A0F5B084DB3131B25BFC8D34,old_result,gmhsinglora,oxford_flowers,1,unknown,,2,,,83.35,67.4,./checkpoints/gmhsinglora/ViT-B16/oxford_flowers/1shots/seed1/adapter_weights.pt,,930,recovered_log_final_accuracy,seed/split not verified from recovered log,,,,,,,
log,data/old_result/results_logs_gmhsinglora/gmhsinglora_oxford_flowers_1shot_heads4.log,DATA-0246,60030615A54A42DCC20043A4E52E8EDDA12D0FD3F930FE114BDCFC97FDA4D2B6,old_result,gmhsinglora,oxford_flowers,1,unknown,,4,,,82.95,67.4,./checkpoints/gmhsinglora/ViT-B16/oxford_flowers/1shots/seed1/adapter_weights.pt,,932,recovered_log_final_accuracy,seed/split not verified from recovered log,,,,,,,
log,data/old_result/results_logs_gmhsinglora/gmhsinglora_oxford_flowers_1shot_r4_a1.log,DATA-0247,07BEC8DADA25558FD76BFFF82166F21E69C37343E6C0BA9C784980A5E50AED4E,old_result,gmhsinglora,oxford_flowers,1,unknown,4,,,,83.31,67.4,./checkpoints/gmhsinglora/ViT-B16/oxford_flowers/1shots/seed1/adapter_weights.pt,,1055,recovered_log_final_accuracy,seed/split not verified from recovered log,,,,,,,
log,data/old_result/results_logs_gmhsinglora/gmhsinglora_oxford_flowers_1shot_r4_a16.log,DATA-0248,5A409959C35C8B201DFA5836F63D3FE274729762CA071FF42DD85FAC2A36C770,old_result,gmhsinglora,oxford_flowers,1,unknown,4,,,,83.84,67.4,./checkpoints/gmhsinglora/ViT-B16/oxford_flowers/1shots/seed1/adapter_weights.pt,,1055,recovered_log_final_accuracy,seed/split not verified from recovered log,,,,,,,
log,data/old_result/results_logs_gmhsinglora/gmhsinglora_oxford_flowers_1shot_r4_a2.log,DATA-0249,4083954D2A1EA14574357813BF818192ED49C2563C1E33662161C47D1576BFB4,old_result,gmhsinglora,oxford_flowers,1,unknown,4,,,,84.77,67.4,./checkpoints/gmhsinglora/ViT-B16/oxford_flowers/1shots/seed1/adapter_weights.pt,,1055,recovered_log_final_accuracy,seed/split not verified from recovered log,,,,,,,
log,data/old_result/results_logs_gmhsinglora/gmhsinglora_oxford_flowers_1shot_r4_a8.log,DATA-0250,AAC21A7AC4E520E00A72C3799B228602E2C1593349D843C81AE74A1D6ADE26BC,old_result,gmhsinglora,oxford_flowers,1,unknown,4,,,,84.49,67.4,./checkpoints/gmhsinglora/ViT-B16/oxford_flowers/1shots/seed1/adapter_weights.pt,,1055,recovered_log_final_accuracy,seed/split not verified from recovered log,,,,,,,
log,data/old_result/results_logs_gmhsinglora/gmhsinglora_oxford_flowers_4shot.log,DATA-0251,69018FE0CD79AC8D8F84E215A75179C0B252BA8C22AF11C2E71393D168E41F9B,old_result,gmhsinglora,oxford_flowers,4,unknown,,,,,93.42,67.4,./checkpoints,,2669,recovered_log_final_accuracy,seed/split not verified from recovered log,,,,,,,
log,data/old_result/results_logs_gmhsinglora/gmhsinglora_oxford_flowers_4shot_heads1.log,DATA-0252,EF691F3075CAEF0BE2B615C32ADEEB2F16DF711C8E5B62B9C525F5DFA55CCF05,old_result,gmhsinglora,oxford_flowers,4,unknown,,1,,,93.87,67.4,./checkpoints/gmhsinglora/ViT-B16/oxford_flowers/4shots/seed1/adapter_weights.pt,,2670,recovered_log_final_accuracy,seed/split not verified from recovered log,,,,,,,
log,data/old_result/results_logs_gmhsinglora/gmhsinglora_oxford_flowers_4shot_heads2_r4_a1.log,DATA-0253,699AC3533653A625422D5480F18CD70C2C922522F28A001F5FC97E0BF73980D8,old_result,gmhsinglora,oxford_flowers,4,unknown,4,2,,,93.67,67.4,./checkpoints/gmhsinglora/ViT-B16/oxford_flowers/4shots/seed1/adapter_weights.pt,,2670,recovered_log_final_accuracy,seed/split not verified from recovered log,,,,,,,
log,data/old_result/results_logs_gmhsinglora/gmhsinglora_oxford_flowers_4shot_heads2_r4_a2.log,DATA-0254,20E653E7BE3CDCA8B119EE196EAEB37AFF8EA53E7E0164913197E8CFDB613F79,old_result,gmhsinglora,oxford_flowers,4,unknown,4,2,,,94.03,67.4,./checkpoints/gmhsinglora/ViT-B16/oxford_flowers/4shots/seed1/adapter_weights.pt,,2670,recovered_log_final_accuracy,seed/split not verified from recovered log,,,,,,,
log,data/old_result/results_logs_gmhsinglora/gmhsinglora_oxford_flowers_4shot_heads2_r4_a8.log,DATA-0255,0C5A6E06FAF00D6E249AE9403CA0270FE5C7473F5FFC81291E8C773AE159763F,old_result,gmhsinglora,oxford_flowers,4,unknown,4,2,,,94.52,67.4,./checkpoints/gmhsinglora/ViT-B16/oxford_flowers/4shots/seed1/adapter_weights.pt,,2670,recovered_log_final_accuracy,seed/split not verified from recovered log,,,,,,,
log,data/old_result/results_logs_gmhsinglora/gmhsinglora_oxford_flowers_4shot_heads4.log,DATA-0256,045AEE7AB1A4BE02D71A6649F8A2FC4B5BBA4C94614544B4780E918B6FC19A0F,old_result,gmhsinglora,oxford_flowers,4,unknown,,4,,,93.87,67.4,./checkpoints/gmhsinglora/ViT-B16/oxford_flowers/4shots/seed1/adapter_weights.pt,,2670,recovered_log_final_accuracy,seed/split not verified from recovered log,,,,,,,
log,data/old_result/results_logs_gmhsinglora/gmhsinglora_oxford_pets_16shot.log,DATA-0257,FDA65E894E4E3EF5107FEE38988006B7D9BA8E531BFE31DD658EAA0D151393A0,old_result,gmhsinglora,oxford_pets,16,unknown,,,,,93.08,88.2,./checkpoints,,9746,recovered_log_final_accuracy,seed/split not verified from recovered log,,,,,,,
log,data/old_result/results_logs_gmhsinglora/gmhsinglora_oxford_pets_16shot_heads4.log,DATA-0258,F17501062DC0C676342AE1BD46A0472A43BE5E8B4FF4C3B3E878B37C1A98645F,old_result,gmhsinglora,oxford_pets,16,unknown,,4,,,92.83,88.2,./checkpoints/gmhsinglora/ViT-B16/oxford_pets/16shots/seed1/adapter_weights.pt,,9747,recovered_log_final_accuracy,seed/split not verified from recovered log,,,,,,,
log,data/old_result/results_logs_gmhsinglora/gmhsinglora_oxford_pets_1shot.log,DATA-0259,2383C88D5230FEDE6D054281FC9C93FC6DFD216378AD91DFCC65263B0D7717AB,old_result,gmhsinglora,oxford_pets,1,unknown,,,,,92.5,88.2,./checkpoints,,1558,recovered_log_final_accuracy,seed/split not verified from recovered log,,,,,,,
log,data/old_result/results_logs_gmhsinglora/gmhsinglora_oxford_pets_1shot_heads1.log,DATA-0260,D18C94D7A5D6C603B3ED90AAFF491C0DA58F3291288E24F0E43EB7D69A14AD9B,old_result,gmhsinglora,oxford_pets,1,unknown,,1,,,92.5,88.2,./checkpoints/gmhsinglora/ViT-B16/oxford_pets/1shots/seed1/adapter_weights.pt,,1311,recovered_log_final_accuracy,seed/split not verified from recovered log,,,,,,,
log,data/old_result/results_logs_gmhsinglora/gmhsinglora_oxford_pets_1shot_heads2.log,DATA-0261,6E363286812B42F25F19367A74704F9FF187FF94F63A6E1E0C06BA8972C7D131,old_result,gmhsinglora,oxford_pets,1,unknown,,2,,,92.64,88.2,./checkpoints/gmhsinglora/ViT-B16/oxford_pets/1shots/seed1/adapter_weights.pt,,1310,recovered_log_final_accuracy,seed/split not verified from recovered log,,,,,,,
log,data/old_result/results_logs_gmhsinglora/gmhsinglora_oxford_pets_1shot_heads4.log,DATA-0262,480B1CF1E4B9B502EFD89D36B878C7F7F4BA41BCCFCEAA18EC316A9735323889,old_result,gmhsinglora,oxford_pets,1,unknown,,4,,,92.56,88.2,./checkpoints/gmhsinglora/ViT-B16/oxford_pets/1shots/seed1/adapter_weights.pt,,1310,recovered_log_final_accuracy,seed/split not verified from recovered log,,,,,,,
log,data/old_result/results_logs_gmhsinglora/gmhsinglora_oxford_pets_1shot_r4_a1.log,DATA-0263,1B7C22759A046B727C6A830D1F60F6C267056F57A81D76956595F238B63DFF8B,old_result,gmhsinglora,oxford_pets,1,unknown,4,,,,92.64,88.2,./checkpoints/gmhsinglora/ViT-B16/oxford_pets/1shots/seed1/adapter_weights.pt,,1559,recovered_log_final_accuracy,seed/split not verified from recovered log,,,,,,,
log,data/old_result/results_logs_gmhsinglora/gmhsinglora_oxford_pets_1shot_r4_a16.log,DATA-0264,C9F4856DBB95B2CD803E8E6CEF38C9120DF26B6175C26EDA0274219E711FA4E4,old_result,gmhsinglora,oxford_pets,1,unknown,4,,,,83.46,88.2,./checkpoints/gmhsinglora/ViT-B16/oxford_pets/1shots/seed1/adapter_weights.pt,,1559,recovered_log_final_accuracy,seed/split not verified from recovered log,,,,,,,
log,data/old_result/results_logs_gmhsinglora/gmhsinglora_oxford_pets_1shot_r4_a2.log,DATA-0265,E245FF0D5B3F74485B3A7414FF5B6F5DA48672F7595D5F0FBA31DD4F4C22485D,old_result,gmhsinglora,oxford_pets,1,unknown,4,,,,,88.2,,,208,recovered_log_no_final_accuracy,seed/split not verified from recovered log,,,,,,,
log,data/old_result/results_logs_gmhsinglora/gmhsinglora_oxford_pets_1shot_r4_a8.log,DATA-0266,A00086870F0B8D37B3E82A83CD829724274B745F4C0122C52182A3BBD128244A,old_result,gmhsinglora,oxford_pets,1,unknown,4,,,,87.27,88.2,./checkpoints/gmhsinglora/ViT-B16/oxford_pets/1shots/seed1/adapter_weights.pt,,1559,recovered_log_final_accuracy,seed/split not verified from recovered log,,,,,,,
log,data/old_result/results_logs_gmhsinglora/gmhsinglora_oxford_pets_4shot.log,DATA-0267,139834F12B0A15E62FB0441A2ABA1756DE7FC8BBEC08F527C4AD4114FBA95748,old_result,gmhsinglora,oxford_pets,4,unknown,,,,,92.18,88.2,./checkpoints,,3658,recovered_log_final_accuracy,seed/split not verified from recovered log,,,,,,,
log,data/old_result/results_logs_gmhsinglora/gmhsinglora_oxford_pets_4shot_heads1.log,DATA-0268,C49C981EFF5FA48C3D11D3283AFD006BC436C3B0FBF04F19D73C999C01FC6FA0,old_result,gmhsinglora,oxford_pets,4,unknown,,1,,,91.77,88.2,./checkpoints/gmhsinglora/ViT-B16/oxford_pets/4shots/seed1/adapter_weights.pt,,3353,recovered_log_final_accuracy,seed/split not verified from recovered log,,,,,,,
log,data/old_result/results_logs_gmhsinglora/gmhsinglora_oxford_pets_4shot_heads2_r4_a1.log,DATA-0269,7722B7B2D40A5D6642D510D11C27B439EE96782597F4E199BA0B03C2F0F19650,old_result,gmhsinglora,oxford_pets,4,unknown,4,2,,,91.85,88.2,./checkpoints/gmhsinglora/ViT-B16/oxford_pets/4shots/seed1/adapter_weights.pt,,3659,recovered_log_final_accuracy,seed/split not verified from recovered log,,,,,,,
log,data/old_result/results_logs_gmhsinglora/gmhsinglora_oxford_pets_4shot_heads2_r4_a2.log,DATA-0270,A171CFFA380B0E1A5300951747080E12093CBB2EB4C07E42E869C3FBBEC71AA4,old_result,gmhsinglora,oxford_pets,4,unknown,4,2,,,91.31,88.2,./checkpoints/gmhsinglora/ViT-B16/oxford_pets/4shots/seed1/adapter_weights.pt,,3659,recovered_log_final_accuracy,seed/split not verified from recovered log,,,,,,,
log,data/old_result/results_logs_gmhsinglora/gmhsinglora_oxford_pets_4shot_heads2_r4_a8.log,DATA-0271,511D391F8004FEE47087C0005889DAA0FBBA19C7126A4F0E3F120E389C533C6D,old_result,gmhsinglora,oxford_pets,4,unknown,4,2,,,88.28,88.2,./checkpoints/gmhsinglora/ViT-B16/oxford_pets/4shots/seed1/adapter_weights.pt,,3659,recovered_log_final_accuracy,seed/split not verified from recovered log,,,,,,,
log,data/old_result/results_logs_gmhsinglora/gmhsinglora_oxford_pets_4shot_heads4.log,DATA-0272,76A49A96F14F129FE1F9C091BC2252C6EFF222D6127444E557C59760FBB027C0,old_result,gmhsinglora,oxford_pets,4,unknown,,4,,,91.52,88.2,./checkpoints/gmhsinglora/ViT-B16/oxford_pets/4shots/seed1/adapter_weights.pt,,3659,recovered_log_final_accuracy,seed/split not verified from recovered log,,,,,,,
log,data/old_result/results_logs_gmhsinglora/gmhsinglora_ucf101_16shot.log,DATA-0273,EE0BE0007CB701B2AE5275837E4CFB8195A4D6FBAD08A59056C99847113EFDEE,old_result,gmhsinglora,ucf101,16,unknown,,,,,85.65,65.21,./checkpoints,,8687,recovered_log_final_accuracy,seed/split not verified from recovered log,,,,,,,
log,data/old_result/results_logs_gmhsinglora/gmhsinglora_ucf101_16shot_heads4.log,DATA-0274,673F4F61E7463A64887AB33C3BC31DD62E331FF1AEAFD1C22997B4CC79B79637,old_result,gmhsinglora,ucf101,16,unknown,,4,,,86.17,65.21,./checkpoints/gmhsinglora/ViT-B16/ucf101/16shots/seed1/adapter_weights.pt,,8775,recovered_log_final_accuracy,seed/split not verified from recovered log,,,,,,,
log,data/old_result/results_logs_gmhsinglora/gmhsinglora_ucf101_1shot.log,DATA-0275,E81F5BDF6F3B742C4FC62E848DDDA4E7065B5D53C609AB2F5B1B56173448E50C,old_result,gmhsinglora,ucf101,1,unknown,,,,,75.6,65.21,./checkpoints,,1059,recovered_log_final_accuracy,seed/split not verified from recovered log,,,,,,,
log,data/old_result/results_logs_gmhsinglora/gmhsinglora_ucf101_1shot_heads1.log,DATA-0276,C9F12B77298E0CA91E94E3C1C4705752A271738B132EF1797D0031C639E581CB,old_result,gmhsinglora,ucf101,1,unknown,,1,,,75.2,65.21,./checkpoints/gmhsinglora/ViT-B16/ucf101/1shots/seed1/adapter_weights.pt,,936,recovered_log_final_accuracy,seed/split not verified from recovered log,,,,,,,
log,data/old_result/results_logs_gmhsinglora/gmhsinglora_ucf101_1shot_heads2.log,DATA-0277,EDB0CDDD34C3CC8AE2AF197D6FCF2116CF695976DAEABE0967617D234DB53409,old_result,gmhsinglora,ucf101,1,unknown,,2,,,76.08,65.21,./checkpoints/gmhsinglora/ViT-B16/ucf101/1shots/seed1/adapter_weights.pt,,936,recovered_log_final_accuracy,seed/split not verified from recovered log,,,,,,,
log,data/old_result/results_logs_gmhsinglora/gmhsinglora_ucf101_1shot_heads4.log,DATA-0278,F6965FB26A5EBE425599D308A05A2213BA9C0DC258C667D44CDD9416297134AB,old_result,gmhsinglora,ucf101,1,unknown,,4,,,76.34,65.21,./checkpoints/gmhsinglora/ViT-B16/ucf101/1shots/seed1/adapter_weights.pt,,937,recovered_log_final_accuracy,seed/split not verified from recovered log,,,,,,,
log,data/old_result/results_logs_gmhsinglora/gmhsinglora_ucf101_1shot_r4_a1.log,DATA-0279,70C27D106303F83119EE998555F326396F15B54F8DE343D200C062AAD9A5B2C2,old_result,gmhsinglora,ucf101,1,unknown,4,,,,76.08,65.21,./checkpoints/gmhsinglora/ViT-B16/ucf101/1shots/seed1/adapter_weights.pt,,1060,recovered_log_final_accuracy,seed/split not verified from recovered log,,,,,,,
log,data/old_result/results_logs_gmhsinglora/gmhsinglora_ucf101_1shot_r4_a16.log,DATA-0280,241D163E2FDA4F47B9A3ECE506DFEAE37EE97D273ABD28DB46CCDA0F2C9091F1,old_result,gmhsinglora,ucf101,1,unknown,4,,,,73.3,65.21,./checkpoints/gmhsinglora/ViT-B16/ucf101/1shots/seed1/adapter_weights.pt,,1060,recovered_log_final_accuracy,seed/split not verified from recovered log,,,,,,,
log,data/old_result/results_logs_gmhsinglora/gmhsinglora_ucf101_1shot_r4_a2.log,DATA-0281,51E7B09C4C31841021A3C715FBE106C044190178AB2D9F62538A75F5E75396EB,old_result,gmhsinglora,ucf101,1,unknown,4,,,,75.92,65.21,./checkpoints/gmhsinglora/ViT-B16/ucf101/1shots/seed1/adapter_weights.pt,,1060,recovered_log_final_accuracy,seed/split not verified from recovered log,,,,,,,
log,data/old_result/results_logs_gmhsinglora/gmhsinglora_ucf101_1shot_r4_a8.log,DATA-0282,E074A8A486B1744AB1D61F77973AA61A25F716B83F8D67AD7961F2C527ADE70E,old_result,gmhsinglora,ucf101,1,unknown,4,,,,74.76,65.21,./checkpoints/gmhsinglora/ViT-B16/ucf101/1shots/seed1/adapter_weights.pt,,1060,recovered_log_final_accuracy,seed/split not verified from recovered log,,,,,,,
log,data/old_result/results_logs_gmhsinglora/gmhsinglora_ucf101_4shot.log,DATA-0283,1FB8F4AAE5123287D34B8A6B2E0FA6F30AD4E0FA83A225568E2E2618FCCCBBDA,old_result,gmhsinglora,ucf101,4,unknown,,,,,81.13,65.21,./checkpoints,,2675,recovered_log_final_accuracy,seed/split not verified from recovered log,,,,,,,
log,data/old_result/results_logs_gmhsinglora/gmhsinglora_ucf101_4shot_heads1.log,DATA-0284,9717895E4D34C7C85F995C126F77C2D03C5C2B23CB6ACCCAC5E7375F7C64DBD2,old_result,gmhsinglora,ucf101,4,unknown,,1,,,80.97,65.21,./checkpoints/gmhsinglora/ViT-B16/ucf101/4shots/seed1/adapter_weights.pt,,2676,recovered_log_final_accuracy,seed/split not verified from recovered log,,,,,,,
log,data/old_result/results_logs_gmhsinglora/gmhsinglora_ucf101_4shot_heads2_r4_a1.log,DATA-0285,F09F14B9D18587C00D5095DA9E0338013E9251F1A365DE025FE281126FBF8777,old_result,gmhsinglora,ucf101,4,unknown,4,2,,,80.81,65.21,./checkpoints/gmhsinglora/ViT-B16/ucf101/4shots/seed1/adapter_weights.pt,,2676,recovered_log_final_accuracy,seed/split not verified from recovered log,,,,,,,
log,data/old_result/results_logs_gmhsinglora/gmhsinglora_ucf101_4shot_heads2_r4_a2.log,DATA-0286,3B2EB738FFD7C6BE73FE98B0AB36F6AEE7A593C1144FDA90B44982FB34A50671,old_result,gmhsinglora,ucf101,4,unknown,4,2,,,79.94,65.21,./checkpoints/gmhsinglora/ViT-B16/ucf101/4shots/seed1/adapter_weights.pt,,2676,recovered_log_final_accuracy,seed/split not verified from recovered log,,,,,,,
log,data/old_result/results_logs_gmhsinglora/gmhsinglora_ucf101_4shot_heads2_r4_a8.log,DATA-0287,00F5663203FDECBA7C00F6D1EF118F3096522DCA4E497A8FCC41A1B4C41030FF,old_result,gmhsinglora,ucf101,4,unknown,4,2,,,77.87,65.21,./checkpoints/gmhsinglora/ViT-B16/ucf101/4shots/seed1/adapter_weights.pt,,2676,recovered_log_final_accuracy,seed/split not verified from recovered log,,,,,,,
log,data/old_result/results_logs_gmhsinglora/gmhsinglora_ucf101_4shot_heads4.log,DATA-0288,15B9B1BEA3F73E1651034AF7815A7214FD74BDB3F751A84D5800F90BE16992D9,old_result,gmhsinglora,ucf101,4,unknown,,4,,,81.71,65.21,./checkpoints/gmhsinglora/ViT-B16/ucf101/4shots/seed1/adapter_weights.pt,,2676,recovered_log_final_accuracy,seed/split not verified from recovered log,,,,,,,
log,data/old_result/results_logs_ohsinglora/ohsinglora_caltech101_16shot.log,DATA-0290,C358EB1EC77A0665092418B54AA563758B91548BBD46EC808C39C3762A382C42,old_result,ohsinglora,caltech101,16,unknown,,,,,96.59,93.31,./checkpoints,,8693,recovered_log_final_accuracy,seed/split not verified from recovered log,,,,,,,
log,data/old_result/results_logs_ohsinglora/ohsinglora_caltech101_1shot.log,DATA-0291,F49CB4E644A3422C23B0926DF8C49AC580847E4CAFC3BD5D03BC2C40F42DFDCD,old_result,ohsinglora,caltech101,1,unknown,,,,,94.2,93.31,./checkpoints,,1053,recovered_log_final_accuracy,seed/split not verified from recovered log,,,,,,,
log,data/old_result/results_logs_ohsinglora/ohsinglora_caltech101_4shot.log,DATA-0292,9F622BC1AFC4C988A2B1560A40F55D06D04AC9CDE71FA78CC384CCB13B1FD85C,old_result,ohsinglora,caltech101,4,unknown,,,,,95.62,93.31,./checkpoints,,2669,recovered_log_final_accuracy,seed/split not verified from recovered log,,,,,,,
log,data/old_result/results_logs_ohsinglora/ohsinglora_dtd_16shot.log,DATA-0293,DA6BC329A1EAC5A12C5D99F3308D11FA2C4B9B28DBDEA0D6D11BCB1F9FEC280B,old_result,ohsinglora,dtd,16,unknown,,,,,73.17,44.39,./checkpoints,,9386,recovered_log_final_accuracy,seed/split not verified from recovered log,,,,,,,
log,data/old_result/results_logs_ohsinglora/ohsinglora_dtd_1shot.log,DATA-0294,EE8BB7FEF652365D1C36AAABF0B8CEF3FEA73775CC7DDC4723266A08BEB69B9B,old_result,ohsinglora,dtd,1,unknown,,,,,55.2,44.39,./checkpoints,,1550,recovered_log_final_accuracy,seed/split not verified from recovered log,,,,,,,
log,data/old_result/results_logs_ohsinglora/ohsinglora_dtd_4shot.log,DATA-0295,899249DB7E3B140044E43F84B92E45B260B2D48DBAC59E0612077C38DC2232BE,old_result,ohsinglora,dtd,4,unknown,,,,,65.72,44.39,./checkpoints,,3386,recovered_log_final_accuracy,seed/split not verified from recovered log,,,,,,,
log,data/old_result/results_logs_ohsinglora/ohsinglora_eurosat_16shot.log,DATA-0296,2122AE3309B03A3B7C06C147CE45818ABBCD7A1DF436D643E871CC85B1498D90,old_result,ohsinglora,eurosat,16,unknown,,,,,91.79,42.16,./checkpoints,,14475,recovered_log_final_accuracy,seed/split not verified from recovered log,,,,,,,
log,data/old_result/results_logs_ohsinglora/ohsinglora_eurosat_1shot.log,DATA-0297,D80BDC92A5F562E98EC6E782B4365AA7738F76DE5B1A7594EB080B3603799300,old_result,ohsinglora,eurosat,1,unknown,,,,,72.78,42.16,./checkpoints,,2575,recovered_log_final_accuracy,seed/split not verified from recovered log,,,,,,,
log,data/old_result/results_logs_ohsinglora/ohsinglora_eurosat_4shot.log,DATA-0298,9416FF095DDDD13E356FAE55A41DE92CFB96F8E85903BA4B75F35AB0E22917BE,old_result,ohsinglora,eurosat,4,unknown,,,,,88.93,42.16,./checkpoints,,6075,recovered_log_final_accuracy,seed/split not verified from recovered log,,,,,,,
log,data/old_result/results_logs_ohsinglora/ohsinglora_fgvc_16shot.log,DATA-0299,2A9CC973617B0910C679329A50C04A1184DC3294B6D0570F7DFB2F7D0F942363,old_result,ohsinglora,fgvc,16,unknown,,,,,55.21,23.73,./checkpoints,,8696,recovered_log_final_accuracy,seed/split not verified from recovered log,,,,,,,
log,data/old_result/results_logs_ohsinglora/ohsinglora_fgvc_1shot.log,DATA-0300,299B3823DC80A79D2C58949D400C3EB9B1E6E19CCC1441DD5ABF0D199575B169,old_result,ohsinglora,fgvc,1,unknown,,,,,29.82,23.73,./checkpoints,,1056,recovered_log_final_accuracy,seed/split not verified from recovered log,,,,,,,
log,data/old_result/results_logs_ohsinglora/ohsinglora_fgvc_4shot.log,DATA-0301,8E6D9BC246F4A9AC2F35BBB169F01B919BBBF0F7851FC04D0B466B4D160ACB93,old_result,ohsinglora,fgvc,4,unknown,,,,,38.79,23.73,./checkpoints,,2672,recovered_log_final_accuracy,seed/split not verified from recovered log,,,,,,,
log,data/old_result/results_logs_ohsinglora/ohsinglora_food101_16shot.log,DATA-0302,D227CD03648BA46338FB91D9458B0C43913870E871509E9DEB11F874871D2C13,old_result,ohsinglora,food101,16,unknown,,,,,85.04,85.26,./checkpoints,,8790,recovered_log_final_accuracy,seed/split not verified from recovered log,,,,,,,
log,data/old_result/results_logs_ohsinglora/ohsinglora_food101_1shot.log,DATA-0303,2E7A1D12579E67BBFB31B4E631423EF3AFFD2937F8B63F3138A32E89F6ED8DA6,old_result,ohsinglora,food101,1,unknown,,,,,85.33,85.26,./checkpoints,,1162,recovered_log_final_accuracy,seed/split not verified from recovered log,,,,,,,
log,data/old_result/results_logs_ohsinglora/ohsinglora_food101_4shot.log,DATA-0304,00F06F066443380B92FDF98CFFD24FE8C470B27EDEE96BE8CDBC8BC0674D2039,old_result,ohsinglora,food101,4,unknown,,,,,84.29,85.26,./checkpoints,,2778,recovered_log_final_accuracy,seed/split not verified from recovered log,,,,,,,
log,data/old_result/results_logs_ohsinglora/ohsinglora_oxford_flowers_16shot.log,DATA-0305,C259B4A29CC058FA8E38BCBB0958829FCD362E66AAC011CF7645A2027E810B1A,old_result,ohsinglora,oxford_flowers,16,unknown,,,,,98.21,67.4,./checkpoints,,8681,recovered_log_final_accuracy,seed/split not verified from recovered log,,,,,,,
log,data/old_result/results_logs_ohsinglora/ohsinglora_oxford_flowers_1shot.log,DATA-0306,A34D3771AFD79FD4B98E11EB151B64C6DE669A964586F9147C6A6196D13E9991,old_result,ohsinglora,oxford_flowers,1,unknown,,,,,82.79,67.4,./checkpoints,,1053,recovered_log_final_accuracy,seed/split not verified from recovered log,,,,,,,
log,data/old_result/results_logs_ohsinglora/ohsinglora_oxford_flowers_4shot.log,DATA-0307,3B97DAE808999D833F122981DC0A57682C879407C88E5C99BAD5ECA3FC26F8CA,old_result,ohsinglora,oxford_flowers,4,unknown,,,,,93.3,67.4,./checkpoints,,2669,recovered_log_final_accuracy,seed/split not verified from recovered log,,,,,,,
log,data/old_result/results_logs_ohsinglora/ohsinglora_oxford_pets_16shot.log,DATA-0308,85EDBEB2DDDFDF37B154DD6C5E35E47F37E06A1389FAE138E480F5FCB9A06AE1,old_result,ohsinglora,oxford_pets,16,unknown,,,,,92.97,88.2,./checkpoints,,9746,recovered_log_final_accuracy,seed/split not verified from recovered log,,,,,,,
log,data/old_result/results_logs_ohsinglora/ohsinglora_oxford_pets_1shot.log,DATA-0309,7BB1732A04CD929ED301BF32113100980FAA1D70D2D8B95BA3EDD883D0B53D75,old_result,ohsinglora,oxford_pets,1,unknown,,,,,92.5,88.2,./checkpoints,,1558,recovered_log_final_accuracy,seed/split not verified from recovered log,,,,,,,
log,data/old_result/results_logs_ohsinglora/ohsinglora_oxford_pets_4shot.log,DATA-0310,F388946AE9F3FB23D6F05724BE5111D00B7087830FE672F9D395D804BA552B12,old_result,ohsinglora,oxford_pets,4,unknown,,,,,92.15,88.2,./checkpoints,,3658,recovered_log_final_accuracy,seed/split not verified from recovered log,,,,,,,
log,data/old_result/results_logs_ohsinglora/ohsinglora_ucf101_16shot.log,DATA-0311,80A5281077A47EAAF05ECB3216D7F1837B7D905E0B7288F5EB055968F5DBC9FA,old_result,ohsinglora,ucf101,16,unknown,,,,,85.67,65.21,./checkpoints,,8687,recovered_log_final_accuracy,seed/split not verified from recovered log,,,,,,,
log,data/old_result/results_logs_ohsinglora/ohsinglora_ucf101_1shot.log,DATA-0312,70D36DB77703830A1FF2B82262C630D7A6A7A21170EF2CB5CD3955954EF79C39,old_result,ohsinglora,ucf101,1,unknown,,,,,75.73,65.21,./checkpoints,,1059,recovered_log_final_accuracy,seed/split not verified from recovered log,,,,,,,
log,data/old_result/results_logs_ohsinglora/ohsinglora_ucf101_4shot.log,DATA-0313,78293481EF791437DEA0F645472CB4C1F08B87684E431618A939EA826BB3827A,old_result,ohsinglora,ucf101,4,unknown,,,,,80.86,65.21,./checkpoints,,2675,recovered_log_final_accuracy,seed/split not verified from recovered log,,,,,,,
log,data/old_result/results_logs_scan_ohsinglora/ohsinglora_caltech101_1shot_r2_h1.log,DATA-0314,D46F24E17FB69F1FB179171B464F384CF208BF50443D896319DE5AD683EA9899,old_result,ohsinglora,caltech101,1,unknown,2,1,,,94.12,93.31,./checkpoints/ohsinglora/ViT-B16/caltech101/1shots/seed1/adapter_weights.pt,,1038,recovered_log_final_accuracy,seed/split not verified from recovered log,,,,,,,
log,data/old_result/results_logs_scan_ohsinglora/ohsinglora_caltech101_1shot_r2_h2.log,DATA-0315,6D03C24FF64F851128544B08853AD107E79477C5150DB677D43C6D423500B9C5,old_result,ohsinglora,caltech101,1,unknown,2,2,,,94.24,93.31,./checkpoints/ohsinglora/ViT-B16/caltech101/1shots/seed1/adapter_weights.pt,,1038,recovered_log_final_accuracy,seed/split not verified from recovered log,,,,,,,
log,data/old_result/results_logs_scan_ohsinglora/ohsinglora_caltech101_1shot_r4_h1.log,DATA-0316,554ACF982349EFD444A6CFB0061CF12D9AE811409376A58B8111DFB19346C42E,old_result,ohsinglora,caltech101,1,unknown,4,1,,,93.79,93.31,./checkpoints/ohsinglora/ViT-B16/caltech101/1shots/seed1/adapter_weights.pt,,1038,recovered_log_final_accuracy,seed/split not verified from recovered log,,,,,,,
log,data/old_result/results_logs_scan_ohsinglora/ohsinglora_caltech101_1shot_r4_h2.log,DATA-0317,6F1F7139ACB6C5B77CFE8C48F4CC3AF7067309DB54D90661ED21329F63B6E878,old_result,ohsinglora,caltech101,1,unknown,4,2,,,94.16,93.31,./checkpoints/ohsinglora/ViT-B16/caltech101/1shots/seed1/adapter_weights.pt,,1038,recovered_log_final_accuracy,seed/split not verified from recovered log,,,,,,,
log,data/old_result/results_logs_scan_ohsinglora/ohsinglora_caltech101_1shot_r4_h4.log,DATA-0318,69C35A58B31184FB089FD90CDA27CB094D90E255AD80496B352E4129293AB3C0,old_result,ohsinglora,caltech101,1,unknown,4,4,,,94.0,93.31,./checkpoints/ohsinglora/ViT-B16/caltech101/1shots/seed1/adapter_weights.pt,,1038,recovered_log_final_accuracy,seed/split not verified from recovered log,,,,,,,
log,data/old_result/results_logs_scan_ohsinglora/ohsinglora_dtd_1shot_r2_h1_lambda_o_0.03.log,DATA-0319,82F4037858C782903C216F8398157A416206FE98B3CA080E39D03410FC7380BB,old_result,ohsinglora,dtd,1,unknown,2,1,0.03,,54.73,44.39,./checkpoints/ohsinglora/ViT-B16/dtd/1shots/seed1/adapter_weights.pt,,1535,recovered_log_final_accuracy,seed/split not verified from recovered log,,,,,,,
log,data/old_result/results_logs_scan_ohsinglora/ohsinglora_dtd_1shot_r2_h2_lambda_o_0.03.log,DATA-0320,6FDC94CEA8CD46A0B50B613A3750AD28E24920395C7920B9D47EFC5A67EB3CF9,old_result,ohsinglora,dtd,1,unknown,2,2,0.03,,54.91,44.39,./checkpoints/ohsinglora/ViT-B16/dtd/1shots/seed1/adapter_weights.pt,,1535,recovered_log_final_accuracy,seed/split not verified from recovered log,,,,,,,
log,data/old_result/results_logs_scan_ohsinglora/ohsinglora_dtd_1shot_r4_h1_lambda_o_0.03.log,DATA-0321,8A21F82E069F8E1395CA90D043018DBC0F3687E95DA23FC8B0A2F74807D2BEF3,old_result,ohsinglora,dtd,1,unknown,4,1,0.03,,53.9,44.39,./checkpoints/ohsinglora/ViT-B16/dtd/1shots/seed1/adapter_weights.pt,,1535,recovered_log_final_accuracy,seed/split not verified from recovered log,,,,,,,
log,data/old_result/results_logs_scan_ohsinglora/ohsinglora_dtd_1shot_r4_h2_lambda_o_0.03.log,DATA-0322,971FB5BAB606E52B267030B555A0CBF2844CB2A362F582D42EC71B5579E4F20D,old_result,ohsinglora,dtd,1,unknown,4,2,0.03,,54.26,44.39,./checkpoints/ohsinglora/ViT-B16/dtd/1shots/seed1/adapter_weights.pt,,1535,recovered_log_final_accuracy,seed/split not verified from recovered log,,,,,,,
log,data/old_result/results_logs_scan_ohsinglora/ohsinglora_dtd_1shot_r4_h4_lambda_o_0.03.log,DATA-0323,CFB5C7803A750EDEA840DD7D76376AD014863187097AE3C8D236602C8E76C586,old_result,ohsinglora,dtd,1,unknown,4,4,0.03,,54.96,44.39,./checkpoints/ohsinglora/ViT-B16/dtd/1shots/seed1/adapter_weights.pt,,1535,recovered_log_final_accuracy,seed/split not verified from recovered log,,,,,,,
log,data/old_result/results_logs_scan_ohsinglora/ohsinglora_eurosat_1shot_r2_h1_lambda_o_0.03.log,DATA-0324,B6CAC370743A257C0CB163429A69DA2012A40AB16DECA2C56508F5436A5D46E8,old_result,ohsinglora,eurosat,1,unknown,2,1,0.03,,71.37,42.16,./checkpoints/ohsinglora/ViT-B16/eurosat/1shots/seed1/adapter_weights.pt,,2560,recovered_log_final_accuracy,seed/split not verified from recovered log,,,,,,,
log,data/old_result/results_logs_scan_ohsinglora/ohsinglora_eurosat_1shot_r2_h2_lambda_o_0.03.log,DATA-0325,AD643DF3F814B2CBBCEEBDDC68BD6F6A9955C14AB65CA6D132237EFE10B5FF9E,old_result,ohsinglora,eurosat,1,unknown,2,2,0.03,,72.77,42.16,./checkpoints/ohsinglora/ViT-B16/eurosat/1shots/seed1/adapter_weights.pt,,2560,recovered_log_final_accuracy,seed/split not verified from recovered log,,,,,,,
log,data/old_result/results_logs_scan_ohsinglora/ohsinglora_eurosat_1shot_r4_h1_lambda_o_0.03.log,DATA-0326,32149829BFC02C7A0A3EC97E673B0EE507FD52E7109439AFD28D38B7469FB49B,old_result,ohsinglora,eurosat,1,unknown,4,1,0.03,,74.22,42.16,./checkpoints/ohsinglora/ViT-B16/eurosat/1shots/seed1/adapter_weights.pt,,2560,recovered_log_final_accuracy,seed/split not verified from recovered log,,,,,,,
log,data/old_result/results_logs_scan_ohsinglora/ohsinglora_eurosat_1shot_r4_h2_lambda_o_0.03.log,DATA-0327,9FE2C0D99901EFF53D4613B687E2A03972D81D6D02C84291DB67E499D6799158,old_result,ohsinglora,eurosat,1,unknown,4,2,0.03,,73.15,42.16,./checkpoints/ohsinglora/ViT-B16/eurosat/1shots/seed1/adapter_weights.pt,,2560,recovered_log_final_accuracy,seed/split not verified from recovered log,,,,,,,
log,data/old_result/results_logs_scan_ohsinglora/ohsinglora_eurosat_1shot_r4_h4_lambda_o_0.03.log,DATA-0328,4A75607FD75C9686D6C9F8CC345D3911EFB4FDC86709406C73850A21C84DEFC0,old_result,ohsinglora,eurosat,1,unknown,4,4,0.03,,70.27,42.16,./checkpoints/ohsinglora/ViT-B16/eurosat/1shots/seed1/adapter_weights.pt,,2560,recovered_log_final_accuracy,seed/split not verified from recovered log,,,,,,,
log,data/old_result/results_logs_scan_ohsinglora/ohsinglora_fgvc_1shot_r2_h1_lambda_o_0.03.log,DATA-0329,38E5853FC96C23BF8F6ED9565ADAF3EE652C5E5A1741F39ED3109C0EEC9296C7,old_result,ohsinglora,fgvc,1,unknown,2,1,0.03,,29.73,23.73,./checkpoints/ohsinglora/ViT-B16/fgvc/1shots/seed1/adapter_weights.pt,,1041,recovered_log_final_accuracy,seed/split not verified from recovered log,,,,,,,
log,data/old_result/results_logs_scan_ohsinglora/ohsinglora_fgvc_1shot_r2_h2_lambda_o_0.03.log,DATA-0330,FCB30521EC9B0DC7866ACBD988FD57B5EE0CA804FA56D558C0D6D6DC1CDA2261,old_result,ohsinglora,fgvc,1,unknown,2,2,0.03,,29.73,23.73,./checkpoints/ohsinglora/ViT-B16/fgvc/1shots/seed1/adapter_weights.pt,,1041,recovered_log_final_accuracy,seed/split not verified from recovered log,,,,,,,
log,data/old_result/results_logs_scan_ohsinglora/ohsinglora_fgvc_1shot_r4_h1_lambda_o_0.03.log,DATA-0331,92FD29B287B0276015D61EFE91425C8DB91F173ED5FA348372203B4701890923,old_result,ohsinglora,fgvc,1,unknown,4,1,0.03,,28.98,23.73,./checkpoints/ohsinglora/ViT-B16/fgvc/1shots/seed1/adapter_weights.pt,,1041,recovered_log_final_accuracy,seed/split not verified from recovered log,,,,,,,
log,data/old_result/results_logs_scan_ohsinglora/ohsinglora_fgvc_1shot_r4_h2_lambda_o_0.03.log,DATA-0332,ECCE9A13037AB264670A632AE0EB96F0A6BE934D75B1A51228D7868EDE86BBE8,old_result,ohsinglora,fgvc,1,unknown,4,2,0.03,,29.85,23.73,./checkpoints/ohsinglora/ViT-B16/fgvc/1shots/seed1/adapter_weights.pt,,1041,recovered_log_final_accuracy,seed/split not verified from recovered log,,,,,,,
log,data/old_result/results_logs_scan_ohsinglora/ohsinglora_fgvc_1shot_r4_h4_lambda_o_0.03.log,DATA-0333,134EA744129DAD17B5BE08A69574AB18C988C82B3A7D61DE412BB1DCD1FC4FA4,old_result,ohsinglora,fgvc,1,unknown,4,4,0.03,,29.97,23.73,./checkpoints/ohsinglora/ViT-B16/fgvc/1shots/seed1/adapter_weights.pt,,1041,recovered_log_final_accuracy,seed/split not verified from recovered log,,,,,,,
log,data/old_result/results_logs_scan_ohsinglora/ohsinglora_food101_1shot_r2_h1.log,DATA-0334,D0430934160AA971145938F1704261A33E07936B982C1C0C1514DC1F03F3F1A8,old_result,ohsinglora,food101,1,unknown,2,1,,,85.53,85.26,./checkpoints/ohsinglora/ViT-B16/food101/1shots/seed1/adapter_weights.pt,,1147,recovered_log_final_accuracy,seed/split not verified from recovered log,,,,,,,
log,data/old_result/results_logs_scan_ohsinglora/ohsinglora_food101_1shot_r2_h2.log,DATA-0335,07011ABDAE9F2C5AC4506492AB618EC004B31D115574D38D53CF41E8B7AB0DEB,old_result,ohsinglora,food101,1,unknown,2,2,,,85.46,85.26,./checkpoints/ohsinglora/ViT-B16/food101/1shots/seed1/adapter_weights.pt,,1147,recovered_log_final_accuracy,seed/split not verified from recovered log,,,,,,,
log,data/old_result/results_logs_scan_ohsinglora/ohsinglora_food101_1shot_r4_h1.log,DATA-0336,57633C4B500C8886D9021E8B345A9743062832E9A1E0F1CDECEBB7EC0AB40F78,old_result,ohsinglora,food101,1,unknown,4,1,,,85.69,85.26,./checkpoints/ohsinglora/ViT-B16/food101/1shots/seed1/adapter_weights.pt,,1147,recovered_log_final_accuracy,seed/split not verified from recovered log,,,,,,,
log,data/old_result/results_logs_scan_ohsinglora/ohsinglora_food101_1shot_r4_h2.log,DATA-0337,90A6A2B5C4CC87CC924F4687331D77F2939C3967E43A400D7EDC455FD16EAE7D,old_result,ohsinglora,food101,1,unknown,4,2,,,85.74,85.26,./checkpoints/ohsinglora/ViT-B16/food101/1shots/seed1/adapter_weights.pt,,1147,recovered_log_final_accuracy,seed/split not verified from recovered log,,,,,,,
log,data/old_result/results_logs_scan_ohsinglora/ohsinglora_food101_1shot_r4_h4.log,DATA-0338,7001D405D2C4E138F9870CBAE5735D92D42BCE3D96A25D71D77BDA5DA9228CAA,old_result,ohsinglora,food101,1,unknown,4,4,,,85.89,85.26,./checkpoints/ohsinglora/ViT-B16/food101/1shots/seed1/adapter_weights.pt,,1147,recovered_log_final_accuracy,seed/split not verified from recovered log,,,,,,,
log,data/old_result/results_logs_scan_ohsinglora/ohsinglora_oxford_flowers_1shot_r2_h1.log,DATA-0339,94BAEFA6908DA6590EA91713A482EE1AC2B8526163E009C049AF2FC93B1F2344,old_result,ohsinglora,oxford_flowers,1,unknown,2,1,,,,,,,44,recovered_log_no_final_accuracy,seed/split not verified from recovered log,,,,,,,
log,data/old_result/results_logs_scan_ohsinglora/ohsinglora_oxford_flowers_1shot_r2_h2.log,DATA-0340,94BAEFA6908DA6590EA91713A482EE1AC2B8526163E009C049AF2FC93B1F2344,old_result,ohsinglora,oxford_flowers,1,unknown,2,2,,,,,,,44,recovered_log_no_final_accuracy,seed/split not verified from recovered log,,,,,,,
log,data/old_result/results_logs_scan_ohsinglora/ohsinglora_oxford_flowers_1shot_r4_h1.log,DATA-0341,94BAEFA6908DA6590EA91713A482EE1AC2B8526163E009C049AF2FC93B1F2344,old_result,ohsinglora,oxford_flowers,1,unknown,4,1,,,,,,,44,recovered_log_no_final_accuracy,seed/split not verified from recovered log,,,,,,,
log,data/old_result/results_logs_scan_ohsinglora/ohsinglora_oxford_flowers_1shot_r4_h2.log,DATA-0342,94BAEFA6908DA6590EA91713A482EE1AC2B8526163E009C049AF2FC93B1F2344,old_result,ohsinglora,oxford_flowers,1,unknown,4,2,,,,,,,44,recovered_log_no_final_accuracy,seed/split not verified from recovered log,,,,,,,
log,data/old_result/results_logs_scan_ohsinglora/ohsinglora_oxford_flowers_1shot_r4_h4.log,DATA-0343,94BAEFA6908DA6590EA91713A482EE1AC2B8526163E009C049AF2FC93B1F2344,old_result,ohsinglora,oxford_flowers,1,unknown,4,4,,,,,,,44,recovered_log_no_final_accuracy,seed/split not verified from recovered log,,,,,,,
log,data/old_result/results_logs_scan_ohsinglora/ohsinglora_oxford_pets_1shot_r2_h1.log,DATA-0344,C1F9CE0C08D4172C489A967169436D6D2E3BCAC17CC294F00CEA2789DF4F0A5A,old_result,ohsinglora,oxford_pets,1,unknown,2,1,,,,,,,44,recovered_log_no_final_accuracy,seed/split not verified from recovered log,,,,,,,
log,data/old_result/results_logs_scan_ohsinglora/ohsinglora_oxford_pets_1shot_r2_h2.log,DATA-0345,C1F9CE0C08D4172C489A967169436D6D2E3BCAC17CC294F00CEA2789DF4F0A5A,old_result,ohsinglora,oxford_pets,1,unknown,2,2,,,,,,,44,recovered_log_no_final_accuracy,seed/split not verified from recovered log,,,,,,,
log,data/old_result/results_logs_scan_ohsinglora/ohsinglora_oxford_pets_1shot_r4_h1.log,DATA-0346,C1F9CE0C08D4172C489A967169436D6D2E3BCAC17CC294F00CEA2789DF4F0A5A,old_result,ohsinglora,oxford_pets,1,unknown,4,1,,,,,,,44,recovered_log_no_final_accuracy,seed/split not verified from recovered log,,,,,,,
log,data/old_result/results_logs_scan_ohsinglora/ohsinglora_oxford_pets_1shot_r4_h2.log,DATA-0347,C1F9CE0C08D4172C489A967169436D6D2E3BCAC17CC294F00CEA2789DF4F0A5A,old_result,ohsinglora,oxford_pets,1,unknown,4,2,,,,,,,44,recovered_log_no_final_accuracy,seed/split not verified from recovered log,,,,,,,
log,data/old_result/results_logs_scan_ohsinglora/ohsinglora_oxford_pets_1shot_r4_h4.log,DATA-0348,C1F9CE0C08D4172C489A967169436D6D2E3BCAC17CC294F00CEA2789DF4F0A5A,old_result,ohsinglora,oxford_pets,1,unknown,4,4,,,,,,,44,recovered_log_no_final_accuracy,seed/split not verified from recovered log,,,,,,,
log,data/old_result/results_logs_scan_ohsinglora/ohsinglora_ucf101_1shot_r2_h1.log,DATA-0349,608C855EBABE708D445BBCB1F48EA53C36CE90D333A27E30A3DFB3533CE4125A,old_result,ohsinglora,ucf101,1,unknown,2,1,,,75.65,65.21,./checkpoints/ohsinglora/ViT-B16/ucf101/1shots/seed1/adapter_weights.pt,,1044,recovered_log_final_accuracy,seed/split not verified from recovered log,,,,,,,
log,data/old_result/results_logs_scan_ohsinglora/ohsinglora_ucf101_1shot_r2_h2.log,DATA-0350,5A23750662073370211FC2CC7717B9559E6D6D0CEC5EA7D4D590AF0A4025FD7A,old_result,ohsinglora,ucf101,1,unknown,2,2,,,75.6,65.21,./checkpoints/ohsinglora/ViT-B16/ucf101/1shots/seed1/adapter_weights.pt,,1044,recovered_log_final_accuracy,seed/split not verified from recovered log,,,,,,,
log,data/old_result/results_logs_scan_ohsinglora/ohsinglora_ucf101_1shot_r4_h1.log,DATA-0351,B1B2CB03EB21955E92621D8417257BA1651F1EECF3FB077B3815268F6CFF1E9F,old_result,ohsinglora,ucf101,1,unknown,4,1,,,75.1,65.21,./checkpoints/ohsinglora/ViT-B16/ucf101/1shots/seed1/adapter_weights.pt,,1044,recovered_log_final_accuracy,seed/split not verified from recovered log,,,,,,,
log,data/old_result/results_logs_scan_ohsinglora/ohsinglora_ucf101_1shot_r4_h2.log,DATA-0352,085D047A102755AAD03662889B5B7B145C3EFD37DCF8BF1ABAF7A5AF62A632AC,old_result,ohsinglora,ucf101,1,unknown,4,2,,,75.95,65.21,./checkpoints/ohsinglora/ViT-B16/ucf101/1shots/seed1/adapter_weights.pt,,1044,recovered_log_final_accuracy,seed/split not verified from recovered log,,,,,,,
log,data/old_result/results_logs_scan_ohsinglora/ohsinglora_ucf101_1shot_r4_h4.log,DATA-0353,7305319117BB0DD8AFCA631B539021ECFD7CBE5ACCFF1E6F408B8DAE36F4F888,old_result,ohsinglora,ucf101,1,unknown,4,4,,,75.68,65.21,./checkpoints/ohsinglora/ViT-B16/ucf101/1shots/seed1/adapter_weights.pt,,1044,recovered_log_final_accuracy,seed/split not verified from recovered log,,,,,,,
log,data/old_result/results_logs_singlora/singlora_caltech101_16shot.log,DATA-0354,6CDFDFEFBEA087D7CE7D9AF6431925769067EFEFE204865DD91AABF37C64F360,old_result,singlora,caltech101,16,unknown,,,,,96.63,93.31,./checkpoints/vitb16/caltech101/16shots/seed1/adapter_weights.pt,,8678,recovered_log_final_accuracy,seed/split not verified from recovered log,,,,,,,
log,data/old_result/results_logs_singlora/singlora_caltech101_16shot_r4_a1.log,DATA-0355,4266B8E2F384E5D5823BC60E5CB86A9408B29B42A7E0C8B796D93226B4448EBE,old_result,singlora,caltech101,16,unknown,4,,,,96.35,93.31,./checkpoints/singlora/ViT-B16/caltech101/16shots/seed1/adapter_weights.pt,,8694,recovered_log_final_accuracy,seed/split not verified from recovered log,,,,,,,
log,data/old_result/results_logs_singlora/singlora_caltech101_1shot.log,DATA-0356,DC70DFB7599D8F1384B5BE4786227B2DAC43AE8154B4F198257C35E7E4F301CF,old_result,singlora,caltech101,1,unknown,,,,,93.79,93.31,./checkpoints/vitb16/caltech101/1shots/seed1/adapter_weights.pt,,1038,recovered_log_final_accuracy,seed/split not verified from recovered log,,,,,,,
log,data/old_result/results_logs_singlora/singlora_caltech101_1shot_r4_a1.log,DATA-0357,AA050D71DF755D1805C3ACBB763E779B2262534A1531B73CE664D08F6A37BB4E,old_result,singlora,caltech101,1,unknown,4,,,,94.08,93.31,./checkpoints/singlora/ViT-B16/caltech101/1shots/seed1/adapter_weights.pt,,930,recovered_log_final_accuracy,seed/split not verified from recovered log,,,,,,,
log,data/old_result/results_logs_singlora/singlora_caltech101_1shot_r4_a16.log,DATA-0358,4D8AC9FF31CBD7055996B2C49BB521C21D5B26AFF65A94BB46FFE3F0BAA1CB4F,old_result,singlora,caltech101,1,unknown,4,,,,93.23,93.31,./checkpoints/singlora/ViT-B16/caltech101/1shots/seed1/adapter_weights.pt,,930,recovered_log_final_accuracy,seed/split not verified from recovered log,,,,,,,
log,data/old_result/results_logs_singlora/singlora_caltech101_1shot_r4_a2.log,DATA-0359,178DCAB6412C2D68F29B9A66C78F4BEEC8FFD19C7EA92D3B60A71CACBBF6893A,old_result,singlora,caltech101,1,unknown,4,,,,93.83,93.31,./checkpoints/singlora/ViT-B16/caltech101/1shots/seed1/adapter_weights.pt,,930,recovered_log_final_accuracy,seed/split not verified from recovered log,,,,,,,
log,data/old_result/results_logs_singlora/singlora_caltech101_1shot_r4_a8.log,DATA-0360,341BEBDAC98575E7560883EC90832F0E574D463674313A56CD5955B5EF876E98,old_result,singlora,caltech101,1,unknown,4,,,,93.87,93.31,./checkpoints/singlora/ViT-B16/caltech101/1shots/seed1/adapter_weights.pt,,930,recovered_log_final_accuracy,seed/split not verified from recovered log,,,,,,,
log,data/old_result/results_logs_singlora/singlora_caltech101_4shot.log,DATA-0361,0CD759049AA909CBD9C431D1A56A3F4210038B79831720370D15B4549127C9C6,old_result,singlora,caltech101,4,unknown,,,,,95.21,93.31,./checkpoints/vitb16/caltech101/4shots/seed1/adapter_weights.pt,,2654,recovered_log_final_accuracy,seed/split not verified from recovered log,,,,,,,
log,data/old_result/results_logs_singlora/singlora_caltech101_4shot_heads2_r4_a2.log,DATA-0362,130768B753703727207216D174A865B8823F7337CAE8D8C47DAF94640678D8BA,old_result,singlora,caltech101,4,unknown,4,2,,,95.62,93.31,./checkpoints/singlora/ViT-B16/caltech101/4shots/seed1/adapter_weights.pt,,2517,recovered_log_final_accuracy,seed/split not verified from recovered log,,,,,,,
log,data/old_result/results_logs_singlora/singlora_caltech101_4shot_heads2_r4_a8.log,DATA-0363,439D1FBFBCE86FCE04B5604ACC3E271AF1986C3A9DA337423DF6140DB775B4C4,old_result,singlora,caltech101,4,unknown,4,2,,,94.89,93.31,./checkpoints/singlora/ViT-B16/caltech101/4shots/seed1/adapter_weights.pt,,2517,recovered_log_final_accuracy,seed/split not verified from recovered log,,,,,,,
log,data/old_result/results_logs_singlora/singlora_caltech101_4shot_r4_a1.log,DATA-0364,0146EA0D9E00D8E06890C715E3A27C208EB729A0AB5085FB7442B2E6FEBCADBA,old_result,singlora,caltech101,4,unknown,4,,,,95.46,93.31,./checkpoints/singlora/ViT-B16/caltech101/4shots/seed1/adapter_weights.pt,,2517,recovered_log_final_accuracy,seed/split not verified from recovered log,,,,,,,
log,data/old_result/results_logs_singlora/singlora_caltech101_4shot_r4_a16.log,DATA-0365,0C6274E864F637E83E029A50D4FF447057357C12F63BBB28C68707BC94E5843F,old_result,singlora,caltech101,4,unknown,4,,,,94.12,93.31,./checkpoints/singlora/ViT-B16/caltech101/4shots/seed1/adapter_weights.pt,,2492,recovered_log_final_accuracy,seed/split not verified from recovered log,,,,,,,
log,data/old_result/results_logs_singlora/singlora_caltech101_4shot_r4_a2.log,DATA-0366,F10B6B941EE3035D68F440168A8BE97F4899F83A7446941A5B2FE022A669663C,old_result,singlora,caltech101,4,unknown,4,,,,95.54,93.31,./checkpoints/singlora/ViT-B16/caltech101/4shots/seed1/adapter_weights.pt,,2517,recovered_log_final_accuracy,seed/split not verified from recovered log,,,,,,,
log,data/old_result/results_logs_singlora/singlora_caltech101_4shot_r4_a8.log,DATA-0367,3E761D02FE7B4FDD229A232CC23CCA1F3396084DF95ECB14FC719938EB200E0B,old_result,singlora,caltech101,4,unknown,4,,,,94.85,93.31,./checkpoints/singlora/ViT-B16/caltech101/4shots/seed1/adapter_weights.pt,,2514,recovered_log_final_accuracy,seed/split not verified from recovered log,,,,,,,
log,data/old_result/results_logs_singlora/singlora_dtd_16shot.log,DATA-0368,9CE21A8496B68FA8345265911A5221D32CFF5FD7FD1968D90980EED7DF232332,old_result,singlora,dtd,16,unknown,,,,,72.4,44.39,./checkpoints/vitb16/dtd/16shots/seed1/adapter_weights.pt,,9371,recovered_log_final_accuracy,seed/split not verified from recovered log,,,,,,,
log,data/old_result/results_logs_singlora/singlora_dtd_16shot_heads4.log,DATA-0369,C8195E85F16A6601BFDEA26EA9A6006536BC1F569D8758997E0722B529A69F5F,old_result,singlora,dtd,16,unknown,,4,,,72.64,44.39,./checkpoints/singlora/ViT-B16/dtd/16shots/seed1/adapter_weights.pt,,5629,recovered_log_final_accuracy,seed/split not verified from recovered log,,,,,,,
log,data/old_result/results_logs_singlora/singlora_dtd_16shot_r4_a1.log,DATA-0370,C8195E85F16A6601BFDEA26EA9A6006536BC1F569D8758997E0722B529A69F5F,old_result,singlora,dtd,16,unknown,4,,,,72.64,44.39,./checkpoints/singlora/ViT-B16/dtd/16shots/seed1/adapter_weights.pt,,5629,recovered_log_final_accuracy,seed/split not verified from recovered log,,,,,,,
log,data/old_result/results_logs_singlora/singlora_dtd_1shot.log,DATA-0371,E217A354EC5DD2BA423D68D67C63CE091EC6334CB87E173C6080B6A5ECFB52DC,old_result,singlora,dtd,1,unknown,,,,,53.37,44.39,./checkpoints/vitb16/dtd/1shots/seed1/adapter_weights.pt,,1535,recovered_log_final_accuracy,seed/split not verified from recovered log,,,,,,,
log,data/old_result/results_logs_singlora/singlora_dtd_1shot_r4_a1.log,DATA-0372,34CA4ACEFBED5EB2B10FD9E86B042417BCC589AF429723C5134E177C11C4048F,old_result,singlora,dtd,1,unknown,4,,,,55.38,44.39,./checkpoints/singlora/ViT-B16/dtd/1shots/seed1/adapter_weights.pt,,1302,recovered_log_final_accuracy,seed/split not verified from recovered log,,,,,,,
log,data/old_result/results_logs_singlora/singlora_dtd_1shot_r4_a16.log,DATA-0373,54AB4C32B9057A5F6652473E66A26FB9C8342C7AF36B6AD4932A0E2CE2C278C8,old_result,singlora,dtd,1,unknown,4,,,,52.6,44.39,./checkpoints/singlora/ViT-B16/dtd/1shots/seed1/adapter_weights.pt,,1302,recovered_log_final_accuracy,seed/split not verified from recovered log,,,,,,,
log,data/old_result/results_logs_singlora/singlora_dtd_1shot_r4_a2.log,DATA-0374,79F646055277C79BFA494EA9BA08B319A7FE410D9A05803E689C61475F6D2499,old_result,singlora,dtd,1,unknown,4,,,,55.2,44.39,./checkpoints/singlora/ViT-B16/dtd/1shots/seed1/adapter_weights.pt,,1302,recovered_log_final_accuracy,seed/split not verified from recovered log,,,,,,,
log,data/old_result/results_logs_singlora/singlora_dtd_1shot_r4_a8.log,DATA-0375,3227DC1FFD5D2D3A128C4A12740FFA8B0B66E7678F75D2A06673D1ED4DEB02F6,old_result,singlora,dtd,1,unknown,4,,,,53.49,44.39,./checkpoints/singlora/ViT-B16/dtd/1shots/seed1/adapter_weights.pt,,1302,recovered_log_final_accuracy,seed/split not verified from recovered log,,,,,,,
log,data/old_result/results_logs_singlora/singlora_dtd_4shot.log,DATA-0376,386D210653C0CB5FF97A52EAF6A876A384667D8773F0E8D7CF95FED34664F31E,old_result,singlora,dtd,4,unknown,,,,,64.83,44.39,./checkpoints/vitb16/dtd/4shots/seed1/adapter_weights.pt,,3371,recovered_log_final_accuracy,seed/split not verified from recovered log,,,,,,,
log,data/old_result/results_logs_singlora/singlora_dtd_4shot_heads2_r4_a2.log,DATA-0377,24FD3EBD818BA8D6CE5D86CCD9240F854F03F7B7C93658EE5E4477B497DA991F,old_result,singlora,dtd,4,unknown,4,2,,,64.13,44.39,./checkpoints/singlora/ViT-B16/dtd/4shots/seed1/adapter_weights.pt,,2416,recovered_log_final_accuracy,seed/split not verified from recovered log,,,,,,,
log,data/old_result/results_logs_singlora/singlora_dtd_4shot_heads2_r4_a8.log,DATA-0378,0C0762BB4243187AEB37E5B797482FDAB381D660D38625728A7C71759FAECA45,old_result,singlora,dtd,4,unknown,4,2,,,64.18,44.39,./checkpoints/singlora/ViT-B16/dtd/4shots/seed1/adapter_weights.pt,,2420,recovered_log_final_accuracy,seed/split not verified from recovered log,,,,,,,
log,data/old_result/results_logs_singlora/singlora_dtd_4shot_r4_a1.log,DATA-0379,7C1C602026AA0D3255597336F44F9F21B2B9095E5B8515B98009C72044FBAC6D,old_result,singlora,dtd,4,unknown,4,,,,64.66,44.39,./checkpoints/singlora/ViT-B16/dtd/4shots/seed1/adapter_weights.pt,,2418,recovered_log_final_accuracy,seed/split not verified from recovered log,,,,,,,
log,data/old_result/results_logs_singlora/singlora_dtd_4shot_r4_a4.log,DATA-0380,381F253928326AC16C6F50D3462D2300CC867B1B7FC2FBC5A5747CB28913B0BE,old_result,singlora,dtd,4,unknown,4,,,,64.48,44.39,./checkpoints/singlora/ViT-B16/dtd/4shots/seed1/adapter_weights.pt,,4013,recovered_log_final_accuracy,seed/split not verified from recovered log,,,,,,,
log,data/old_result/results_logs_singlora/singlora_eurosat_16shot.log,DATA-0381,E96147392AC6C99194EDAF8FBA3FABFB719C2D8B0C49E25F5685A33FB46E56D0,old_result,singlora,eurosat,16,unknown,,,,,91.54,42.16,./checkpoints/vitb16/eurosat/16shots/seed1/adapter_weights.pt,,14507,recovered_log_final_accuracy,seed/split not verified from recovered log,,,,,,,
log,data/old_result/results_logs_singlora/singlora_eurosat_16shot_r4_a1.log,DATA-0382,FF5802DFB2FFFE5CA9BAB06615B667369F815F6BF00592BCD22533059B9B99A5,old_result,singlora,eurosat,16,unknown,4,,,,90.72,42.16,./checkpoints/singlora/ViT-B16/eurosat/16shots/seed1/adapter_weights.pt,,11390,recovered_log_final_accuracy,seed/split not verified from recovered log,,,,,,,
log,data/old_result/results_logs_singlora/singlora_eurosat_1shot.log,DATA-0383,A652C8F81E67DBD9DC0EFD7994EDD7D5BF83F1C3C51F30619B62AF7D74B01322,old_result,singlora,eurosat,1,unknown,,,,,73.49,42.16,./checkpoints/vitb16/eurosat/1shots/seed1/adapter_weights.pt,,2560,recovered_log_final_accuracy,seed/split not verified from recovered log,,,,,,,
log,data/old_result/results_logs_singlora/singlora_eurosat_1shot_r4_a1.log,DATA-0384,8FAFCEE40C29196DA17E098D42A1CCB2A6BC141E9585CF525E20F1EEA24B507C,old_result,singlora,eurosat,1,unknown,4,,,,73.74,42.16,./checkpoints/singlora/ViT-B16/eurosat/1shots/seed1/adapter_weights.pt,,2576,recovered_log_final_accuracy,seed/split not verified from recovered log,,,,,,,
log,data/old_result/results_logs_singlora/singlora_eurosat_1shot_r4_a16.log,DATA-0385,9D18EECFB5B0CFF26A7F7EE241C155C4004478BFD939B57910AB968B7F675296,old_result,singlora,eurosat,1,unknown,4,,,,60.54,42.16,./checkpoints/singlora/ViT-B16/eurosat/1shots/seed1/adapter_weights.pt,,2576,recovered_log_final_accuracy,seed/split not verified from recovered log,,,,,,,
log,data/old_result/results_logs_singlora/singlora_eurosat_1shot_r4_a2.log,DATA-0386,9C53EBDC0929BDCE25010192471733F54E0A8C550D3C2DF2864169C98D15F158,old_result,singlora,eurosat,1,unknown,4,,,,72.23,42.16,./checkpoints/singlora/ViT-B16/eurosat/1shots/seed1/adapter_weights.pt,,2576,recovered_log_final_accuracy,seed/split not verified from recovered log,,,,,,,
log,data/old_result/results_logs_singlora/singlora_eurosat_1shot_r4_a8.log,DATA-0387,728B7767443D417DD1B7B3A902EE281715D085AA608C548F826920F4EE332D4D,old_result,singlora,eurosat,1,unknown,4,,,,63.19,42.16,./checkpoints/singlora/ViT-B16/eurosat/1shots/seed1/adapter_weights.pt,,2576,recovered_log_final_accuracy,seed/split not verified from recovered log,,,,,,,
log,data/old_result/results_logs_singlora/singlora_eurosat_4shot.log,DATA-0388,665BCB01D9768683A5246F0A14B820B3DD8577BFA6297911DAAB887662AE5424,old_result,singlora,eurosat,4,unknown,,,,,89.46,42.16,./checkpoints/vitb16/eurosat/4shots/seed1/adapter_weights.pt,,6060,recovered_log_final_accuracy,seed/split not verified from recovered log,,,,,,,
log,data/old_result/results_logs_singlora/singlora_eurosat_4shot_heads2_r4_a2.log,DATA-0389,7EFE415C759F3E92537CE44814CAED121A71F99A768F14E9076B1207B5E96341,old_result,singlora,eurosat,4,unknown,4,2,,,88.52,42.16,./checkpoints/singlora/ViT-B16/eurosat/4shots/seed1/adapter_weights.pt,,5077,recovered_log_final_accuracy,seed/split not verified from recovered log,,,,,,,
log,data/old_result/results_logs_singlora/singlora_eurosat_4shot_heads2_r4_a8.log,DATA-0390,BFCCD9FD6CCF3D4C199C67259FA25F2EA4582B3E74B7B973903A65546FB379BC,old_result,singlora,eurosat,4,unknown,4,2,,,88.67,42.16,./checkpoints/singlora/ViT-B16/eurosat/4shots/seed1/adapter_weights.pt,,5077,recovered_log_final_accuracy,seed/split not verified from recovered log,,,,,,,
log,data/old_result/results_logs_singlora/singlora_eurosat_4shot_r4_a1.log,DATA-0391,7F247E34062CD18D1B8079D191780AFB468BD6BD2C5F304A14DB294F8E0C2FFE,old_result,singlora,eurosat,4,unknown,4,,,,88.31,42.16,./checkpoints/singlora/ViT-B16/eurosat/4shots/seed1/adapter_weights.pt,,5077,recovered_log_final_accuracy,seed/split not verified from recovered log,,,,,,,
log,data/old_result/results_logs_singlora/singlora_fgvc_16shot.log,DATA-0392,A31B1C4A39DE17D419EE669B980B8B9AF26AFF568F12F2912D6482971F695A84,old_result,singlora,fgvc,16,unknown,,,,,52.27,23.73,./checkpoints/vitb16/fgvc/16shots/seed1/adapter_weights.pt,,8681,recovered_log_final_accuracy,seed/split not verified from recovered log,,,,,,,
log,data/old_result/results_logs_singlora/singlora_fgvc_16shot_heads4.log,DATA-0393,B762AE4D4A67B830A0F8DD4ECC9CC9CCA8BF757D06F1379506E7E9D617C6D9DB,old_result,singlora,fgvc,16,unknown,,4,,,56.14,23.73,./checkpoints/singlora/ViT-B16/fgvc/16shots/seed1/adapter_weights.pt,,8697,recovered_log_final_accuracy,seed/split not verified from recovered log,,,,,,,
log,data/old_result/results_logs_singlora/singlora_fgvc_16shot_r4_a1.log,DATA-0394,B762AE4D4A67B830A0F8DD4ECC9CC9CCA8BF757D06F1379506E7E9D617C6D9DB,old_result,singlora,fgvc,16,unknown,4,,,,56.14,23.73,./checkpoints/singlora/ViT-B16/fgvc/16shots/seed1/adapter_weights.pt,,8697,recovered_log_final_accuracy,seed/split not verified from recovered log,,,,,,,
log,data/old_result/results_logs_singlora/singlora_fgvc_1shot.log,DATA-0395,C8C1AB7E017B6F08F08FB987F7C34206510204684F6A37348D0D7488313262BA,old_result,singlora,fgvc,1,unknown,,,,,29.19,23.73,./checkpoints/vitb16/fgvc/1shots/seed1/adapter_weights.pt,,1041,recovered_log_final_accuracy,seed/split not verified from recovered log,,,,,,,
log,data/old_result/results_logs_singlora/singlora_fgvc_1shot_r4_a1.log,DATA-0396,08E866757C480109B9671ACBF16881052BD57B2C4A66EF2901836311EF79E0C6,old_result,singlora,fgvc,1,unknown,4,,,,30.12,23.73,./checkpoints/singlora/ViT-B16/fgvc/1shots/seed1/adapter_weights.pt,,933,recovered_log_final_accuracy,seed/split not verified from recovered log,,,,,,,
log,data/old_result/results_logs_singlora/singlora_fgvc_1shot_r4_a16.log,DATA-0397,9CDA28E22E45A33E75E9D460F72F4C2F05A7777DAE8AC821387FDDD6EC2142BB,old_result,singlora,fgvc,1,unknown,4,,,,22.71,23.73,./checkpoints/singlora/ViT-B16/fgvc/1shots/seed1/adapter_weights.pt,,933,recovered_log_final_accuracy,seed/split not verified from recovered log,,,,,,,
log,data/old_result/results_logs_singlora/singlora_fgvc_1shot_r4_a2.log,DATA-0398,02DC5E26F91F87ABB01D866F2CFB45956A0D7B3BD5896A35AC09259F190BA73D,old_result,singlora,fgvc,1,unknown,4,,,,29.82,23.73,./checkpoints/singlora/ViT-B16/fgvc/1shots/seed1/adapter_weights.pt,,933,recovered_log_final_accuracy,seed/split not verified from recovered log,,,,,,,
log,data/old_result/results_logs_singlora/singlora_fgvc_1shot_r4_a8.log,DATA-0399,E199C28915AD3247B8E16950CE04F2107BC34585B8030727479DD838991B1F65,old_result,singlora,fgvc,1,unknown,4,,,,25.71,23.73,./checkpoints/singlora/ViT-B16/fgvc/1shots/seed1/adapter_weights.pt,,933,recovered_log_final_accuracy,seed/split not verified from recovered log,,,,,,,
log,data/old_result/results_logs_singlora/singlora_fgvc_4shot.log,DATA-0400,E010E138C134EDF24BACB3089EC294A5D653418783991D550EA134A1E62CED8A,old_result,singlora,fgvc,4,unknown,,,,,38.49,23.73,./checkpoints/vitb16/fgvc/4shots/seed1/adapter_weights.pt,,2657,recovered_log_final_accuracy,seed/split not verified from recovered log,,,,,,,
log,data/old_result/results_logs_singlora/singlora_fgvc_4shot_heads2_r4_a2.log,DATA-0401,D95A469250E12F4D7F2D185D19E8DB32F868DDF76DEF1E6F0571C399DAC76932,old_result,singlora,fgvc,4,unknown,4,2,,,36.78,23.73,./checkpoints/singlora/ViT-B16/fgvc/4shots/seed1/adapter_weights.pt,,2520,recovered_log_final_accuracy,seed/split not verified from recovered log,,,,,,,
log,data/old_result/results_logs_singlora/singlora_fgvc_4shot_heads2_r4_a8.log,DATA-0402,83C8CD893117E053280277CB51DDCA6C40B2EABDEF41E2A690E4F368DFE164B4,old_result,singlora,fgvc,4,unknown,4,2,,,35.82,23.73,./checkpoints/singlora/ViT-B16/fgvc/4shots/seed1/adapter_weights.pt,,2520,recovered_log_final_accuracy,seed/split not verified from recovered log,,,,,,,
log,data/old_result/results_logs_singlora/singlora_fgvc_4shot_r4_a1.log,DATA-0403,7B1957E8CD2FF1CCACE26985D7DFBFA2241CFEB58C7896A91A6B42BFC052F570,old_result,singlora,fgvc,4,unknown,4,,,,38.13,23.73,./checkpoints/singlora/ViT-B16/fgvc/4shots/seed1/adapter_weights.pt,,2520,recovered_log_final_accuracy,seed/split not verified from recovered log,,,,,,,
log,data/old_result/results_logs_singlora/singlora_food101_16shot.log,DATA-0404,577DAC89669F026B6B415844BE33B11709749024185A4202F19DAA385F83134F,old_result,singlora,food101,16,unknown,,,,,85.24,85.26,./checkpoints/vitb16/food101/16shots/seed1/adapter_weights.pt,,8775,recovered_log_final_accuracy,seed/split not verified from recovered log,,,,,,,
log,data/old_result/results_logs_singlora/singlora_food101_16shot_r4_a1.log,DATA-0405,93FD9FE44778A1B546541F16B0847CB7149D75B94A92F5656C1F134C43E8AF05,old_result,singlora,food101,16,unknown,4,,,,85.09,85.26,./checkpoints/singlora/ViT-B16/food101/16shots/seed1/adapter_weights.pt,,8641,recovered_log_final_accuracy,seed/split not verified from recovered log,,,,,,,
log,data/old_result/results_logs_singlora/singlora_food101_1shot.log,DATA-0406,31E23DBEFD93276A329DF305A2FD67F3B5F73CC3924ECD1622EDD4CD05A8C380,old_result,singlora,food101,1,unknown,,,,,85.6,85.26,./checkpoints/vitb16/food101/1shots/seed1/adapter_weights.pt,,1147,recovered_log_final_accuracy,seed/split not verified from recovered log,,,,,,,
log,data/old_result/results_logs_singlora/singlora_food101_1shot_r4_a1.log,DATA-0407,A726CE488E163112C353E1575E71AF1AD21696FF1320D9FCE62BF24EEDAE077A,old_result,singlora,food101,1,unknown,4,,,,85.03,85.26,./checkpoints/singlora/ViT-B16/food101/1shots/seed1/adapter_weights.pt,,1039,recovered_log_final_accuracy,seed/split not verified from recovered log,,,,,,,
log,data/old_result/results_logs_singlora/singlora_food101_1shot_r4_a16.log,DATA-0408,41B06A43AD871B0A5D14CDF5D7A7141911FBF67B19425E2369481F080ACFD37F,old_result,singlora,food101,1,unknown,4,,,,78.94,85.26,./checkpoints/singlora/ViT-B16/food101/1shots/seed1/adapter_weights.pt,,1039,recovered_log_final_accuracy,seed/split not verified from recovered log,,,,,,,
log,data/old_result/results_logs_singlora/singlora_food101_1shot_r4_a2.log,DATA-0409,D1C33E521C1176CE9C34F94A2F4D795D5797CC49475A355353B648807B5C72E2,old_result,singlora,food101,1,unknown,4,,,,84.49,85.26,./checkpoints/singlora/ViT-B16/food101/1shots/seed1/adapter_weights.pt,,1039,recovered_log_final_accuracy,seed/split not verified from recovered log,,,,,,,
log,data/old_result/results_logs_singlora/singlora_food101_1shot_r4_a8.log,DATA-0410,C555EAAF9545A25D89489F28A95992B80DE8BCD8DC03C1658CA51CED23273EE7,old_result,singlora,food101,1,unknown,4,,,,81.53,85.26,./checkpoints/singlora/ViT-B16/food101/1shots/seed1/adapter_weights.pt,,1039,recovered_log_final_accuracy,seed/split not verified from recovered log,,,,,,,
log,data/old_result/results_logs_singlora/singlora_food101_4shot.log,DATA-0411,92E5D5BEC62A1ACA6D1D1FE7CB1CBCC006F8D8DE032C3AC42AAE71EDD76A37FD,old_result,singlora,food101,4,unknown,,,,,84.43,85.26,./checkpoints/vitb16/food101/4shots/seed1/adapter_weights.pt,,2763,recovered_log_final_accuracy,seed/split not verified from recovered log,,,,,,,
log,data/old_result/results_logs_singlora/singlora_food101_4shot_heads2_r4_a2.log,DATA-0412,B710681F3EE67E14AD56F192F19F1F63C426080403DC2FE2637CCC5045E1791E,old_result,singlora,food101,4,unknown,4,2,,,82.98,85.26,./checkpoints/singlora/ViT-B16/food101/4shots/seed1/adapter_weights.pt,,2626,recovered_log_final_accuracy,seed/split not verified from recovered log,,,,,,,
log,data/old_result/results_logs_singlora/singlora_food101_4shot_heads2_r4_a8.log,DATA-0413,0BAF225C1DBC0D3C14BD46C1511E3C0A4C11A8652F807E1B4FCC131BC4B7134A,old_result,singlora,food101,4,unknown,4,2,,,80.4,85.26,./checkpoints/singlora/ViT-B16/food101/4shots/seed1/adapter_weights.pt,,2626,recovered_log_final_accuracy,seed/split not verified from recovered log,,,,,,,
log,data/old_result/results_logs_singlora/singlora_food101_4shot_r4_a1.log,DATA-0414,39DC8CFC6EEEEE42E193F732052FD4061CD49212BE96EC01E80169822AF1A08E,old_result,singlora,food101,4,unknown,4,,,,84.06,85.26,./checkpoints/singlora/ViT-B16/food101/4shots/seed1/adapter_weights.pt,,2626,recovered_log_final_accuracy,seed/split not verified from recovered log,,,,,,,
log,data/old_result/results_logs_singlora/singlora_oxford_flowers_16shot.log,DATA-0415,FDBEDA5D83E5383365C3996F6204307ADD67415E5FFF0825E02E85F578C61988,old_result,singlora,oxford_flowers,16,unknown,,,,,98.05,67.4,./checkpoints/vitb16/oxford_flowers/16shots/seed1/adapter_weights.pt,,8666,recovered_log_final_accuracy,seed/split not verified from recovered log,,,,,,,
log,data/old_result/results_logs_singlora/singlora_oxford_flowers_16shot_r4_a1.log,DATA-0416,90E238A430D599EC278F4D707D0952EA34C0BC9F2AF2364D297F07B6D6D215FA,old_result,singlora,oxford_flowers,16,unknown,4,,,,98.13,67.4,./checkpoints/singlora/ViT-B16/oxford_flowers/16shots/seed1/adapter_weights.pt,,8682,recovered_log_final_accuracy,seed/split not verified from recovered log,,,,,,,
log,data/old_result/results_logs_singlora/singlora_oxford_flowers_1shot.log,DATA-0417,C317F31D799440910702A5AD1244583BAF74AE28D1D5A67DB13E32D955BF95A3,old_result,singlora,oxford_flowers,1,unknown,,,,,81.2,67.4,./checkpoints/vitb16/oxford_flowers/1shots/seed1/adapter_weights.pt,,1038,recovered_log_final_accuracy,seed/split not verified from recovered log,,,,,,,
log,data/old_result/results_logs_singlora/singlora_oxford_flowers_1shot_r4_a1.log,DATA-0418,EAE05241EAF18B8EF1E41A3D457575CC9896AE23827D77010A9A536D6A82AF9F,old_result,singlora,oxford_flowers,1,unknown,4,,,,82.62,67.4,./checkpoints/singlora/ViT-B16/oxford_flowers/1shots/seed1/adapter_weights.pt,,930,recovered_log_final_accuracy,seed/split not verified from recovered log,,,,,,,
log,data/old_result/results_logs_singlora/singlora_oxford_flowers_1shot_r4_a16.log,DATA-0419,D73E60FF3B29D5CD6FEFB8AB150AA18FB87AA7D0F78E05CCC6941B220E3A9BC9,old_result,singlora,oxford_flowers,1,unknown,4,,,,83.15,67.4,./checkpoints/singlora/ViT-B16/oxford_flowers/1shots/seed1/adapter_weights.pt,,930,recovered_log_final_accuracy,seed/split not verified from recovered log,,,,,,,
log,data/old_result/results_logs_singlora/singlora_oxford_flowers_1shot_r4_a2.log,DATA-0420,6E7DB84ED9606805C274B2874A968741B975434D6CE4602998971D6F546D29B5,old_result,singlora,oxford_flowers,1,unknown,4,,,,83.96,67.4,./checkpoints/singlora/ViT-B16/oxford_flowers/1shots/seed1/adapter_weights.pt,,930,recovered_log_final_accuracy,seed/split not verified from recovered log,,,,,,,
log,data/old_result/results_logs_singlora/singlora_oxford_flowers_1shot_r4_a8.log,DATA-0421,0CDAF109616F9BB5CA56A53FBC62FC8177F289364FE261DC6A09806E3400B30F,old_result,singlora,oxford_flowers,1,unknown,4,,,,84.25,67.4,./checkpoints/singlora/ViT-B16/oxford_flowers/1shots/seed1/adapter_weights.pt,,930,recovered_log_final_accuracy,seed/split not verified from recovered log,,,,,,,
log,data/old_result/results_logs_singlora/singlora_oxford_flowers_4shot.log,DATA-0422,47E257109F3B116BD5702E2AA9F97215283B9171BBDE24A071D9A1E78A0B73D7,old_result,singlora,oxford_flowers,4,unknown,,,,,93.79,67.4,./checkpoints/vitb16/oxford_flowers/4shots/seed1/adapter_weights.pt,,2654,recovered_log_final_accuracy,seed/split not verified from recovered log,,,,,,,
log,data/old_result/results_logs_singlora/singlora_oxford_flowers_4shot_heads2_r4_a2.log,DATA-0423,B479CD96FF834D465368CDF411C59EB3C620D797840D2BD11246E26953C4CE59,old_result,singlora,oxford_flowers,4,unknown,4,2,,,94.03,67.4,./checkpoints/singlora/ViT-B16/oxford_flowers/4shots/seed1/adapter_weights.pt,,2520,recovered_log_final_accuracy,seed/split not verified from recovered log,,,,,,,
log,data/old_result/results_logs_singlora/singlora_oxford_flowers_4shot_heads2_r4_a8.log,DATA-0424,B5C22E3EBEBAB9FFCC4C6EF3FF2E88D8309C4BDFE835C43046241681BC0F92E1,old_result,singlora,oxford_flowers,4,unknown,4,2,,,94.36,67.4,./checkpoints/singlora/ViT-B16/oxford_flowers/4shots/seed1/adapter_weights.pt,,2520,recovered_log_final_accuracy,seed/split not verified from recovered log,,,,,,,
log,data/old_result/results_logs_singlora/singlora_oxford_flowers_4shot_r4_a1.log,DATA-0425,CBA831F64036E37FEF1F40CE0581A8495809984EEA366E19BB1BF177E056D345,old_result,singlora,oxford_flowers,4,unknown,4,,,,93.26,67.4,./checkpoints/singlora/ViT-B16/oxford_flowers/4shots/seed1/adapter_weights.pt,,2520,recovered_log_final_accuracy,seed/split not verified from recovered log,,,,,,,
log,data/old_result/results_logs_singlora/singlora_oxford_pets_16shot.log,DATA-0426,5E3556FAA05FA370FFB0FFA2F938790950727BEAD0DAD7F8D5FADEEF279921BA,old_result,singlora,oxford_pets,16,unknown,,,,,92.72,88.2,./checkpoints/vitb16/oxford_pets/16shots/seed1/adapter_weights.pt,,9731,recovered_log_final_accuracy,seed/split not verified from recovered log,,,,,,,
log,data/old_result/results_logs_singlora/singlora_oxford_pets_16shot_r4_a1.log,DATA-0427,ED29C88948C1A72BD614F5F54A27DF1E6AAF17CEA13373E03F5A49DE98C4EC5C,old_result,singlora,oxford_pets,16,unknown,4,,,,92.64,88.2,./checkpoints/singlora/ViT-B16/oxford_pets/16shots/seed1/adapter_weights.pt,,6111,recovered_log_final_accuracy,seed/split not verified from recovered log,,,,,,,
log,data/old_result/results_logs_singlora/singlora_oxford_pets_1shot.log,DATA-0428,A94AAF6C6A64E423AA9A416601E5E8301D1CC996F9F8561B7A567E0FB34875D8,old_result,singlora,oxford_pets,1,unknown,,,,,92.64,88.2,./checkpoints/vitb16/oxford_pets/1shots/seed1/adapter_weights.pt,,1543,recovered_log_final_accuracy,seed/split not verified from recovered log,,,,,,,
log,data/old_result/results_logs_singlora/singlora_oxford_pets_1shot_r4_a1.log,DATA-0429,509A3842BE90016781F2682DD6E345473A433CFC44E1F74BBDDC577F80C86CAE,old_result,singlora,oxford_pets,1,unknown,4,,,,92.7,88.2,./checkpoints/singlora/ViT-B16/oxford_pets/1shots/seed1/adapter_weights.pt,,1310,recovered_log_final_accuracy,seed/split not verified from recovered log,,,,,,,
log,data/old_result/results_logs_singlora/singlora_oxford_pets_1shot_r4_a16.log,DATA-0430,8242F824CD6A2A13BD1DBF13D16DB48A4EC22F69EE273B620CB24C7F459B5FD3,old_result,singlora,oxford_pets,1,unknown,4,,,,84.9,88.2,./checkpoints/singlora/ViT-B16/oxford_pets/1shots/seed1/adapter_weights.pt,,1310,recovered_log_final_accuracy,seed/split not verified from recovered log,,,,,,,
log,data/old_result/results_logs_singlora/singlora_oxford_pets_1shot_r4_a2.log,DATA-0431,473EBFEB3AF119897F2321C66D995429C7B839B8B3DD951AFA0BE4B87B88CD55,old_result,singlora,oxford_pets,1,unknown,4,,,,91.82,88.2,./checkpoints/singlora/ViT-B16/oxford_pets/1shots/seed1/adapter_weights.pt,,1310,recovered_log_final_accuracy,seed/split not verified from recovered log,,,,,,,
log,data/old_result/results_logs_singlora/singlora_oxford_pets_1shot_r4_a8.log,DATA-0432,1D68ABAA2E4FD1F95687DA51F2F59E236E75A287DAD83DCB7766513A7107B7E7,old_result,singlora,oxford_pets,1,unknown,4,,,,88.17,88.2,./checkpoints/singlora/ViT-B16/oxford_pets/1shots/seed1/adapter_weights.pt,,1310,recovered_log_final_accuracy,seed/split not verified from recovered log,,,,,,,
log,data/old_result/results_logs_singlora/singlora_oxford_pets_4shot.log,DATA-0433,79743ACA00DD972D5B88590F4870E4262080C2A08A49EF48F14760E8A09C0E1C,old_result,singlora,oxford_pets,4,unknown,,,,,91.91,88.2,./checkpoints/vitb16/oxford_pets/4shots/seed1/adapter_weights.pt,,3643,recovered_log_final_accuracy,seed/split not verified from recovered log,,,,,,,
log,data/old_result/results_logs_singlora/singlora_oxford_pets_4shot_heads2_r4_a2.log,DATA-0434,3D7934592A347808D34A7FE3FAFA02645F3F9B222639496C370EA074F1DCB0A5,old_result,singlora,oxford_pets,4,unknown,4,2,,,90.46,88.2,./checkpoints/singlora/ViT-B16/oxford_pets/4shots/seed1/adapter_weights.pt,,2861,recovered_log_final_accuracy,seed/split not verified from recovered log,,,,,,,
log,data/old_result/results_logs_singlora/singlora_oxford_pets_4shot_heads2_r4_a8.log,DATA-0435,CA8A0E2482D6B1BB2BF3BC6F55AC5A71FCBF3F759FAB8405A266306CEFFF6DDA,old_result,singlora,oxford_pets,4,unknown,4,2,,,86.45,88.2,./checkpoints/singlora/ViT-B16/oxford_pets/4shots/seed1/adapter_weights.pt,,2860,recovered_log_final_accuracy,seed/split not verified from recovered log,,,,,,,
log,data/old_result/results_logs_singlora/singlora_oxford_pets_4shot_r4_a1.log,DATA-0436,F107ED70246ED585017D765570BD5E517A91AA2EA8034B71659AA226062B027E,old_result,singlora,oxford_pets,4,unknown,4,,,,91.66,88.2,./checkpoints/singlora/ViT-B16/oxford_pets/4shots/seed1/adapter_weights.pt,,2859,recovered_log_final_accuracy,seed/split not verified from recovered log,,,,,,,
log,data/old_result/results_logs_singlora/singlora_ucf101_16shot.log,DATA-0437,D82FD84837DEDF1B1DD8238ECFF8FAF695C4266AF826BA3D2803ECB633E38D5B,old_result,singlora,ucf101,16,unknown,,,,,86.28,65.21,./checkpoints/vitb16/ucf101/16shots/seed1/adapter_weights.pt,,8672,recovered_log_final_accuracy,seed/split not verified from recovered log,,,,,,,
log,data/old_result/results_logs_singlora/singlora_ucf101_16shot_r4_a1.log,DATA-0438,222663C7966D8E7C517ED41B2D4B7720284118F0E925F2BEED1608D70C48E24E,old_result,singlora,ucf101,16,unknown,4,,,,86.44,65.21,./checkpoints/singlora/ViT-B16/ucf101/16shots/seed1/adapter_weights.pt,,8537,recovered_log_final_accuracy,seed/split not verified from recovered log,,,,,,,
log,data/old_result/results_logs_singlora/singlora_ucf101_1shot.log,DATA-0439,7645BF28E42CE3E90DA28B750CE3CFCAFCD09878DAE52BBD9083418D561F2F24,old_result,singlora,ucf101,1,unknown,,,,,75.81,65.21,./checkpoints/vitb16/ucf101/1shots/seed1/adapter_weights.pt,,1044,recovered_log_final_accuracy,seed/split not verified from recovered log,,,,,,,
log,data/old_result/results_logs_singlora/singlora_ucf101_1shot_r4_a1.log,DATA-0440,4E4F672764E907469367F5740751DF788AFB1964C5F1591D64B7C2F7FB67B1B5,old_result,singlora,ucf101,1,unknown,4,,,,76.58,65.21,./checkpoints/singlora/ViT-B16/ucf101/1shots/seed1/adapter_weights.pt,,937,recovered_log_final_accuracy,seed/split not verified from recovered log,,,,,,,
log,data/old_result/results_logs_singlora/singlora_ucf101_1shot_r4_a16.log,DATA-0441,55B9AD0AC04624A6C4DA638A9320F727772C38F60F503F64A92A7E8DB9A97DD6,old_result,singlora,ucf101,1,unknown,4,,,,70.53,65.21,./checkpoints/singlora/ViT-B16/ucf101/1shots/seed1/adapter_weights.pt,,937,recovered_log_final_accuracy,seed/split not verified from recovered log,,,,,,,
log,data/old_result/results_logs_singlora/singlora_ucf101_1shot_r4_a2.log,DATA-0442,D617A1CD99231D67A1F9F9CE5F78D712A68B0679F77333EEAE54DD3C9189E41A,old_result,singlora,ucf101,1,unknown,4,,,,76.26,65.21,./checkpoints/singlora/ViT-B16/ucf101/1shots/seed1/adapter_weights.pt,,937,recovered_log_final_accuracy,seed/split not verified from recovered log,,,,,,,
log,data/old_result/results_logs_singlora/singlora_ucf101_1shot_r4_a8.log,DATA-0443,E61A3762C95D363CDCCB8C57F5F526948CC48BDCAB1400F1BF9AC014559161E7,old_result,singlora,ucf101,1,unknown,4,,,,72.77,65.21,./checkpoints/singlora/ViT-B16/ucf101/1shots/seed1/adapter_weights.pt,,937,recovered_log_final_accuracy,seed/split not verified from recovered log,,,,,,,
log,data/old_result/results_logs_singlora/singlora_ucf101_4shot.log,DATA-0444,F89DA3F03C818E107FBF78D51C39D47CD4FC9EAD8B974C3D1E900D162B532A72,old_result,singlora,ucf101,4,unknown,,,,,81.15,65.21,./checkpoints/vitb16/ucf101/4shots/seed1/adapter_weights.pt,,2660,recovered_log_final_accuracy,seed/split not verified from recovered log,,,,,,,
log,data/old_result/results_logs_singlora/singlora_ucf101_4shot_heads2_r4_a2.log,DATA-0445,00689CC6870AC502CA270C49B723B7E2115634C92C208EE509FC474B20E5CFC1,old_result,singlora,ucf101,4,unknown,4,2,,,80.04,65.21,./checkpoints/singlora/ViT-B16/ucf101/4shots/seed1/adapter_weights.pt,,2523,recovered_log_final_accuracy,seed/split not verified from recovered log,,,,,,,
log,data/old_result/results_logs_singlora/singlora_ucf101_4shot_heads2_r4_a8.log,DATA-0446,17DFED71B32C28D86D40DB7C119FD951DCAC6EA03D0ECF8822A12492E8358D4D,old_result,singlora,ucf101,4,unknown,4,2,,,77.29,65.21,./checkpoints/singlora/ViT-B16/ucf101/4shots/seed1/adapter_weights.pt,,2523,recovered_log_final_accuracy,seed/split not verified from recovered log,,,,,,,
log,data/old_result/results_logs_singlora/singlora_ucf101_4shot_r4_a1.log,DATA-0447,769B564E7B04DFC83FC8B57CCFD07AD8169CB7146061F03E921AB73212AF515E,old_result,singlora,ucf101,4,unknown,4,,,,80.49,65.21,./checkpoints/singlora/ViT-B16/ucf101/4shots/seed1/adapter_weights.pt,,2523,recovered_log_final_accuracy,seed/split not verified from recovered log,,,,,,,
log,data/result_new/results_logs_check_lora/lora_caltech101_16shot.log,DATA-0457,D1F70E7EABA6406CB89B8A61AADF74F36F375CC62CBEC39A156737139E6A57AF,result_new,lora,caltech101,16,unknown,,,,,96.31,93.31,./checkpoints/vitb16/caltech101/16shots/seed1/adapter_weights.pt,,5382,recovered_log_final_accuracy,seed/split not verified from recovered log,,,,,,,
log,data/result_new/results_logs_check_lora/lora_caltech101_1shot.log,DATA-0458,C070787D3804B87C19EDAFC70514B1442444F4564DAD71FFB5340361F7AAC173,result_new,lora,caltech101,1,unknown,,,,,93.67,93.31,./checkpoints/vitb16/caltech101/1shots/seed1/adapter_weights.pt,,1322,recovered_log_final_accuracy,seed/split not verified from recovered log,,,,,,,
log,data/result_new/results_logs_check_lora/lora_caltech101_4shot.log,DATA-0459,B0F7E30304AEDEE5FBE750EBAC989E39E1FEBFC8C7CE3457719F1A480339CDC8,result_new,lora,caltech101,4,unknown,,,,,95.58,93.31,./checkpoints/vitb16/caltech101/4shots/seed1/adapter_weights.pt,,2938,recovered_log_final_accuracy,seed/split not verified from recovered log,,,,,,,
log,data/result_new/results_logs_check_lora/lora_dtd_16shot.log,DATA-0460,C248C19C9E502CCC85BD19E9574C9AF7400FFE26A67518E6E404714B6B3FDA16,result_new,lora,dtd,16,unknown,,,,,72.28,44.39,./checkpoints/vitb16/dtd/16shots/seed1/adapter_weights.pt,,6190,recovered_log_final_accuracy,seed/split not verified from recovered log,,,,,,,
log,data/result_new/results_logs_check_lora/lora_dtd_1shot.log,DATA-0461,FE3EDD82F97349B6E79CE9E079C27FE28E3BCAA1A3825E59B80F5987644E1643,result_new,lora,dtd,1,unknown,,,,,54.61,44.39,./checkpoints/vitb16/dtd/1shots/seed1/adapter_weights.pt,,1819,recovered_log_final_accuracy,seed/split not verified from recovered log,,,,,,,
log,data/result_new/results_logs_check_lora/lora_dtd_4shot.log,DATA-0462,F62BE5736E8CDA4A25F2BDF479991A4F0474F505334D5F2E5755B05EFC49D003,result_new,lora,dtd,4,unknown,,,,,65.19,44.39,./checkpoints/vitb16/dtd/4shots/seed1/adapter_weights.pt,,3655,recovered_log_final_accuracy,seed/split not verified from recovered log,,,,,,,
log,data/result_new/results_logs_check_lora/lora_eurosat_16shot.log,DATA-0463,9C60D00B69F56FD39E3FB00093C3633B3A7672047A7432DA257FCDA529B7EC8A,result_new,lora,eurosat,16,unknown,,,,,91.25,42.16,./checkpoints/vitb16/eurosat/16shots/seed1/adapter_weights.pt,,11747,recovered_log_final_accuracy,seed/split not verified from recovered log,,,,,,,
log,data/result_new/results_logs_check_lora/lora_eurosat_1shot.log,DATA-0464,1487BE4C79A15E4D8065381FC169CA99C6A210E23B3CCFAB4D138DEB0DBC5582,result_new,lora,eurosat,1,unknown,,,,,72.88,42.16,./checkpoints/vitb16/eurosat/1shots/seed1/adapter_weights.pt,,2844,recovered_log_final_accuracy,seed/split not verified from recovered log,,,,,,,
log,data/result_new/results_logs_check_lora/lora_eurosat_4shot.log,DATA-0465,A55D3E3020D5ADACF4F6B8E4CE909702F2C055D7FB4822B8895E764A744EB705,result_new,lora,eurosat,4,unknown,,,,,87.49,42.16,./checkpoints/vitb16/eurosat/4shots/seed1/adapter_weights.pt,,6344,recovered_log_final_accuracy,seed/split not verified from recovered log,,,,,,,
log,data/result_new/results_logs_check_lora/lora_fgvc_16shot.log,DATA-0466,8D6C158E0CCE05EA9C43F7B997FBD18CAAF9A904B131FB93A5AF3EE61A0ABB4A,result_new,lora,fgvc,16,unknown,,,,,54.97,23.73,./checkpoints/vitb16/fgvc/16shots/seed1/adapter_weights.pt,,7375,recovered_log_final_accuracy,seed/split not verified from recovered log,,,,,,,
log,data/result_new/results_logs_check_lora/lora_fgvc_1shot.log,DATA-0467,1AA12633938EC3E96309D7A82E807724AA005159A20E6C1498BE7B87D98C97CA,result_new,lora,fgvc,1,unknown,,,,,28.71,23.73,./checkpoints/vitb16/fgvc/1shots/seed1/adapter_weights.pt,,1325,recovered_log_final_accuracy,seed/split not verified from recovered log,,,,,,,
log,data/result_new/results_logs_check_lora/lora_fgvc_4shot.log,DATA-0468,A0FED8F61272A6CDA602AA74AD210F694F3D58145F10475660FD28E39CF460DE,result_new,lora,fgvc,4,unknown,,,,,39.15,23.73,./checkpoints/vitb16/fgvc/4shots/seed1/adapter_weights.pt,,2941,recovered_log_final_accuracy,seed/split not verified from recovered log,,,,,,,
log,data/result_new/results_logs_check_lora/lora_food101_16shot.log,DATA-0469,6B5AFD21F1D99A810B905060B857321A4C262CBC8A2FBE29CACC4C05FC64EB95,result_new,lora,food101,16,unknown,,,,,84.55,85.26,./checkpoints/vitb16/food101/16shots/seed1/adapter_weights.pt,,5961,recovered_log_final_accuracy,seed/split not verified from recovered log,,,,,,,
log,data/result_new/results_logs_check_lora/lora_food101_1shot.log,DATA-0470,28C15A211546F7A306981D0328070788FD8550D81F0DE28C9FD7DC857CE27F72,result_new,lora,food101,1,unknown,,,,,85.08,85.26,./checkpoints/vitb16/food101/1shots/seed1/adapter_weights.pt,,1431,recovered_log_final_accuracy,seed/split not verified from recovered log,,,,,,,
log,data/result_new/results_logs_check_lora/lora_oxford_flowers_16shot.log,DATA-0471,8919AE8E2A3D32688E54F56D22467A7012F06F2E24F1024685D8A6FBAB2545B3,result_new,lora,oxford_flowers,16,unknown,,,,,97.93,67.4,./checkpoints/vitb16/oxford_flowers/16shots/seed1/adapter_weights.pt,,5852,recovered_log_final_accuracy,seed/split not verified from recovered log,,,,,,,
log,data/result_new/results_logs_check_lora/lora_oxford_flowers_1shot.log,DATA-0472,EF8E826E52FA64363042D78617B3AEA32BAFC7871EE7CEB1CDE12AAE8DAD6E8C,result_new,lora,oxford_flowers,1,unknown,,,,,83.35,67.4,./checkpoints/vitb16/oxford_flowers/1shots/seed1/adapter_weights.pt,,1322,recovered_log_final_accuracy,seed/split not verified from recovered log,,,,,,,
log,data/result_new/results_logs_check_lora/lora_oxford_pets_16shot.log,DATA-0473,687763634A90D94BF08F11325601A3BD27BD7BF77D261CE2D340D1DD44C56A2D,result_new,lora,oxford_pets,16,unknown,,,,,92.53,88.2,./checkpoints/vitb16/oxford_pets/16shots/seed1/adapter_weights.pt,,6486,recovered_log_final_accuracy,seed/split not verified from recovered log,,,,,,,
log,data/result_new/results_logs_check_lora/lora_oxford_pets_1shot.log,DATA-0474,09C2AAD6879BBD03B00C4C4BB984F09F4683A685F6FC3D31177C64B9BA8B3E42,result_new,lora,oxford_pets,1,unknown,,,,,91.52,88.2,./checkpoints/vitb16/oxford_pets/1shots/seed1/adapter_weights.pt,,1827,recovered_log_final_accuracy,seed/split not verified from recovered log,,,,,,,
log,data/result_new/results_logs_check_lora/lora_ucf101_16shot.log,DATA-0475,C8D750FDA6DD0599314EA731925741B6BBBC4EDC7366FB4CB68F96D4A5CC5392,result_new,lora,ucf101,16,unknown,,,,,86.36,65.21,./checkpoints/vitb16/ucf101/16shots/seed1/adapter_weights.pt,,5426,recovered_log_final_accuracy,seed/split not verified from recovered log,,,,,,,
log,data/result_new/results_logs_check_lora/lora_ucf101_1shot.log,DATA-0476,C4AC248191D7E129A74D33298CDB814CD60FF4A681FBE77CA3C166D62D5D71EB,result_new,lora,ucf101,1,unknown,,,,,76.29,65.21,./checkpoints/vitb16/ucf101/1shots/seed1/adapter_weights.pt,,1328,recovered_log_final_accuracy,seed/split not verified from recovered log,,,,,,,
log,data/result_new/results_logs_check_ohsinglora/ohsinglora_caltech101_16shot_lambda_o_0.03.log,DATA-0477,33090F266F819BC08CF737B47F85A561CA7DE7E23FB7DEF390E3D290A83A09C3,result_new,ohsinglora,caltech101,16,unknown,,,0.03,,96.63,93.31,./checkpoints/ohsinglora/ViT-B16/caltech101/16shots/seed1/adapter_weights.pt,,8680,recovered_log_final_accuracy,seed/split not verified from recovered log,,,,,,,
log,data/result_new/results_logs_check_ohsinglora/ohsinglora_caltech101_1shot.log,DATA-0478,7D18C365AD56069D9FB2F85F4436091D084CA7D8BE5CC458699D9E82608C5B31,result_new,ohsinglora,caltech101,1,unknown,,,,,94.24,93.31,./checkpoints/ohsinglora/ViT-B16/caltech101/1shots/seed1/adapter_weights.pt,,1038,recovered_log_final_accuracy,seed/split not verified from recovered log,,,,,,,
log,data/result_new/results_logs_check_ohsinglora/ohsinglora_dtd_16shot_lambda_o_0.03.log,DATA-0479,AE263B55456F904AF38A10C2EF089634757FC5E437F5D34EFD4B7205BD0A6E6C,result_new,ohsinglora,dtd,16,unknown,,,0.03,,73.58,44.39,./checkpoints/ohsinglora/ViT-B16/dtd/16shots/seed1/adapter_weights.pt,,9373,recovered_log_final_accuracy,seed/split not verified from recovered log,,,,,,,
log,data/result_new/results_logs_check_ohsinglora/ohsinglora_dtd_1shot.log,DATA-0480,74AD3489F1B4DCCBB34C98FBF9AE2FFEB5573CA22A66AD7787F6B35FB338E09B,result_new,ohsinglora,dtd,1,unknown,,,,,54.91,44.39,./checkpoints/ohsinglora/ViT-B16/dtd/1shots/seed1/adapter_weights.pt,,1535,recovered_log_final_accuracy,seed/split not verified from recovered log,,,,,,,
log,data/result_new/results_logs_check_ohsinglora/ohsinglora_eurosat_16shot_lambda_o_0.03.log,DATA-0481,D70C50E9DF5E46E684563D112C1AA2C43C97E6305D785FC605CEA67734B1C3EF,result_new,ohsinglora,eurosat,16,unknown,,,0.03,,91.75,42.16,./checkpoints/ohsinglora/ViT-B16/eurosat/16shots/seed1/adapter_weights.pt,,14462,recovered_log_final_accuracy,seed/split not verified from recovered log,,,,,,,
log,data/result_new/results_logs_check_ohsinglora/ohsinglora_eurosat_1shot.log,DATA-0482,94853CE2B4435A72AD5A021F4717C109F506B61C54796781975298F45EBFCD94,result_new,ohsinglora,eurosat,1,unknown,,,,,72.77,42.16,./checkpoints/ohsinglora/ViT-B16/eurosat/1shots/seed1/adapter_weights.pt,,2560,recovered_log_final_accuracy,seed/split not verified from recovered log,,,,,,,
log,data/result_new/results_logs_check_ohsinglora/ohsinglora_fgvc_16shot_lambda_o_0.03.log,DATA-0483,84830C2C508AA9BA0F8306B56C11CF37699CC0C10A406F0847B342137081A23D,result_new,ohsinglora,fgvc,16,unknown,,,0.03,,54.97,23.73,./checkpoints/ohsinglora/ViT-B16/fgvc/16shots/seed1/adapter_weights.pt,,8683,recovered_log_final_accuracy,seed/split not verified from recovered log,,,,,,,
log,data/result_new/results_logs_check_ohsinglora/ohsinglora_fgvc_1shot.log,DATA-0484,0DFC25DCB5927C32FA4735C215EAA8C5D329CD697ECAD63F125B365845233171,result_new,ohsinglora,fgvc,1,unknown,,,,,29.73,23.73,./checkpoints/ohsinglora/ViT-B16/fgvc/1shots/seed1/adapter_weights.pt,,1041,recovered_log_final_accuracy,seed/split not verified from recovered log,,,,,,,
log,data/result_new/results_logs_check_ohsinglora/ohsinglora_food101_16shot_lambda_o_0.03.log,DATA-0485,DD11FB8321BBCD073FFCC1E3AB6229324ACD4ED8B9704D5BAC27BF2B3B4D8A97,result_new,ohsinglora,food101,16,unknown,,,0.03,,85.08,85.26,./checkpoints/ohsinglora/ViT-B16/food101/16shots/seed1/adapter_weights.pt,,8777,recovered_log_final_accuracy,seed/split not verified from recovered log,,,,,,,
log,data/result_new/results_logs_check_ohsinglora/ohsinglora_food101_1shot.log,DATA-0486,498FB5A806092DEE766EFCF55EE2C66210B38CB04AAB8AFA8A843DFF09701771,result_new,ohsinglora,food101,1,unknown,,,,,85.49,85.26,./checkpoints/ohsinglora/ViT-B16/food101/1shots/seed1/adapter_weights.pt,,1147,recovered_log_final_accuracy,seed/split not verified from recovered log,,,,,,,
log,data/result_new/results_logs_check_ohsinglora/ohsinglora_oxford_flowers_16shot_lambda_o_0.03.log,DATA-0487,FF7C0DE61244FE3D27332AEF0039E5F7BB1422569379278E74A6A813A9A0EAAB,result_new,ohsinglora,oxford_flowers,16,unknown,,,0.03,,98.09,67.4,./checkpoints/ohsinglora/ViT-B16/oxford_flowers/16shots/seed1/adapter_weights.pt,,8668,recovered_log_final_accuracy,seed/split not verified from recovered log,,,,,,,
log,data/result_new/results_logs_check_ohsinglora/ohsinglora_oxford_flowers_1shot.log,DATA-0488,9300F962237A9C350087C12B90EBD0F0532BFE552DC2BA1065991437E8FE2E8A,result_new,ohsinglora,oxford_flowers,1,unknown,,,,,82.79,67.4,./checkpoints/ohsinglora/ViT-B16/oxford_flowers/1shots/seed1/adapter_weights.pt,,1038,recovered_log_final_accuracy,seed/split not verified from recovered log,,,,,,,
log,data/result_new/results_logs_check_ohsinglora/ohsinglora_oxford_pets_16shot_lambda_o_0.03.log,DATA-0489,31B940FB58BF7F6F723524823C3F8FE91D3C3CE6D94C2BA5C6481C03EC58288A,result_new,ohsinglora,oxford_pets,16,unknown,,,0.03,,92.91,88.2,./checkpoints/ohsinglora/ViT-B16/oxford_pets/16shots/seed1/adapter_weights.pt,,9733,recovered_log_final_accuracy,seed/split not verified from recovered log,,,,,,,
log,data/result_new/results_logs_check_ohsinglora/ohsinglora_oxford_pets_1shot.log,DATA-0490,097ABCF15A0B8741CB31DCB766FA7DBC6C884F55FDAE0146EF95F17EB70E0ABF,result_new,ohsinglora,oxford_pets,1,unknown,,,,,92.34,88.2,./checkpoints/ohsinglora/ViT-B16/oxford_pets/1shots/seed1/adapter_weights.pt,,1543,recovered_log_final_accuracy,seed/split not verified from recovered log,,,,,,,
log,data/result_new/results_logs_check_ohsinglora/ohsinglora_ucf101_16shot_lambda_o_0.03.log,DATA-0491,F6FEBAD6E41E52BDACC7FF0FE93477812B1B8EEBADA5858818DBE9BAF9647108,result_new,ohsinglora,ucf101,16,unknown,,,0.03,,85.7,65.21,./checkpoints/ohsinglora/ViT-B16/ucf101/16shots/seed1/adapter_weights.pt,,8674,recovered_log_final_accuracy,seed/split not verified from recovered log,,,,,,,
log,data/result_new/results_logs_check_ohsinglora/ohsinglora_ucf101_1shot.log,DATA-0492,B4EF74B1C0F897C03500E297C12A627635FBA632333FC1C6B62315381582521F,result_new,ohsinglora,ucf101,1,unknown,,,,,75.6,65.21,./checkpoints/ohsinglora/ViT-B16/ucf101/1shots/seed1/adapter_weights.pt,,1044,recovered_log_final_accuracy,seed/split not verified from recovered log,,,,,,,
log,data/result_scan_head/results_logs_scan_ohsinglora/ohsinglora_caltech101_16shot_R2_Head1.log,DATA-0497,BE3F0DD736FAA71BD205F8A07178D1803040DB96895D1B66B327D47F325C2B44,result_scan_head,ohsinglora,caltech101,16,unknown,2,1,,,96.47,93.31,/root/checkpoints/caltech101/16shot/ohsinglora_R2_H1/ohsinglora/ViT-B16/caltech101/16shots/seed1/adapter_weights.pt,,8689,recovered_log_final_accuracy,seed/split not verified from recovered log,,,,,,,
log,data/result_scan_head/results_logs_scan_ohsinglora/ohsinglora_caltech101_16shot_R4_Head1.log,DATA-0498,5130DC88687F4898B34B492A7280FEF5124E0D5AD2289DB9FD7CBC7D273CF381,result_scan_head,ohsinglora,caltech101,16,unknown,4,1,,,96.31,93.31,/root/checkpoints/caltech101/16shot/ohsinglora_R4_H1/ohsinglora/ViT-B16/caltech101/16shots/seed1/adapter_weights.pt,,8689,recovered_log_final_accuracy,seed/split not verified from recovered log,,,,,,,
log,data/result_scan_head/results_logs_scan_ohsinglora/ohsinglora_caltech101_16shot_R4_Head2.log,DATA-0499,0F9B0CCF1EB737A9D11F98C357BDD7CC2BFDE504AE503A486D81B263CB469C96,result_scan_head,ohsinglora,caltech101,16,unknown,4,2,,,96.19,93.31,/root/checkpoints/caltech101/16shot/ohsinglora_R4_H2/ohsinglora/ViT-B16/caltech101/16shots/seed1/adapter_weights.pt,,8689,recovered_log_final_accuracy,seed/split not verified from recovered log,,,,,,,
log,data/result_scan_head/results_logs_scan_ohsinglora/ohsinglora_caltech101_16shot_R4_Head4.log,DATA-0500,D943237B3ECEFB46EE6CD43505AEA18513B0F5AC2CE27661E7DAB827F2567659,result_scan_head,ohsinglora,caltech101,16,unknown,4,4,,,96.55,93.31,/root/checkpoints/caltech101/16shot/ohsinglora_R4_H4/ohsinglora/ViT-B16/caltech101/16shots/seed1/adapter_weights.pt,,8689,recovered_log_final_accuracy,seed/split not verified from recovered log,,,,,,,
log,data/result_scan_head/results_logs_scan_ohsinglora/ohsinglora_caltech101_1shot_r2_h1.log,DATA-0501,D46F24E17FB69F1FB179171B464F384CF208BF50443D896319DE5AD683EA9899,result_scan_head,ohsinglora,caltech101,1,unknown,2,1,,,94.12,93.31,./checkpoints/ohsinglora/ViT-B16/caltech101/1shots/seed1/adapter_weights.pt,,1038,recovered_log_final_accuracy,seed/split not verified from recovered log,,,,,,,
log,data/result_scan_head/results_logs_scan_ohsinglora/ohsinglora_caltech101_1shot_r2_h2.log,DATA-0502,6D03C24FF64F851128544B08853AD107E79477C5150DB677D43C6D423500B9C5,result_scan_head,ohsinglora,caltech101,1,unknown,2,2,,,94.24,93.31,./checkpoints/ohsinglora/ViT-B16/caltech101/1shots/seed1/adapter_weights.pt,,1038,recovered_log_final_accuracy,seed/split not verified from recovered log,,,,,,,
log,data/result_scan_head/results_logs_scan_ohsinglora/ohsinglora_caltech101_1shot_r4_h1.log,DATA-0503,554ACF982349EFD444A6CFB0061CF12D9AE811409376A58B8111DFB19346C42E,result_scan_head,ohsinglora,caltech101,1,unknown,4,1,,,93.79,93.31,./checkpoints/ohsinglora/ViT-B16/caltech101/1shots/seed1/adapter_weights.pt,,1038,recovered_log_final_accuracy,seed/split not verified from recovered log,,,,,,,
log,data/result_scan_head/results_logs_scan_ohsinglora/ohsinglora_caltech101_1shot_r4_h2.log,DATA-0504,6F1F7139ACB6C5B77CFE8C48F4CC3AF7067309DB54D90661ED21329F63B6E878,result_scan_head,ohsinglora,caltech101,1,unknown,4,2,,,94.16,93.31,./checkpoints/ohsinglora/ViT-B16/caltech101/1shots/seed1/adapter_weights.pt,,1038,recovered_log_final_accuracy,seed/split not verified from recovered log,,,,,,,
log,data/result_scan_head/results_logs_scan_ohsinglora/ohsinglora_caltech101_1shot_r4_h4.log,DATA-0505,69C35A58B31184FB089FD90CDA27CB094D90E255AD80496B352E4129293AB3C0,result_scan_head,ohsinglora,caltech101,1,unknown,4,4,,,94.0,93.31,./checkpoints/ohsinglora/ViT-B16/caltech101/1shots/seed1/adapter_weights.pt,,1038,recovered_log_final_accuracy,seed/split not verified from recovered log,,,,,,,
log,data/result_scan_head/results_logs_scan_ohsinglora/ohsinglora_caltech101_4shot_heads1.log,DATA-0506,0464B7627DC53716BF2F08779BAABE290E3A4186B27F72C324154514CED5E5BB,result_scan_head,ohsinglora,caltech101,4,unknown,,1,,,95.5,93.31,./checkpoints/ohsinglora/ViT-B16/caltech101/4shots/seed1/adapter_weights.pt,,2654,recovered_log_final_accuracy,seed/split not verified from recovered log,,,,,,,
log,data/result_scan_head/results_logs_scan_ohsinglora/ohsinglora_caltech101_4shot_heads2.log,DATA-0507,3722727FDBD81B0AA7CC342359FA3BA9E0BBD0B78C9DBD0832777D8978DCE8AF,result_scan_head,ohsinglora,caltech101,4,unknown,,2,,,95.29,93.31,./checkpoints/ohsinglora/ViT-B16/caltech101/4shots/seed1/adapter_weights.pt,,2654,recovered_log_final_accuracy,seed/split not verified from recovered log,,,,,,,
log,data/result_scan_head/results_logs_scan_ohsinglora/ohsinglora_caltech101_4shot_heads4.log,DATA-0508,E4B26F20E99A04FFDB496D1E2FAB6D64E667213D61381146DAAD3AF6E83F224F,result_scan_head,ohsinglora,caltech101,4,unknown,,4,,,95.25,93.31,./checkpoints/ohsinglora/ViT-B16/caltech101/4shots/seed1/adapter_weights.pt,,2654,recovered_log_final_accuracy,seed/split not verified from recovered log,,,,,,,
log,data/result_scan_head/results_logs_scan_ohsinglora/ohsinglora_caltech101_4shot_r2_h1.log,DATA-0509,092955CD1C68615CC781A51B97243D30C23C92246DEDF4459FE290D88FD4C9ED,result_scan_head,ohsinglora,caltech101,4,unknown,2,1,,,95.7,93.31,./checkpoints/ohsinglora/ViT-B16/caltech101/4shots/seed1/adapter_weights.pt,,2654,recovered_log_final_accuracy,seed/split not verified from recovered log,,,,,,,
log,data/result_scan_head/results_logs_scan_ohsinglora/ohsinglora_dtd_16shot_R2_Head1.log,DATA-0510,0AAD976146049E96887F5F180642605C490BDAA70AD9055642973CFA7C54E2EC,result_scan_head,ohsinglora,dtd,16,unknown,2,1,,,72.4,44.39,/root/checkpoints/dtd/16shot/ohsinglora_R2_H1/ohsinglora/ViT-B16/dtd/16shots/seed1/adapter_weights.pt,,9382,recovered_log_final_accuracy,seed/split not verified from recovered log,,,,,,,
log,data/result_scan_head/results_logs_scan_ohsinglora/ohsinglora_dtd_16shot_R4_Head1.log,DATA-0511,5B6393A784CA643F5C4D9C8587C51F24C0D11E87551498ABCCB9FA9C91642039,result_scan_head,ohsinglora,dtd,16,unknown,4,1,,,72.7,44.39,/root/checkpoints/dtd/16shot/ohsinglora_R4_H1/ohsinglora/ViT-B16/dtd/16shots/seed1/adapter_weights.pt,,9382,recovered_log_final_accuracy,seed/split not verified from recovered log,,,,,,,
log,data/result_scan_head/results_logs_scan_ohsinglora/ohsinglora_dtd_16shot_R4_Head2.log,DATA-0512,2EBDC5399B49EE7463361F25D15303F33C02071324A2CA5984E3BAA585E06742,result_scan_head,ohsinglora,dtd,16,unknown,4,2,,,72.93,44.39,/root/checkpoints/dtd/16shot/ohsinglora_R4_H2/ohsinglora/ViT-B16/dtd/16shots/seed1/adapter_weights.pt,,9382,recovered_log_final_accuracy,seed/split not verified from recovered log,,,,,,,
log,data/result_scan_head/results_logs_scan_ohsinglora/ohsinglora_dtd_16shot_R4_Head4.log,DATA-0513,D18B3D5BF790C9EA2B6EEF08F725B62E37C5298D205821005633B0C6A9B16CCE,result_scan_head,ohsinglora,dtd,16,unknown,4,4,,,73.29,44.39,/root/checkpoints/dtd/16shot/ohsinglora_R4_H4/ohsinglora/ViT-B16/dtd/16shots/seed1/adapter_weights.pt,,9382,recovered_log_final_accuracy,seed/split not verified from recovered log,,,,,,,
log,data/result_scan_head/results_logs_scan_ohsinglora/ohsinglora_dtd_1shot_r2_h1_lambda_o_0.03.log,DATA-0514,82F4037858C782903C216F8398157A416206FE98B3CA080E39D03410FC7380BB,result_scan_head,ohsinglora,dtd,1,unknown,2,1,0.03,,54.73,44.39,./checkpoints/ohsinglora/ViT-B16/dtd/1shots/seed1/adapter_weights.pt,,1535,recovered_log_final_accuracy,seed/split not verified from recovered log,,,,,,,
log,data/result_scan_head/results_logs_scan_ohsinglora/ohsinglora_dtd_1shot_r2_h2_lambda_o_0.03.log,DATA-0515,6FDC94CEA8CD46A0B50B613A3750AD28E24920395C7920B9D47EFC5A67EB3CF9,result_scan_head,ohsinglora,dtd,1,unknown,2,2,0.03,,54.91,44.39,./checkpoints/ohsinglora/ViT-B16/dtd/1shots/seed1/adapter_weights.pt,,1535,recovered_log_final_accuracy,seed/split not verified from recovered log,,,,,,,
log,data/result_scan_head/results_logs_scan_ohsinglora/ohsinglora_dtd_1shot_r4_h1_lambda_o_0.03.log,DATA-0516,8A21F82E069F8E1395CA90D043018DBC0F3687E95DA23FC8B0A2F74807D2BEF3,result_scan_head,ohsinglora,dtd,1,unknown,4,1,0.03,,53.9,44.39,./checkpoints/ohsinglora/ViT-B16/dtd/1shots/seed1/adapter_weights.pt,,1535,recovered_log_final_accuracy,seed/split not verified from recovered log,,,,,,,
log,data/result_scan_head/results_logs_scan_ohsinglora/ohsinglora_dtd_1shot_r4_h2_lambda_o_0.03.log,DATA-0517,971FB5BAB606E52B267030B555A0CBF2844CB2A362F582D42EC71B5579E4F20D,result_scan_head,ohsinglora,dtd,1,unknown,4,2,0.03,,54.26,44.39,./checkpoints/ohsinglora/ViT-B16/dtd/1shots/seed1/adapter_weights.pt,,1535,recovered_log_final_accuracy,seed/split not verified from recovered log,,,,,,,
log,data/result_scan_head/results_logs_scan_ohsinglora/ohsinglora_dtd_1shot_r4_h4_lambda_o_0.03.log,DATA-0518,CFB5C7803A750EDEA840DD7D76376AD014863187097AE3C8D236602C8E76C586,result_scan_head,ohsinglora,dtd,1,unknown,4,4,0.03,,54.96,44.39,./checkpoints/ohsinglora/ViT-B16/dtd/1shots/seed1/adapter_weights.pt,,1535,recovered_log_final_accuracy,seed/split not verified from recovered log,,,,,,,
log,data/result_scan_head/results_logs_scan_ohsinglora/ohsinglora_dtd_4shot_heads1.log,DATA-0519,C0DD85349D9CEAB8D8F9BE657E360EFDFA555132742A9BC914C3500F89AE07D0,result_scan_head,ohsinglora,dtd,4,unknown,,1,,,66.55,44.39,./checkpoints/ohsinglora/ViT-B16/dtd/4shots/seed1/adapter_weights.pt,,3371,recovered_log_final_accuracy,seed/split not verified from recovered log,,,,,,,
log,data/result_scan_head/results_logs_scan_ohsinglora/ohsinglora_dtd_4shot_heads2.log,DATA-0520,610616C60A72207D452F7A51599EC20689D561736A254E59CC04FDF931DD7BA7,result_scan_head,ohsinglora,dtd,4,unknown,,2,,,65.48,44.39,./checkpoints/ohsinglora/ViT-B16/dtd/4shots/seed1/adapter_weights.pt,,3371,recovered_log_final_accuracy,seed/split not verified from recovered log,,,,,,,
log,data/result_scan_head/results_logs_scan_ohsinglora/ohsinglora_dtd_4shot_heads4.log,DATA-0521,4580B365094DD11B2E3A05D90AAE0482D56371B2A6A8AC4CCA919898DE9D2890,result_scan_head,ohsinglora,dtd,4,unknown,,4,,,66.08,44.39,./checkpoints/ohsinglora/ViT-B16/dtd/4shots/seed1/adapter_weights.pt,,3371,recovered_log_final_accuracy,seed/split not verified from recovered log,,,,,,,
log,data/result_scan_head/results_logs_scan_ohsinglora/ohsinglora_dtd_4shot_r2_h1.log,DATA-0522,217243DAF631F88FC7A04E6DD70478A86FCB9566C8316A598371A37864FEBB36,result_scan_head,ohsinglora,dtd,4,unknown,2,1,,,64.89,44.39,./checkpoints/ohsinglora/ViT-B16/dtd/4shots/seed1/adapter_weights.pt,,3371,recovered_log_final_accuracy,seed/split not verified from recovered log,,,,,,,
log,data/result_scan_head/results_logs_scan_ohsinglora/ohsinglora_eurosat_16shot_R2_Head1.log,DATA-0523,C86F1F6E6F08B0210BA00B99A1F44AEDADFB8DC08DDDF02BAE521AAB7609E91B,result_scan_head,ohsinglora,eurosat,16,unknown,2,1,,,91.59,42.16,/root/checkpoints/eurosat/16shot/ohsinglora_R2_H1/ohsinglora/ViT-B16/eurosat/16shots/seed1/adapter_weights.pt,,14471,recovered_log_final_accuracy,seed/split not verified from recovered log,,,,,,,
log,data/result_scan_head/results_logs_scan_ohsinglora/ohsinglora_eurosat_16shot_R4_Head1.log,DATA-0524,A2C6431A28666D18A0BD50433C6AE7B9C874F3A811A5D6A96187510CA04BCD62,result_scan_head,ohsinglora,eurosat,16,unknown,4,1,,,90.96,42.16,/root/checkpoints/eurosat/16shot/ohsinglora_R4_H1/ohsinglora/ViT-B16/eurosat/16shots/seed1/adapter_weights.pt,,14471,recovered_log_final_accuracy,seed/split not verified from recovered log,,,,,,,
log,data/result_scan_head/results_logs_scan_ohsinglora/ohsinglora_eurosat_16shot_R4_Head2.log,DATA-0525,D15B7BA1DEEEFC09CACDA718B9ECB57396E949C4330CBA65D0E04E2E6626431F,result_scan_head,ohsinglora,eurosat,16,unknown,4,2,,,91.63,42.16,/root/checkpoints/eurosat/16shot/ohsinglora_R4_H2/ohsinglora/ViT-B16/eurosat/16shots/seed1/adapter_weights.pt,,14471,recovered_log_final_accuracy,seed/split not verified from recovered log,,,,,,,
log,data/result_scan_head/results_logs_scan_ohsinglora/ohsinglora_eurosat_16shot_R4_Head4.log,DATA-0526,644B51029EE9C0EAEC12D41CABE5964B7224199492B86771847594D04F4576E1,result_scan_head,ohsinglora,eurosat,16,unknown,4,4,,,90.62,42.16,/root/checkpoints/eurosat/16shot/ohsinglora_R4_H4/ohsinglora/ViT-B16/eurosat/16shots/seed1/adapter_weights.pt,,14471,recovered_log_final_accuracy,seed/split not verified from recovered log,,,,,,,
log,data/result_scan_head/results_logs_scan_ohsinglora/ohsinglora_eurosat_1shot_r2_h1_lambda_o_0.03.log,DATA-0527,B6CAC370743A257C0CB163429A69DA2012A40AB16DECA2C56508F5436A5D46E8,result_scan_head,ohsinglora,eurosat,1,unknown,2,1,0.03,,71.37,42.16,./checkpoints/ohsinglora/ViT-B16/eurosat/1shots/seed1/adapter_weights.pt,,2560,recovered_log_final_accuracy,seed/split not verified from recovered log,,,,,,,
log,data/result_scan_head/results_logs_scan_ohsinglora/ohsinglora_eurosat_1shot_r2_h2_lambda_o_0.03.log,DATA-0528,AD643DF3F814B2CBBCEEBDDC68BD6F6A9955C14AB65CA6D132237EFE10B5FF9E,result_scan_head,ohsinglora,eurosat,1,unknown,2,2,0.03,,72.77,42.16,./checkpoints/ohsinglora/ViT-B16/eurosat/1shots/seed1/adapter_weights.pt,,2560,recovered_log_final_accuracy,seed/split not verified from recovered log,,,,,,,
log,data/result_scan_head/results_logs_scan_ohsinglora/ohsinglora_eurosat_1shot_r4_h1_lambda_o_0.03.log,DATA-0529,32149829BFC02C7A0A3EC97E673B0EE507FD52E7109439AFD28D38B7469FB49B,result_scan_head,ohsinglora,eurosat,1,unknown,4,1,0.03,,74.22,42.16,./checkpoints/ohsinglora/ViT-B16/eurosat/1shots/seed1/adapter_weights.pt,,2560,recovered_log_final_accuracy,seed/split not verified from recovered log,,,,,,,
log,data/result_scan_head/results_logs_scan_ohsinglora/ohsinglora_eurosat_1shot_r4_h2_lambda_o_0.03.log,DATA-0530,9FE2C0D99901EFF53D4613B687E2A03972D81D6D02C84291DB67E499D6799158,result_scan_head,ohsinglora,eurosat,1,unknown,4,2,0.03,,73.15,42.16,./checkpoints/ohsinglora/ViT-B16/eurosat/1shots/seed1/adapter_weights.pt,,2560,recovered_log_final_accuracy,seed/split not verified from recovered log,,,,,,,
log,data/result_scan_head/results_logs_scan_ohsinglora/ohsinglora_eurosat_1shot_r4_h4_lambda_o_0.03.log,DATA-0531,7AF82C6D7DD8B6DFAFDD905656C0EF9D11358B875E8E9CBC49FD9E27C4E56782,result_scan_head,ohsinglora,eurosat,1,unknown,4,4,0.03,,70.27,42.16,./checkpoints/ohsinglora/ViT-B16/eurosat/1shots/seed1/adapter_weights.pt,,2560,recovered_log_final_accuracy,seed/split not verified from recovered log,,,,,,,
log,data/result_scan_head/results_logs_scan_ohsinglora/ohsinglora_eurosat_4shot_heads1.log,DATA-0532,BA432E2E0124FB380935BC6C563BCE4183DC9E0E8294E22E5993A0AB220BA68F,result_scan_head,ohsinglora,eurosat,4,unknown,,1,,,87.85,42.16,./checkpoints/ohsinglora/ViT-B16/eurosat/4shots/seed1/adapter_weights.pt,,6060,recovered_log_final_accuracy,seed/split not verified from recovered log,,,,,,,
log,data/result_scan_head/results_logs_scan_ohsinglora/ohsinglora_eurosat_4shot_heads2.log,DATA-0533,6A4318B889505BBE696228C99771041790846FE811A767561CF7E8C87536F7B3,result_scan_head,ohsinglora,eurosat,4,unknown,,2,,,88.57,42.16,./checkpoints/ohsinglora/ViT-B16/eurosat/4shots/seed1/adapter_weights.pt,,6060,recovered_log_final_accuracy,seed/split not verified from recovered log,,,,,,,
log,data/result_scan_head/results_logs_scan_ohsinglora/ohsinglora_eurosat_4shot_heads4.log,DATA-0534,4695E6D93102C4D8BC937BF7C423F259BD15F5B10B1B55869550A59083CD815C,result_scan_head,ohsinglora,eurosat,4,unknown,,4,,,87.84,42.16,./checkpoints/ohsinglora/ViT-B16/eurosat/4shots/seed1/adapter_weights.pt,,6060,recovered_log_final_accuracy,seed/split not verified from recovered log,,,,,,,
log,data/result_scan_head/results_logs_scan_ohsinglora/ohsinglora_eurosat_4shot_r2_h1.log,DATA-0535,A8CE0A5E0839D2B812E2287B263A268359A646EEB4C7636E165CC15F835F7380,result_scan_head,ohsinglora,eurosat,4,unknown,2,1,,,87.98,42.16,./checkpoints/ohsinglora/ViT-B16/eurosat/4shots/seed1/adapter_weights.pt,,6060,recovered_log_final_accuracy,seed/split not verified from recovered log,,,,,,,
log,data/result_scan_head/results_logs_scan_ohsinglora/ohsinglora_fgvc_16shot_R2_Head1.log,DATA-0536,45C0A9067C120525317AD9758651A34F64FBC09180761EC9A28A1C3ACAD81C32,result_scan_head,ohsinglora,fgvc,16,unknown,2,1,,,54.01,23.73,/root/checkpoints/fgvc/16shot/ohsinglora_R2_H1/ohsinglora/ViT-B16/fgvc/16shots/seed1/adapter_weights.pt,,8795,recovered_log_final_accuracy,seed/split not verified from recovered log,,,,,,,
log,data/result_scan_head/results_logs_scan_ohsinglora/ohsinglora_fgvc_16shot_R4_Head1.log,DATA-0537,E400D5BD9B0C6F9EB145B1173D8ED2ACC5A39F472EAD1B5C168ED68A346C5D8D,result_scan_head,ohsinglora,fgvc,16,unknown,4,1,,,54.49,23.73,/root/checkpoints/fgvc/16shot/ohsinglora_R4_H1/ohsinglora/ViT-B16/fgvc/16shots/seed1/adapter_weights.pt,,8692,recovered_log_final_accuracy,seed/split not verified from recovered log,,,,,,,
log,data/result_scan_head/results_logs_scan_ohsinglora/ohsinglora_fgvc_16shot_R4_Head2.log,DATA-0538,E67497CFE17C3CF52D542CC79FDE75072FB704911554104B3A6BC5FBF3F9881B,result_scan_head,ohsinglora,fgvc,16,unknown,4,2,,,55.51,23.73,/root/checkpoints/fgvc/16shot/ohsinglora_R4_H2/ohsinglora/ViT-B16/fgvc/16shots/seed1/adapter_weights.pt,,8692,recovered_log_final_accuracy,seed/split not verified from recovered log,,,,,,,
log,data/result_scan_head/results_logs_scan_ohsinglora/ohsinglora_fgvc_16shot_R4_Head4.log,DATA-0539,4E409155911346B994289E6FC6F24709026100FD0971C2D238B2A6E68426FDC2,result_scan_head,ohsinglora,fgvc,16,unknown,4,4,,,56.17,23.73,/root/checkpoints/fgvc/16shot/ohsinglora_R4_H4/ohsinglora/ViT-B16/fgvc/16shots/seed1/adapter_weights.pt,,8692,recovered_log_final_accuracy,seed/split not verified from recovered log,,,,,,,
log,data/result_scan_head/results_logs_scan_ohsinglora/ohsinglora_fgvc_1shot_r2_h1_lambda_o_0.03.log,DATA-0540,38E5853FC96C23BF8F6ED9565ADAF3EE652C5E5A1741F39ED3109C0EEC9296C7,result_scan_head,ohsinglora,fgvc,1,unknown,2,1,0.03,,29.73,23.73,./checkpoints/ohsinglora/ViT-B16/fgvc/1shots/seed1/adapter_weights.pt,,1041,recovered_log_final_accuracy,seed/split not verified from recovered log,,,,,,,
log,data/result_scan_head/results_logs_scan_ohsinglora/ohsinglora_fgvc_1shot_r2_h2_lambda_o_0.03.log,DATA-0541,FCB30521EC9B0DC7866ACBD988FD57B5EE0CA804FA56D558C0D6D6DC1CDA2261,result_scan_head,ohsinglora,fgvc,1,unknown,2,2,0.03,,29.73,23.73,./checkpoints/ohsinglora/ViT-B16/fgvc/1shots/seed1/adapter_weights.pt,,1041,recovered_log_final_accuracy,seed/split not verified from recovered log,,,,,,,
log,data/result_scan_head/results_logs_scan_ohsinglora/ohsinglora_fgvc_1shot_r4_h1_lambda_o_0.03.log,DATA-0542,92FD29B287B0276015D61EFE91425C8DB91F173ED5FA348372203B4701890923,result_scan_head,ohsinglora,fgvc,1,unknown,4,1,0.03,,28.98,23.73,./checkpoints/ohsinglora/ViT-B16/fgvc/1shots/seed1/adapter_weights.pt,,1041,recovered_log_final_accuracy,seed/split not verified from recovered log,,,,,,,
log,data/result_scan_head/results_logs_scan_ohsinglora/ohsinglora_fgvc_1shot_r4_h2_lambda_o_0.03.log,DATA-0543,ECCE9A13037AB264670A632AE0EB96F0A6BE934D75B1A51228D7868EDE86BBE8,result_scan_head,ohsinglora,fgvc,1,unknown,4,2,0.03,,29.85,23.73,./checkpoints/ohsinglora/ViT-B16/fgvc/1shots/seed1/adapter_weights.pt,,1041,recovered_log_final_accuracy,seed/split not verified from recovered log,,,,,,,
log,data/result_scan_head/results_logs_scan_ohsinglora/ohsinglora_fgvc_1shot_r4_h4_lambda_o_0.03.log,DATA-0544,134EA744129DAD17B5BE08A69574AB18C988C82B3A7D61DE412BB1DCD1FC4FA4,result_scan_head,ohsinglora,fgvc,1,unknown,4,4,0.03,,29.97,23.73,./checkpoints/ohsinglora/ViT-B16/fgvc/1shots/seed1/adapter_weights.pt,,1041,recovered_log_final_accuracy,seed/split not verified from recovered log,,,,,,,
log,data/result_scan_head/results_logs_scan_ohsinglora/ohsinglora_fgvc_4shot_heads1.log,DATA-0545,DD08B6C19D737C8E32CACD14D3B0F04C58FC48E757AB6187B40DAEA3EC909500,result_scan_head,ohsinglora,fgvc,4,unknown,,1,,,38.73,23.73,./checkpoints/ohsinglora/ViT-B16/fgvc/4shots/seed1/adapter_weights.pt,,2916,recovered_log_final_accuracy,seed/split not verified from recovered log,,,,,,,
log,data/result_scan_head/results_logs_scan_ohsinglora/ohsinglora_fgvc_4shot_heads2.log,DATA-0546,C54278F76B7CAC77806C2EC4145DA7CD894C2E4DBF2821792BBFBF70F51B8A0A,result_scan_head,ohsinglora,fgvc,4,unknown,,2,,,38.4,23.73,./checkpoints/ohsinglora/ViT-B16/fgvc/4shots/seed1/adapter_weights.pt,,2657,recovered_log_final_accuracy,seed/split not verified from recovered log,,,,,,,
log,data/result_scan_head/results_logs_scan_ohsinglora/ohsinglora_fgvc_4shot_heads4.log,DATA-0547,0F7250D8BB2DBAAF71A3B99BECD1CD011E6F230E4EE26C131F24E4FC54CFB8BC,result_scan_head,ohsinglora,fgvc,4,unknown,,4,,,39.93,23.73,./checkpoints/ohsinglora/ViT-B16/fgvc/4shots/seed1/adapter_weights.pt,,2657,recovered_log_final_accuracy,seed/split not verified from recovered log,,,,,,,
log,data/result_scan_head/results_logs_scan_ohsinglora/ohsinglora_fgvc_4shot_r2_h1.log,DATA-0548,344D93A9AE4FE5951629CF70A6752F52FC1CCC0AB0A3BDDE7603B8BBD6EBB5F3,result_scan_head,ohsinglora,fgvc,4,unknown,2,1,,,38.34,23.73,./checkpoints/ohsinglora/ViT-B16/fgvc/4shots/seed1/adapter_weights.pt,,2720,recovered_log_final_accuracy,seed/split not verified from recovered log,,,,,,,
log,data/result_scan_head/results_logs_scan_ohsinglora/ohsinglora_food101_16shot_R2_Head1.log,DATA-0549,1D971CD0CDCDA60F24208E7C243FCCBA992BD569859F0684ADE60EF04BE3E6BF,result_scan_head,ohsinglora,food101,16,unknown,2,1,,,85.0,85.26,/root/checkpoints/food101/16shot/ohsinglora_R2_H1/ohsinglora/ViT-B16/food101/16shots/seed1/adapter_weights.pt,,8786,recovered_log_final_accuracy,seed/split not verified from recovered log,,,,,,,
log,data/result_scan_head/results_logs_scan_ohsinglora/ohsinglora_food101_16shot_R4_Head1.log,DATA-0550,9BBA174C65104E2060B43F6773C8EE354EE59347CCC53BD1BE23A314F0FA82A0,result_scan_head,ohsinglora,food101,16,unknown,4,1,,,85.19,85.26,/root/checkpoints/food101/16shot/ohsinglora_R4_H1/ohsinglora/ViT-B16/food101/16shots/seed1/adapter_weights.pt,,8786,recovered_log_final_accuracy,seed/split not verified from recovered log,,,,,,,
log,data/result_scan_head/results_logs_scan_ohsinglora/ohsinglora_food101_16shot_R4_Head2.log,DATA-0551,78D572F4E4E0CB37CD62E88AC2C880B65F3165E5F5EB31F0B13FBF2D293F55BB,result_scan_head,ohsinglora,food101,16,unknown,4,2,,,84.65,85.26,/root/checkpoints/food101/16shot/ohsinglora_R4_H2/ohsinglora/ViT-B16/food101/16shots/seed1/adapter_weights.pt,,8786,recovered_log_final_accuracy,seed/split not verified from recovered log,,,,,,,
log,data/result_scan_head/results_logs_scan_ohsinglora/ohsinglora_food101_16shot_R4_Head4.log,DATA-0552,0D731A007EB7B8884E8ED80ACA152E4046FD5141ABE6DF8FE296FEF471C74374,result_scan_head,ohsinglora,food101,16,unknown,4,4,,,85.07,85.26,/root/checkpoints/food101/16shot/ohsinglora_R4_H4/ohsinglora/ViT-B16/food101/16shots/seed1/adapter_weights.pt,,8786,recovered_log_final_accuracy,seed/split not verified from recovered log,,,,,,,
log,data/result_scan_head/results_logs_scan_ohsinglora/ohsinglora_food101_1shot_r2_h1.log,DATA-0553,B85AD579BD523F8EAEAF463DDA271246DB35C71428481587E5F1C60C0677D608,result_scan_head,ohsinglora,food101,1,unknown,2,1,,,85.53,85.26,./checkpoints/ohsinglora/ViT-B16/food101/1shots/seed1/adapter_weights.pt,,1147,recovered_log_final_accuracy,seed/split not verified from recovered log,,,,,,,
log,data/result_scan_head/results_logs_scan_ohsinglora/ohsinglora_food101_1shot_r2_h2.log,DATA-0554,C5573FE7FC0B72FBF21B38149310A9936840BAA8B297E5AC746E0551B40D88C0,result_scan_head,ohsinglora,food101,1,unknown,2,2,,,85.49,85.26,./checkpoints/ohsinglora/ViT-B16/food101/1shots/seed1/adapter_weights.pt,,1147,recovered_log_final_accuracy,seed/split not verified from recovered log,,,,,,,
log,data/result_scan_head/results_logs_scan_ohsinglora/ohsinglora_food101_1shot_r4_h1.log,DATA-0555,9447968F2D4033BCBC0E54563AD255AF04B27C775A3A1F11F23B499AB768F4D3,result_scan_head,ohsinglora,food101,1,unknown,4,1,,,85.69,85.26,./checkpoints/ohsinglora/ViT-B16/food101/1shots/seed1/adapter_weights.pt,,1147,recovered_log_final_accuracy,seed/split not verified from recovered log,,,,,,,
log,data/result_scan_head/results_logs_scan_ohsinglora/ohsinglora_food101_1shot_r4_h2.log,DATA-0556,05E35C00F47BF61A326E8EA10FE0B253991FAEE888F9E382DE673F15B014D2BC,result_scan_head,ohsinglora,food101,1,unknown,4,2,,,85.76,85.26,./checkpoints/ohsinglora/ViT-B16/food101/1shots/seed1/adapter_weights.pt,,1147,recovered_log_final_accuracy,seed/split not verified from recovered log,,,,,,,
log,data/result_scan_head/results_logs_scan_ohsinglora/ohsinglora_food101_1shot_r4_h4.log,DATA-0557,301C769C0790388472EE0AEA27F7FC596EBFE475B9A9A1D1046F6D90DBB70CCE,result_scan_head,ohsinglora,food101,1,unknown,4,4,,,85.89,85.26,./checkpoints/ohsinglora/ViT-B16/food101/1shots/seed1/adapter_weights.pt,,1147,recovered_log_final_accuracy,seed/split not verified from recovered log,,,,,,,
log,data/result_scan_head/results_logs_scan_ohsinglora/ohsinglora_food101_4shot_heads1.log,DATA-0558,59578E62E02661891DC891A2806988BC41C7460BBC9E3A4B0863816AFB6984B0,result_scan_head,ohsinglora,food101,4,unknown,,1,,,83.99,85.26,./checkpoints/ohsinglora/ViT-B16/food101/4shots/seed1/adapter_weights.pt,,2763,recovered_log_final_accuracy,seed/split not verified from recovered log,,,,,,,
log,data/result_scan_head/results_logs_scan_ohsinglora/ohsinglora_food101_4shot_heads2.log,DATA-0559,364BB4EA5B346C37D804CD494FFFE295AD03874BCBEB541DAF61CCE62271646A,result_scan_head,ohsinglora,food101,4,unknown,,2,,,84.01,85.26,./checkpoints/ohsinglora/ViT-B16/food101/4shots/seed1/adapter_weights.pt,,2763,recovered_log_final_accuracy,seed/split not verified from recovered log,,,,,,,
log,data/result_scan_head/results_logs_scan_ohsinglora/ohsinglora_food101_4shot_heads4.log,DATA-0560,507E65CAD29F41876DF0BE8FECCEE8D7EB275FE82410EFF16BC9427B64174F12,result_scan_head,ohsinglora,food101,4,unknown,,4,,,84.06,85.26,./checkpoints/ohsinglora/ViT-B16/food101/4shots/seed1/adapter_weights.pt,,2763,recovered_log_final_accuracy,seed/split not verified from recovered log,,,,,,,
log,data/result_scan_head/results_logs_scan_ohsinglora/ohsinglora_food101_4shot_r2_h1.log,DATA-0561,9301C24494A66D64216B717386F8D2FF6FD86786F4FC6A44EC535B30709462C1,result_scan_head,ohsinglora,food101,4,unknown,2,1,,,84.16,85.26,./checkpoints/ohsinglora/ViT-B16/food101/4shots/seed1/adapter_weights.pt,,2763,recovered_log_final_accuracy,seed/split not verified from recovered log,,,,,,,
log,data/result_scan_head/results_logs_scan_ohsinglora/ohsinglora_oxford_flowers_16shot_R2_Head1.log,DATA-0562,06D36E75C6278CF9A5D3E2F5B98EE24EB3322D1A2462D04588FAC40AC151F201,result_scan_head,ohsinglora,oxford_flowers,16,unknown,2,1,,,97.97,67.4,/root/checkpoints/oxford_flowers/16shot/ohsinglora_R2_H1/ohsinglora/ViT-B16/oxford_flowers/16shots/seed1/adapter_weights.pt,,8677,recovered_log_final_accuracy,seed/split not verified from recovered log,,,,,,,
log,data/result_scan_head/results_logs_scan_ohsinglora/ohsinglora_oxford_flowers_16shot_R4_Head1.log,DATA-0563,C31EE36483151DA85FFCC124449BA26FAC49B6E25610D5A07A16E4C975FC2628,result_scan_head,ohsinglora,oxford_flowers,16,unknown,4,1,,,97.85,67.4,/root/checkpoints/oxford_flowers/16shot/ohsinglora_R4_H1/ohsinglora/ViT-B16/oxford_flowers/16shots/seed1/adapter_weights.pt,,8677,recovered_log_final_accuracy,seed/split not verified from recovered log,,,,,,,
log,data/result_scan_head/results_logs_scan_ohsinglora/ohsinglora_oxford_flowers_16shot_R4_Head2.log,DATA-0564,D8A7F13D54601505212A6FADC93A0B3F11FC40D5BF41FFE0C3C111B2AD18FB87,result_scan_head,ohsinglora,oxford_flowers,16,unknown,4,2,,,97.77,67.4,/root/checkpoints/oxford_flowers/16shot/ohsinglora_R4_H2/ohsinglora/ViT-B16/oxford_flowers/16shots/seed1/adapter_weights.pt,,8677,recovered_log_final_accuracy,seed/split not verified from recovered log,,,,,,,
log,data/result_scan_head/results_logs_scan_ohsinglora/ohsinglora_oxford_flowers_16shot_R4_Head4.log,DATA-0565,987925D24C5A2B6083651392621841E0C0DE3D751FC434517B73E4DFBA2E672B,result_scan_head,ohsinglora,oxford_flowers,16,unknown,4,4,,,97.85,67.4,/root/checkpoints/oxford_flowers/16shot/ohsinglora_R4_H4/ohsinglora/ViT-B16/oxford_flowers/16shots/seed1/adapter_weights.pt,,8677,recovered_log_final_accuracy,seed/split not verified from recovered log,,,,,,,
log,data/result_scan_head/results_logs_scan_ohsinglora/ohsinglora_oxford_flowers_1shot_r2_h1.log,DATA-0566,DD9075A6BFA1265D642C832F7A8E7DB8A972BD8AC920A971BD4A50F99DD5A4FF,result_scan_head,ohsinglora,oxford_flowers,1,unknown,2,1,,,80.51,67.4,./checkpoints/ohsinglora/ViT-B16/oxford_flowers/1shots/seed1/adapter_weights.pt,,893,recovered_log_final_accuracy,seed/split not verified from recovered log,,,,,,,
log,data/result_scan_head/results_logs_scan_ohsinglora/ohsinglora_oxford_flowers_1shot_r2_h2.log,DATA-0567,5A0187019EE2203E9C40CE80D9B333F79F79D8C57E49BED671EB64EA4F462296,result_scan_head,ohsinglora,oxford_flowers,1,unknown,2,2,,,82.79,67.4,./checkpoints/ohsinglora/ViT-B16/oxford_flowers/1shots/seed1/adapter_weights.pt,,914,recovered_log_final_accuracy,seed/split not verified from recovered log,,,,,,,
log,data/result_scan_head/results_logs_scan_ohsinglora/ohsinglora_oxford_flowers_1shot_r4_h1.log,DATA-0568,0AB602A9DD2AA3F154A24AA153BC7ADBA611DA27DE765E8BE2E40533C315AC8C,result_scan_head,ohsinglora,oxford_flowers,1,unknown,4,1,,,81.93,67.4,./checkpoints/ohsinglora/ViT-B16/oxford_flowers/1shots/seed1/adapter_weights.pt,,851,recovered_log_final_accuracy,seed/split not verified from recovered log,,,,,,,
log,data/result_scan_head/results_logs_scan_ohsinglora/ohsinglora_oxford_flowers_1shot_r4_h2.log,DATA-0569,549AD1F7BDB696149542F51BB6CF0492F356CDAC345C1F8A3F1AF8A629B27D24,result_scan_head,ohsinglora,oxford_flowers,1,unknown,4,2,,,83.84,67.4,./checkpoints/ohsinglora/ViT-B16/oxford_flowers/1shots/seed1/adapter_weights.pt,,915,recovered_log_final_accuracy,seed/split not verified from recovered log,,,,,,,
log,data/result_scan_head/results_logs_scan_ohsinglora/ohsinglora_oxford_flowers_1shot_r4_h4.log,DATA-0570,AEAF23CF6984A01D7BFC37AA63E24D906EB1240D9F091D27BC1433F4123AD41B,result_scan_head,ohsinglora,oxford_flowers,1,unknown,4,4,,,82.79,67.4,./checkpoints/ohsinglora/ViT-B16/oxford_flowers/1shots/seed1/adapter_weights.pt,,1038,recovered_log_final_accuracy,seed/split not verified from recovered log,,,,,,,
log,data/result_scan_head/results_logs_scan_ohsinglora/ohsinglora_oxford_flowers_4shot_heads1.log,DATA-0571,5511BCDC30B327610C17238167006340ED15AEF3E0639D8C50840AC2E3C48B1F,result_scan_head,ohsinglora,oxford_flowers,4,unknown,,1,,,93.83,67.4,./checkpoints/ohsinglora/ViT-B16/oxford_flowers/4shots/seed1/adapter_weights.pt,,2654,recovered_log_final_accuracy,seed/split not verified from recovered log,,,,,,,
log,data/result_scan_head/results_logs_scan_ohsinglora/ohsinglora_oxford_flowers_4shot_heads2.log,DATA-0572,064B9EC11AA1F8B5602537B7275870F23A1941437C83DE10CC8AF06CE7E7A307,result_scan_head,ohsinglora,oxford_flowers,4,unknown,,2,,,93.67,67.4,./checkpoints/ohsinglora/ViT-B16/oxford_flowers/4shots/seed1/adapter_weights.pt,,2654,recovered_log_final_accuracy,seed/split not verified from recovered log,,,,,,,
log,data/result_scan_head/results_logs_scan_ohsinglora/ohsinglora_oxford_flowers_4shot_heads4.log,DATA-0573,73183E43415A4E869FD988BDF1100E3E0A1031844AD3A4574CE5C52DC1BEA812,result_scan_head,ohsinglora,oxford_flowers,4,unknown,,4,,,93.91,67.4,./checkpoints/ohsinglora/ViT-B16/oxford_flowers/4shots/seed1/adapter_weights.pt,,2654,recovered_log_final_accuracy,seed/split not verified from recovered log,,,,,,,
log,data/result_scan_head/results_logs_scan_ohsinglora/ohsinglora_oxford_flowers_4shot_r2_h1.log,DATA-0574,B35CE67E3C14C0C43A7795753612277A21D9E954868FCD186CB2094C2CD6D123,result_scan_head,ohsinglora,oxford_flowers,4,unknown,2,1,,,93.34,67.4,./checkpoints/ohsinglora/ViT-B16/oxford_flowers/4shots/seed1/adapter_weights.pt,,2654,recovered_log_final_accuracy,seed/split not verified from recovered log,,,,,,,
log,data/result_scan_head/results_logs_scan_ohsinglora/ohsinglora_oxford_pets_16shot_R2_Head1.log,DATA-0575,E125801D2D6DEABEE68CC09C1F5B0FF51697FBD52173CFADF2132323B4A7280F,result_scan_head,ohsinglora,oxford_pets,16,unknown,2,1,,,93.21,88.2,/root/checkpoints/oxford_pets/16shot/ohsinglora_R2_H1/ohsinglora/ViT-B16/oxford_pets/16shots/seed1/adapter_weights.pt,,9742,recovered_log_final_accuracy,seed/split not verified from recovered log,,,,,,,
log,data/result_scan_head/results_logs_scan_ohsinglora/ohsinglora_oxford_pets_16shot_R4_Head1.log,DATA-0576,7837D9AD7448B0D5F374A7FEF4FBFB7A33E130D775AABB0988DEA978717BBAE7,result_scan_head,ohsinglora,oxford_pets,16,unknown,4,1,,,92.64,88.2,/root/checkpoints/oxford_pets/16shot/ohsinglora_R4_H1/ohsinglora/ViT-B16/oxford_pets/16shots/seed1/adapter_weights.pt,,9742,recovered_log_final_accuracy,seed/split not verified from recovered log,,,,,,,
log,data/result_scan_head/results_logs_scan_ohsinglora/ohsinglora_oxford_pets_16shot_R4_Head2.log,DATA-0577,EC1B6BE5C940D1F87EF8A56755BEBAB5D3C92357DB324543816E48F31086A0DD,result_scan_head,ohsinglora,oxford_pets,16,unknown,4,2,,,92.5,88.2,/root/checkpoints/oxford_pets/16shot/ohsinglora_R4_H2/ohsinglora/ViT-B16/oxford_pets/16shots/seed1/adapter_weights.pt,,9742,recovered_log_final_accuracy,seed/split not verified from recovered log,,,,,,,
log,data/result_scan_head/results_logs_scan_ohsinglora/ohsinglora_oxford_pets_16shot_R4_Head4.log,DATA-0578,34231366A7DBFEFF00B824099F9DE62C9FA5C1D44DFDA0EB7859DB36019D54E5,result_scan_head,ohsinglora,oxford_pets,16,unknown,4,4,,,92.56,88.2,/root/checkpoints/oxford_pets/16shot/ohsinglora_R4_H4/ohsinglora/ViT-B16/oxford_pets/16shots/seed1/adapter_weights.pt,,9742,recovered_log_final_accuracy,seed/split not verified from recovered log,,,,,,,
log,data/result_scan_head/results_logs_scan_ohsinglora/ohsinglora_oxford_pets_1shot_r2_h1.log,DATA-0579,BE2A23680C4C7D3990206B77178DF890CF4DEB15DE534FDAB60604A7F3586F9C,result_scan_head,ohsinglora,oxford_pets,1,unknown,2,1,,,92.91,88.2,./checkpoints/ohsinglora/ViT-B16/oxford_pets/1shots/seed1/adapter_weights.pt,,1294,recovered_log_final_accuracy,seed/split not verified from recovered log,,,,,,,
log,data/result_scan_head/results_logs_scan_ohsinglora/ohsinglora_oxford_pets_1shot_r2_h2.log,DATA-0580,D77B435EB8794E226A91B870FC36E1C11CB6703140CE585D741F1BF0D915E2F9,result_scan_head,ohsinglora,oxford_pets,1,unknown,2,2,,,92.34,88.2,./checkpoints/ohsinglora/ViT-B16/oxford_pets/1shots/seed1/adapter_weights.pt,,1295,recovered_log_final_accuracy,seed/split not verified from recovered log,,,,,,,
log,data/result_scan_head/results_logs_scan_ohsinglora/ohsinglora_oxford_pets_1shot_r4_h1.log,DATA-0581,9BA359FFD90A4142B95E8BFCD0EE86120C7CA4A1A4A4CAA7E6C51034A8B5A79B,result_scan_head,ohsinglora,oxford_pets,1,unknown,4,1,,,92.53,88.2,./checkpoints/ohsinglora/ViT-B16/oxford_pets/1shots/seed1/adapter_weights.pt,,1294,recovered_log_final_accuracy,seed/split not verified from recovered log,,,,,,,
log,data/result_scan_head/results_logs_scan_ohsinglora/ohsinglora_oxford_pets_1shot_r4_h2.log,DATA-0582,EC38198790FA1CA480A858BF2970B5A138E10704B22ED2346A60C291ED4A8469,result_scan_head,ohsinglora,oxford_pets,1,unknown,4,2,,,92.8,88.2,./checkpoints/ohsinglora/ViT-B16/oxford_pets/1shots/seed1/adapter_weights.pt,,1296,recovered_log_final_accuracy,seed/split not verified from recovered log,,,,,,,
log,data/result_scan_head/results_logs_scan_ohsinglora/ohsinglora_oxford_pets_1shot_r4_h4.log,DATA-0583,0A379AE89E6DA918A79718BBB51A732245F8F9267AF468A4DF185E6A68AA01DF,result_scan_head,ohsinglora,oxford_pets,1,unknown,4,4,,,92.7,88.2,./checkpoints/ohsinglora/ViT-B16/oxford_pets/1shots/seed1/adapter_weights.pt,,1533,recovered_log_final_accuracy,seed/split not verified from recovered log,,,,,,,
log,data/result_scan_head/results_logs_scan_ohsinglora/ohsinglora_oxford_pets_4shot_heads1.log,DATA-0584,E32C5A0B3AE7E09C152127591867E5BF2AF6F866F2174100A1D2AD43E50D5824,result_scan_head,ohsinglora,oxford_pets,4,unknown,,1,,,91.74,88.2,./checkpoints/ohsinglora/ViT-B16/oxford_pets/4shots/seed1/adapter_weights.pt,,3643,recovered_log_final_accuracy,seed/split not verified from recovered log,,,,,,,
log,data/result_scan_head/results_logs_scan_ohsinglora/ohsinglora_oxford_pets_4shot_heads2.log,DATA-0585,C9602A1E09A76AEC5575049CED5445C61BDF539D0AE7068E58D9BC13F62F9F22,result_scan_head,ohsinglora,oxford_pets,4,unknown,,2,,,91.99,88.2,./checkpoints/ohsinglora/ViT-B16/oxford_pets/4shots/seed1/adapter_weights.pt,,3643,recovered_log_final_accuracy,seed/split not verified from recovered log,,,,,,,
log,data/result_scan_head/results_logs_scan_ohsinglora/ohsinglora_oxford_pets_4shot_heads4.log,DATA-0586,3662C8F8AAF89FB4E08035F49B513FF309E490CB895500656D602C1DC0283271,result_scan_head,ohsinglora,oxford_pets,4,unknown,,4,,,91.63,88.2,./checkpoints/ohsinglora/ViT-B16/oxford_pets/4shots/seed1/adapter_weights.pt,,3643,recovered_log_final_accuracy,seed/split not verified from recovered log,,,,,,,
log,data/result_scan_head/results_logs_scan_ohsinglora/ohsinglora_oxford_pets_4shot_r2_h1.log,DATA-0587,9B7D950FCA618260DFDAEA5591F866FA94C1BAFF60271F5B7B42B6FF1A325132,result_scan_head,ohsinglora,oxford_pets,4,unknown,2,1,,,91.96,88.2,./checkpoints/ohsinglora/ViT-B16/oxford_pets/4shots/seed1/adapter_weights.pt,,3643,recovered_log_final_accuracy,seed/split not verified from recovered log,,,,,,,
log,data/result_scan_head/results_logs_scan_ohsinglora/ohsinglora_ucf101_16shot_R2_Head1.log,DATA-0588,6520973C9B1CAA23A9981C53E3757ADDE0E2DC5CA7E70400307839F57E772077,result_scan_head,ohsinglora,ucf101,16,unknown,2,1,,,86.15,65.21,/root/checkpoints/ucf101/16shot/ohsinglora_R2_H1/ohsinglora/ViT-B16/ucf101/16shots/seed1/adapter_weights.pt,,8683,recovered_log_final_accuracy,seed/split not verified from recovered log,,,,,,,
log,data/result_scan_head/results_logs_scan_ohsinglora/ohsinglora_ucf101_16shot_R4_Head1.log,DATA-0589,E8CA8A67774731D17F09426FF34E47843DCFDE3F280813091DB32F69677DF162,result_scan_head,ohsinglora,ucf101,16,unknown,4,1,,,86.04,65.21,/root/checkpoints/ucf101/16shot/ohsinglora_R4_H1/ohsinglora/ViT-B16/ucf101/16shots/seed1/adapter_weights.pt,,8683,recovered_log_final_accuracy,seed/split not verified from recovered log,,,,,,,
log,data/result_scan_head/results_logs_scan_ohsinglora/ohsinglora_ucf101_16shot_R4_Head2.log,DATA-0590,692E357F911B7248F3355F786F9FF35429A3C7F96C04296CF9C1160127EF635C,result_scan_head,ohsinglora,ucf101,16,unknown,4,2,,,86.52,65.21,/root/checkpoints/ucf101/16shot/ohsinglora_R4_H2/ohsinglora/ViT-B16/ucf101/16shots/seed1/adapter_weights.pt,,8683,recovered_log_final_accuracy,seed/split not verified from recovered log,,,,,,,
log,data/result_scan_head/results_logs_scan_ohsinglora/ohsinglora_ucf101_16shot_R4_Head4.log,DATA-0591,54F232CB59DCD854AAED8AB535081FAA0F34A79FBFA56E688FED629C8831D47D,result_scan_head,ohsinglora,ucf101,16,unknown,4,4,,,85.99,65.21,/root/checkpoints/ucf101/16shot/ohsinglora_R4_H4/ohsinglora/ViT-B16/ucf101/16shots/seed1/adapter_weights.pt,,8683,recovered_log_final_accuracy,seed/split not verified from recovered log,,,,,,,
log,data/result_scan_head/results_logs_scan_ohsinglora/ohsinglora_ucf101_1shot_r2_h1.log,DATA-0592,608C855EBABE708D445BBCB1F48EA53C36CE90D333A27E30A3DFB3533CE4125A,result_scan_head,ohsinglora,ucf101,1,unknown,2,1,,,75.65,65.21,./checkpoints/ohsinglora/ViT-B16/ucf101/1shots/seed1/adapter_weights.pt,,1044,recovered_log_final_accuracy,seed/split not verified from recovered log,,,,,,,
log,data/result_scan_head/results_logs_scan_ohsinglora/ohsinglora_ucf101_1shot_r2_h2.log,DATA-0593,5A23750662073370211FC2CC7717B9559E6D6D0CEC5EA7D4D590AF0A4025FD7A,result_scan_head,ohsinglora,ucf101,1,unknown,2,2,,,75.6,65.21,./checkpoints/ohsinglora/ViT-B16/ucf101/1shots/seed1/adapter_weights.pt,,1044,recovered_log_final_accuracy,seed/split not verified from recovered log,,,,,,,
log,data/result_scan_head/results_logs_scan_ohsinglora/ohsinglora_ucf101_1shot_r4_h1.log,DATA-0594,B1B2CB03EB21955E92621D8417257BA1651F1EECF3FB077B3815268F6CFF1E9F,result_scan_head,ohsinglora,ucf101,1,unknown,4,1,,,75.1,65.21,./checkpoints/ohsinglora/ViT-B16/ucf101/1shots/seed1/adapter_weights.pt,,1044,recovered_log_final_accuracy,seed/split not verified from recovered log,,,,,,,
log,data/result_scan_head/results_logs_scan_ohsinglora/ohsinglora_ucf101_1shot_r4_h2.log,DATA-0595,085D047A102755AAD03662889B5B7B145C3EFD37DCF8BF1ABAF7A5AF62A632AC,result_scan_head,ohsinglora,ucf101,1,unknown,4,2,,,75.95,65.21,./checkpoints/ohsinglora/ViT-B16/ucf101/1shots/seed1/adapter_weights.pt,,1044,recovered_log_final_accuracy,seed/split not verified from recovered log,,,,,,,
log,data/result_scan_head/results_logs_scan_ohsinglora/ohsinglora_ucf101_1shot_r4_h4.log,DATA-0596,7305319117BB0DD8AFCA631B539021ECFD7CBE5ACCFF1E6F408B8DAE36F4F888,result_scan_head,ohsinglora,ucf101,1,unknown,4,4,,,75.68,65.21,./checkpoints/ohsinglora/ViT-B16/ucf101/1shots/seed1/adapter_weights.pt,,1044,recovered_log_final_accuracy,seed/split not verified from recovered log,,,,,,,
log,data/result_scan_head/results_logs_scan_ohsinglora/ohsinglora_ucf101_4shot_heads1.log,DATA-0597,BD5AFF5261371DD28ECC765027D6A4CA843620F612AD367A98A29C539D7F0BEC,result_scan_head,ohsinglora,ucf101,4,unknown,,1,,,80.86,65.21,./checkpoints/ohsinglora/ViT-B16/ucf101/4shots/seed1/adapter_weights.pt,,2660,recovered_log_final_accuracy,seed/split not verified from recovered log,,,,,,,
log,data/result_scan_head/results_logs_scan_ohsinglora/ohsinglora_ucf101_4shot_heads2.log,DATA-0598,9641BA2D20218EF2B6D839D6F76512643F50768D1280B21DD1ACB6A0473893D9,result_scan_head,ohsinglora,ucf101,4,unknown,,2,,,80.86,65.21,./checkpoints/ohsinglora/ViT-B16/ucf101/4shots/seed1/adapter_weights.pt,,2660,recovered_log_final_accuracy,seed/split not verified from recovered log,,,,,,,
log,data/result_scan_head/results_logs_scan_ohsinglora/ohsinglora_ucf101_4shot_heads4.log,DATA-0599,E492179D561703419ABD52D7F13AA2713C4788753799E49843F9166CCA922132,result_scan_head,ohsinglora,ucf101,4,unknown,,4,,,,65.21,./checkpoints/ohsinglora/ViT-B16/ucf101/4shots/seed1/adapter_weights.pt,,2661,recovered_log_no_final_accuracy,seed/split not verified from recovered log,,,,,,,
log,data/result_scan_head/results_logs_scan_ohsinglora/ohsinglora_ucf101_4shot_r2_h1.log,DATA-0600,F56A76B5B9C4852D60AE77732269110EE1AF330A1F18D2E880C7E53F378EA872,result_scan_head,ohsinglora,ucf101,4,unknown,2,1,,,80.41,65.21,./checkpoints/ohsinglora/ViT-B16/ucf101/4shots/seed1/adapter_weights.pt,,2660,recovered_log_final_accuracy,seed/split not verified from recovered log,,,,,,,
log,data/result_scan_loss/result_loss_loRA/dtd_arcface_shot1.log,DATA-0608,0F25F67B41D9D791F9893B1762BD2768F083E55A9EE3CADFE357CAA95F490A77,result_scan_loss,lora,dtd,,unknown,,,,arcface,,44.39,,,1819,recovered_log_no_final_accuracy,seed/split not verified from recovered log,,,,,,,
log,data/result_scan_loss/result_loss_loRA/dtd_arcface_shot4.log,DATA-0609,3636211BC3206E586B5FE93F3C6926B67634488B5EC573D7E906613AF0C915CC,result_scan_loss,lora,dtd,,unknown,,,,arcface,,44.39,,,3655,recovered_log_no_final_accuracy,seed/split not verified from recovered log,,,,,,,
log,data/result_scan_loss/result_loss_loRA/dtd_ce_center_shot1.log,DATA-0610,6C79A27FF0F8DDFC7F8C2504EAB364667B0DDABC7355B036C9CF7CC16CD141E9,result_scan_loss,lora,dtd,,unknown,,,,center,,44.39,,,1819,recovered_log_no_final_accuracy,seed/split not verified from recovered log,,,,,,,
log,data/result_scan_loss/result_loss_loRA/dtd_ce_center_shot4.log,DATA-0611,92A1EA4043341DB81BB1E121BE6D733D9983040F9208564528F9ADF90E25D182,result_scan_loss,lora,dtd,,unknown,,,,center,,44.39,,,3655,recovered_log_no_final_accuracy,seed/split not verified from recovered log,,,,,,,
log,data/result_scan_loss/result_loss_loRA/dtd_ce_ls_shot1.log,DATA-0612,4EEB19E86C2B22A5E9D7817BE57748B3E2394AEE29C699F565D5F44C3FE1C41B,result_scan_loss,lora,dtd,,unknown,,,,ce,,44.39,,,1818,recovered_log_no_final_accuracy,seed/split not verified from recovered log,,,,,,,
log,data/result_scan_loss/result_loss_loRA/dtd_ce_ls_shot4.log,DATA-0613,48C0A80AC32DF12B6AADF8703E4FD92EF573EA1ACBAE90F56AB893AEA8727C06,result_scan_loss,lora,dtd,,unknown,,,,ce,,44.39,,,3654,recovered_log_no_final_accuracy,seed/split not verified from recovered log,,,,,,,
log,data/result_scan_loss/result_loss_loRA/dtd_ce_maxent_shot1.log,DATA-0614,67918C33C2E04C151E11B8FA675D5C81A3CCE539EBE0790B42AC844F3DE82311,result_scan_loss,lora,dtd,,unknown,,,,ce,,44.39,,,1819,recovered_log_no_final_accuracy,seed/split not verified from recovered log,,,,,,,
log,data/result_scan_loss/result_loss_loRA/dtd_ce_maxent_shot4.log,DATA-0615,B0444EBBB932232E3B59F01695BAB07B339A96144EB10772950B120AD411E43B,result_scan_loss,lora,dtd,,unknown,,,,ce,,44.39,,,3655,recovered_log_no_final_accuracy,seed/split not verified from recovered log,,,,,,,
log,data/result_scan_loss/result_loss_loRA/dtd_ce_shot1.log,DATA-0616,5E93AFBCC25BAF82FD946871B704A9638958C9781F4586DC240B6C5E45002169,result_scan_loss,lora,dtd,,unknown,,,,ce,,44.39,,,2085,recovered_log_no_final_accuracy,seed/split not verified from recovered log,,,,,,,
log,data/result_scan_loss/result_loss_loRA/dtd_ce_shot4.log,DATA-0617,08CA2D3CE47D87DD554E748388647DFA6C38A24C12046708EDD7A04792A3A02D,result_scan_loss,lora,dtd,,unknown,,,,ce,,44.39,,,1819,recovered_log_no_final_accuracy,seed/split not verified from recovered log,,,,,,,
log,data/result_scan_loss/result_loss_loRA/dtd_cosface_shot1.log,DATA-0618,08CA2D3CE47D87DD554E748388647DFA6C38A24C12046708EDD7A04792A3A02D,result_scan_loss,lora,dtd,,unknown,,,,cosface,,44.39,,,1819,recovered_log_no_final_accuracy,seed/split not verified from recovered log,,,,,,,
log,data/result_scan_loss/result_loss_loRA/dtd_cosface_shot4.log,DATA-0619,CB507D62087903C5FC21B726B1C2FD3B272FDBEE4C2AC7A84F6BB87D08D67CCD,result_scan_loss,lora,dtd,,unknown,,,,cosface,,44.39,,,3655,recovered_log_no_final_accuracy,seed/split not verified from recovered log,,,,,,,
log,data/result_scan_loss/result_loss_loRA/eurosat_arcface_shot1.log,DATA-0620,9C6BFFB911967DEB14BB44ADFED0FBD170C0A3A3D229C6F2A91948318DE3A929,result_scan_loss,lora,eurosat,,unknown,,,,arcface,,42.16,,,2844,recovered_log_no_final_accuracy,seed/split not verified from recovered log,,,,,,,
log,data/result_scan_loss/result_loss_loRA/eurosat_arcface_shot4.log,DATA-0621,7E8958CA8A710E086799003283844203374EF7D68BA13F8B8CE4B018D4123AB5,result_scan_loss,lora,eurosat,,unknown,,,,arcface,,42.16,,,5345,recovered_log_no_final_accuracy,seed/split not verified from recovered log,,,,,,,
log,data/result_scan_loss/result_loss_loRA/eurosat_ce_center_shot1.log,DATA-0622,1B14F0F93DBFCB7364EEFF90EBED65940DFE8C3062BC9F946728601A7C24F2C0,result_scan_loss,lora,eurosat,,unknown,,,,center,,42.16,,,2844,recovered_log_no_final_accuracy,seed/split not verified from recovered log,,,,,,,
log,data/result_scan_loss/result_loss_loRA/eurosat_ce_center_shot4.log,DATA-0623,4B89CBBBD0309F32EA25155AF121C6ADF0AE1EA6F5511668D3F92F08CA231359,result_scan_loss,lora,eurosat,,unknown,,,,center,,42.16,,,5345,recovered_log_no_final_accuracy,seed/split not verified from recovered log,,,,,,,
log,data/result_scan_loss/result_loss_loRA/eurosat_ce_ls_shot1.log,DATA-0624,7178D857B6C32B0D7044CF0F1433BBFA5B688914C901527F5B4805B17DE88AA9,result_scan_loss,lora,eurosat,,unknown,,,,ce,,42.16,,,2843,recovered_log_no_final_accuracy,seed/split not verified from recovered log,,,,,,,
log,data/result_scan_loss/result_loss_loRA/eurosat_ce_ls_shot4.log,DATA-0625,3380B30C4D4309A555B3ED5697DC97B4482E30F5521D85BBE25AE413356405C7,result_scan_loss,lora,eurosat,,unknown,,,,ce,,42.16,,,5344,recovered_log_no_final_accuracy,seed/split not verified from recovered log,,,,,,,
log,data/result_scan_loss/result_loss_loRA/eurosat_ce_maxent_shot1.log,DATA-0626,863EBA23D30C75EBFDCA94DA97EFA3D21209FD4079CDF6C42DEAB29A1971921F,result_scan_loss,lora,eurosat,,unknown,,,,ce,,42.16,,,2844,recovered_log_no_final_accuracy,seed/split not verified from recovered log,,,,,,,
log,data/result_scan_loss/result_loss_loRA/eurosat_ce_maxent_shot4.log,DATA-0627,02194F66E7E53CAC145C67D44CF890966589FC596146AA930EB34D53583FDCD7,result_scan_loss,lora,eurosat,,unknown,,,,ce,,42.16,,,5345,recovered_log_no_final_accuracy,seed/split not verified from recovered log,,,,,,,
log,data/result_scan_loss/result_loss_loRA/eurosat_ce_shot1.log,DATA-0628,80040C7EAF6130A053E844CB5AF08279382E93C3BF7C0F765F039B0A7B0B485E,result_scan_loss,lora,eurosat,,unknown,,,,ce,,42.16,,,2843,recovered_log_no_final_accuracy,seed/split not verified from recovered log,,,,,,,
log,data/result_scan_loss/result_loss_loRA/eurosat_ce_shot4.log,DATA-0629,452F745F8BFEEC5117F8A69B8EF7E681718D41D32ED1D23398718F598C586A61,result_scan_loss,lora,eurosat,,unknown,,,,ce,,42.16,,,5344,recovered_log_no_final_accuracy,seed/split not verified from recovered log,,,,,,,
log,data/result_scan_loss/result_loss_loRA/eurosat_cosface_shot1.log,DATA-0630,DF4E5D59B11B7A38B69B010D4140CEEA43BD1C120F9EAEC9596B0FE7B55F3393,result_scan_loss,lora,eurosat,,unknown,,,,cosface,,42.16,,,2844,recovered_log_no_final_accuracy,seed/split not verified from recovered log,,,,,,,
log,data/result_scan_loss/result_loss_loRA/eurosat_cosface_shot4.log,DATA-0631,CA5AB988D71D033F09D084343C7FEC592D1E4A2DCFFDD02C0A770B1ADD38E975,result_scan_loss,lora,eurosat,,unknown,,,,cosface,,42.16,,,5345,recovered_log_no_final_accuracy,seed/split not verified from recovered log,,,,,,,
log,data/result_scan_loss/result_loss_loRA/fgvc_arcface_shot1.log,DATA-0632,258B7CE91C5E52D986E61D04EECDB9D09D2BB41B3BF21EE17DFCEAC161A10024,result_scan_loss,lora,fgvc,,unknown,,,,arcface,,23.73,,,1076,recovered_log_no_final_accuracy,seed/split not verified from recovered log,,,,,,,
log,data/result_scan_loss/result_loss_loRA/fgvc_arcface_shot4.log,DATA-0633,8AE212FC1E91FF52A35B73DC02C9D0E9ADBCFE48EBD0903FEC2FC446750E8473,result_scan_loss,lora,fgvc,,unknown,,,,arcface,,23.73,,,2019,recovered_log_no_final_accuracy,seed/split not verified from recovered log,,,,,,,
log,data/result_scan_loss/result_loss_loRA/fgvc_ce_center_shot1.log,DATA-0634,B1A03743506DBF0B8C31DB0617156E9C468612AD6FDE740E731E4741B7F52B92,result_scan_loss,lora,fgvc,,unknown,,,,center,,23.73,,,1076,recovered_log_no_final_accuracy,seed/split not verified from recovered log,,,,,,,
log,data/result_scan_loss/result_loss_loRA/fgvc_ce_center_shot4.log,DATA-0635,EFB28530A8E15ECAFD31798E34DA387A9A7A2A27F3A245976ACB3F18577473D6,result_scan_loss,lora,fgvc,,unknown,,,,center,,23.73,,,2019,recovered_log_no_final_accuracy,seed/split not verified from recovered log,,,,,,,
log,data/result_scan_loss/result_loss_loRA/fgvc_ce_ls_shot1.log,DATA-0636,E481CB0DC64A483D59E5530800884570DA89378B41DA6B5A1EBEE1F2316D9028,result_scan_loss,lora,fgvc,,unknown,,,,ce,,23.73,,,1075,recovered_log_no_final_accuracy,seed/split not verified from recovered log,,,,,,,
log,data/result_scan_loss/result_loss_loRA/fgvc_ce_ls_shot4.log,DATA-0637,F9B115E7BDE91FB0FC043986316C61E34C4CC9D5DECC67637E61AA291A796F9B,result_scan_loss,lora,fgvc,,unknown,,,,ce,,23.73,,,2017,recovered_log_no_final_accuracy,seed/split not verified from recovered log,,,,,,,
log,data/result_scan_loss/result_loss_loRA/fgvc_ce_maxent_shot1.log,DATA-0638,8EF20749B809BD123AF6B4BCAFDC281C763D5A3AF1BF19D828A9BE0C5AA529D9,result_scan_loss,lora,fgvc,,unknown,,,,ce,,23.73,,,1076,recovered_log_no_final_accuracy,seed/split not verified from recovered log,,,,,,,
log,data/result_scan_loss/result_loss_loRA/fgvc_ce_maxent_shot4.log,DATA-0639,F0A0E939516A58DBE2A7A485EE7DB03626A21F803DC760395F9367E009A93724,result_scan_loss,lora,fgvc,,unknown,,,,ce,,23.73,,,2019,recovered_log_no_final_accuracy,seed/split not verified from recovered log,,,,,,,
log,data/result_scan_loss/result_loss_loRA/fgvc_ce_shot1.log,DATA-0640,11A8D386471E31B1C37F34663D64A54ED9691ADE2113C89B37FB6733570A15B2,result_scan_loss,lora,fgvc,,unknown,,,,ce,,23.73,,,1075,recovered_log_no_final_accuracy,seed/split not verified from recovered log,,,,,,,
log,data/result_scan_loss/result_loss_loRA/fgvc_ce_shot4.log,DATA-0641,0EBB154A19517C793042E9A6F7EC086F1ABF86CC24B53F94DED5A6623D47C46B,result_scan_loss,lora,fgvc,,unknown,,,,ce,,23.73,,,2017,recovered_log_no_final_accuracy,seed/split not verified from recovered log,,,,,,,
log,data/result_scan_loss/result_loss_loRA/fgvc_cosface_shot1.log,DATA-0642,F3D79A53F736DECC7C8B3BFACEAFF8779E46112B789F640B7BF3E4263BE8C818,result_scan_loss,lora,fgvc,,unknown,,,,cosface,,23.73,,,1077,recovered_log_no_final_accuracy,seed/split not verified from recovered log,,,,,,,
log,data/result_scan_loss/result_loss_loRA/fgvc_cosface_shot4.log,DATA-0643,C08B3A889E922B3DA8ACCAC19EB5BAB8F0412FB40A7D708F194487D4AA54C233,result_scan_loss,lora,fgvc,,unknown,,,,cosface,,23.73,,,2018,recovered_log_no_final_accuracy,seed/split not verified from recovered log,,,,,,,
log,data/result_scan_loss/result_loss_loRA/lora_food101_4shot.log,DATA-0644,D494CF2638B95F523009BC218C0A4D00857CAA2DE05304DD351CB5D0CD2450DE,result_scan_loss,lora,food101,4,unknown,,,,,83.72,85.26,./checkpoints/vitb16/food101/4shots/seed1/adapter_weights.pt,,3134,recovered_log_final_accuracy,seed/split not verified from recovered log,,,,,,,
log,data/result_scan_loss/result_loss_loRA/lora_oxford_flowers_4shot.log,DATA-0645,00D6DAA99FBA056DCA05A322AFE37A44600812D70AB3498B631267B98BED8887,result_scan_loss,lora,oxford_flowers,4,unknown,,,,,93.67,67.4,./checkpoints/vitb16/oxford_flowers/4shots/seed1/adapter_weights.pt,,2938,recovered_log_final_accuracy,seed/split not verified from recovered log,,,,,,,
log,data/result_scan_loss/result_loss_loRA/lora_oxford_pets_4shot.log,DATA-0646,91A6A6022A081D84D9C5FA5216C7CC1BD05B92A1666F2BE47891864334473517,result_scan_loss,lora,oxford_pets,4,unknown,,,,,91.06,88.2,./checkpoints/vitb16/oxford_pets/4shots/seed1/adapter_weights.pt,,3927,recovered_log_final_accuracy,seed/split not verified from recovered log,,,,,,,
log,data/result_scan_loss/result_loss_loRA/lora_ucf101_4shot.log,DATA-0647,00BA26F18E667C2CD38E4ABD8DF3AAF6C6073CA8284EC77B7A23B6859E38D25C,result_scan_loss,lora,ucf101,4,unknown,,,,,80.39,65.21,./checkpoints/vitb16/ucf101/4shots/seed1/adapter_weights.pt,,2944,recovered_log_final_accuracy,seed/split not verified from recovered log,,,,,,,
log,data/result_scan_loss/results_logs_loss_lora/lora_caltech101_1shot_arcface_LAMBDA_O0.03.log,DATA-0648,B794A1067923FC81764A07ACD8AF957F581849734835DCFB030622B5014B64B7,result_scan_loss,lora,caltech101,1,unknown,,,0.03,arcface,94.16,93.31,./checkpoints/vitb16/caltech101/1shots/seed1/adapter_weights.pt,,1073,recovered_log_final_accuracy,seed/split not verified from recovered log,,,,,,,
log,data/result_scan_loss/results_logs_loss_lora/lora_caltech101_1shot_ce_center_LAMBDA_O0.03.log,DATA-0649,F83DE3E8C8C04401F0E5CE619BAE51BBF4E02A792F1D3BB70C6F0249332FC6C3,result_scan_loss,lora,caltech101,1,unknown,,,0.03,center,94.16,93.31,./checkpoints/vitb16/caltech101/1shots/seed1/adapter_weights.pt,,1073,recovered_log_final_accuracy,seed/split not verified from recovered log,,,,,,,
log,data/result_scan_loss/results_logs_loss_lora/lora_caltech101_1shot_ce_LAMBDA_O0.03.log,DATA-0650,5AC696901EF7ABD2EE87CE785AE8D0896577BC575B78540D16A1E8E87F5A5450,result_scan_loss,lora,caltech101,1,unknown,,,0.03,ce,93.67,93.31,./checkpoints/vitb16/caltech101/1shots/seed1/adapter_weights.pt,,1073,recovered_log_final_accuracy,seed/split not verified from recovered log,,,,,,,
log,data/result_scan_loss/results_logs_loss_lora/lora_caltech101_1shot_ce_ls_LAMBDA_O0.03.log,DATA-0651,5808BE3FA2ED8D97EB9B7F26EEE868A4E9F3EA4790E6B9736FAC8755485F1975,result_scan_loss,lora,caltech101,1,unknown,,,0.03,ce,94.16,93.31,./checkpoints/vitb16/caltech101/1shots/seed1/adapter_weights.pt,,1073,recovered_log_final_accuracy,seed/split not verified from recovered log,,,,,,,
log,data/result_scan_loss/results_logs_loss_lora/lora_caltech101_1shot_ce_maxent_LAMBDA_O0.03.log,DATA-0652,E3A7BA72D1D0599E18CEA18918BE81D8E5A9F330AC8BD649F194C77A23C0F775,result_scan_loss,lora,caltech101,1,unknown,,,0.03,ce,93.71,93.31,./checkpoints/vitb16/caltech101/1shots/seed1/adapter_weights.pt,,1073,recovered_log_final_accuracy,seed/split not verified from recovered log,,,,,,,
log,data/result_scan_loss/results_logs_loss_lora/lora_caltech101_1shot_cosface_LAMBDA_O0.03.log,DATA-0653,EAF6CCD7F5E8F118B9B3373CEA32630A16A30137549D9DA4F23748A2A3E4A8C3,result_scan_loss,lora,caltech101,1,unknown,,,0.03,cosface,93.96,93.31,./checkpoints/vitb16/caltech101/1shots/seed1/adapter_weights.pt,,1073,recovered_log_final_accuracy,seed/split not verified from recovered log,,,,,,,
log,data/result_scan_loss/results_logs_loss_lora/lora_caltech101_4shot_arcface_LAMBDA_O0.03.log,DATA-0654,683651222F0EA24606E0A7418C300A6A27D6B734978FA897A51A20D32767DED9,result_scan_loss,lora,caltech101,4,unknown,,,0.03,arcface,94.32,93.31,./checkpoints/vitb16/caltech101/4shots/seed1/adapter_weights.pt,,2022,recovered_log_final_accuracy,seed/split not verified from recovered log,,,,,,,
log,data/result_scan_loss/results_logs_loss_lora/lora_caltech101_4shot_ce_center_LAMBDA_O0.03.log,DATA-0655,249B0064A7EC520197F0AEA266064754FACE2D5B55904BF47F3FAE4957AFBE62,result_scan_loss,lora,caltech101,4,unknown,,,0.03,center,95.42,93.31,./checkpoints/vitb16/caltech101/4shots/seed1/adapter_weights.pt,,2019,recovered_log_final_accuracy,seed/split not verified from recovered log,,,,,,,
log,data/result_scan_loss/results_logs_loss_lora/lora_caltech101_4shot_ce_LAMBDA_O0.03.log,DATA-0656,B3D9DC1B8ECAC7D638678A063A72D76FA468B97D914098565EA5ADA0CF8B7192,result_scan_loss,lora,caltech101,4,unknown,,,0.03,ce,95.58,93.31,./checkpoints/vitb16/caltech101/4shots/seed1/adapter_weights.pt,,2018,recovered_log_final_accuracy,seed/split not verified from recovered log,,,,,,,
log,data/result_scan_loss/results_logs_loss_lora/lora_caltech101_4shot_ce_ls_LAMBDA_O0.03.log,DATA-0657,69B4D6859205C98E46A20A2D935F0CD0CDAFEB1E2E5EB63A5A4C8118941E06EC,result_scan_loss,lora,caltech101,4,unknown,,,0.03,ce,95.7,93.31,./checkpoints/vitb16/caltech101/4shots/seed1/adapter_weights.pt,,2018,recovered_log_final_accuracy,seed/split not verified from recovered log,,,,,,,
log,data/result_scan_loss/results_logs_loss_lora/lora_caltech101_4shot_ce_maxent_LAMBDA_O0.03.log,DATA-0658,B94F4BBDEBF48D832223C52A5896B163422ACF5C338099AD85E50B1163B7FB07,result_scan_loss,lora,caltech101,4,unknown,,,0.03,ce,95.42,93.31,./checkpoints/vitb16/caltech101/4shots/seed1/adapter_weights.pt,,2018,recovered_log_final_accuracy,seed/split not verified from recovered log,,,,,,,
log,data/result_scan_loss/results_logs_loss_lora/lora_caltech101_4shot_cosface_LAMBDA_O0.03.log,DATA-0659,F38F8846B971F67DDF80891B0FD4FFF18128534B61A02F574F02DEAEBE5D4FD5,result_scan_loss,lora,caltech101,4,unknown,,,0.03,cosface,94.56,93.31,./checkpoints/vitb16/caltech101/4shots/seed1/adapter_weights.pt,,2017,recovered_log_final_accuracy,seed/split not verified from recovered log,,,,,,,
log,data/result_scan_loss/results_logs_loss_lora/lora_dtd_1shot_arcface_LAMBDA_O0.03.log,DATA-0660,A5D3883D631B8DBFEAE6FD66C508FE3F810018CFFE525F33513907F50F8FAB35,result_scan_loss,lora,dtd,1,unknown,,,0.03,arcface,54.61,44.39,./checkpoints/vitb16/dtd/1shots/seed1/adapter_weights.pt,,1570,recovered_log_final_accuracy,seed/split not verified from recovered log,,,,,,,
log,data/result_scan_loss/results_logs_loss_lora/lora_dtd_1shot_ce_center_LAMBDA_O0.03.log,DATA-0661,B0B296C35326C812A60A2CC89154D1BAD95BF8E69A80C58F035DD74ABE32C1AF,result_scan_loss,lora,dtd,1,unknown,,,0.03,center,54.49,44.39,./checkpoints/vitb16/dtd/1shots/seed1/adapter_weights.pt,,1570,recovered_log_final_accuracy,seed/split not verified from recovered log,,,,,,,
log,data/result_scan_loss/results_logs_loss_lora/lora_dtd_1shot_ce_LAMBDA_O0.03.log,DATA-0662,AC4B423151C7DCF1608D95EACAE1D5B5FB0F16FA64BC765383083471D2E718FA,result_scan_loss,lora,dtd,1,unknown,,,0.03,ce,54.61,44.39,./checkpoints/vitb16/dtd/1shots/seed1/adapter_weights.pt,,1570,recovered_log_final_accuracy,seed/split not verified from recovered log,,,,,,,
log,data/result_scan_loss/results_logs_loss_lora/lora_dtd_1shot_ce_ls_LAMBDA_O0.03.log,DATA-0663,7EB009E2C6D6EFF1B68F739ADAF968804B6FA093A49E070F801CAF591E003D9A,result_scan_loss,lora,dtd,1,unknown,,,0.03,ce,51.65,44.39,./checkpoints/vitb16/dtd/1shots/seed1/adapter_weights.pt,,1570,recovered_log_final_accuracy,seed/split not verified from recovered log,,,,,,,
log,data/result_scan_loss/results_logs_loss_lora/lora_dtd_1shot_ce_maxent_LAMBDA_O0.03.log,DATA-0664,43A05B672CBED248CBBED14C0014DC121CD4C3465363F07C88D60749DB7BFD3D,result_scan_loss,lora,dtd,1,unknown,,,0.03,ce,54.2,44.39,./checkpoints/vitb16/dtd/1shots/seed1/adapter_weights.pt,,1570,recovered_log_final_accuracy,seed/split not verified from recovered log,,,,,,,
log,data/result_scan_loss/results_logs_loss_lora/lora_dtd_1shot_cosface_LAMBDA_O0.03.log,DATA-0665,5019B6F9BF1A0157850964A50E77BBCA7E06E61C67DD80ABD910E95AEDE6C1D5,result_scan_loss,lora,dtd,1,unknown,,,0.03,cosface,55.02,44.39,./checkpoints/vitb16/dtd/1shots/seed1/adapter_weights.pt,,1570,recovered_log_final_accuracy,seed/split not verified from recovered log,,,,,,,
log,data/result_scan_loss/results_logs_loss_lora/lora_dtd_4shot_arcface_LAMBDA_O0.03.log,DATA-0666,403D61AB52F74FC9A9176C7A1E3BFEE1B5F9800EDDDDF0A48780C8A1C311DBD4,result_scan_loss,lora,dtd,4,unknown,,,0.03,arcface,60.17,44.39,./checkpoints/vitb16/dtd/4shots/seed1/adapter_weights.pt,,2676,recovered_log_final_accuracy,seed/split not verified from recovered log,,,,,,,
log,data/result_scan_loss/results_logs_loss_lora/lora_dtd_4shot_ce_center_LAMBDA_O0.03.log,DATA-0667,3CA24092E93027F9F72600B189017F0B2837A607DBA086E22DD00A804A5937E2,result_scan_loss,lora,dtd,4,unknown,,,0.03,center,65.19,44.39,./checkpoints/vitb16/dtd/4shots/seed1/adapter_weights.pt,,2667,recovered_log_final_accuracy,seed/split not verified from recovered log,,,,,,,
log,data/result_scan_loss/results_logs_loss_lora/lora_dtd_4shot_ce_LAMBDA_O0.03.log,DATA-0668,A9FC45E1B35EB439474BAB8550CFD42AC25B2E12816C100029ECB6327521C5E7,result_scan_loss,lora,dtd,4,unknown,,,0.03,ce,65.19,44.39,./checkpoints/vitb16/dtd/4shots/seed1/adapter_weights.pt,,2684,recovered_log_final_accuracy,seed/split not verified from recovered log,,,,,,,
log,data/result_scan_loss/results_logs_loss_lora/lora_dtd_4shot_ce_ls_LAMBDA_O0.03.log,DATA-0669,05DDC24C7D547B12608B11F0E01ADD9D19460AE60B7D40136F955B836EA39695,result_scan_loss,lora,dtd,4,unknown,,,0.03,ce,62.29,44.39,./checkpoints/vitb16/dtd/4shots/seed1/adapter_weights.pt,,2676,recovered_log_final_accuracy,seed/split not verified from recovered log,,,,,,,
log,data/result_scan_loss/results_logs_loss_lora/lora_dtd_4shot_ce_maxent_LAMBDA_O0.03.log,DATA-0670,72C565364A65C69441934CDB41E94D94290C51EF8CA36336033EF676BF4290E2,result_scan_loss,lora,dtd,4,unknown,,,0.03,ce,64.01,44.39,./checkpoints/vitb16/dtd/4shots/seed1/adapter_weights.pt,,2666,recovered_log_final_accuracy,seed/split not verified from recovered log,,,,,,,
log,data/result_scan_loss/results_logs_loss_lora/lora_dtd_4shot_cosface_LAMBDA_O0.03.log,DATA-0671,F34926657AC4394D4D2F24422163FBD6E3E7F6C6AD0221034A5E170B171D4368,result_scan_loss,lora,dtd,4,unknown,,,0.03,cosface,60.11,44.39,./checkpoints/vitb16/dtd/4shots/seed1/adapter_weights.pt,,2673,recovered_log_final_accuracy,seed/split not verified from recovered log,,,,,,,
log,data/result_scan_loss/results_logs_loss_lora/lora_eurosat_1shot_arcface_LAMBDA_O0.03.log,DATA-0672,3C444D574D75D161562BB63AF61D450213FBBF30EA236CE75BEADE8FE5FCD677,result_scan_loss,lora,eurosat,1,unknown,,,0.03,arcface,64.17,42.16,./checkpoints/vitb16/eurosat/1shots/seed1/adapter_weights.pt,,2844,recovered_log_final_accuracy,seed/split not verified from recovered log,,,,,,,
log,data/result_scan_loss/results_logs_loss_lora/lora_eurosat_1shot_ce_center_LAMBDA_O0.03.log,DATA-0673,781B915BFA4628971E821C67F9E63F39A7D3F9C59B6AD82209123690A89929CB,result_scan_loss,lora,eurosat,1,unknown,,,0.03,center,72.93,42.16,./checkpoints/vitb16/eurosat/1shots/seed1/adapter_weights.pt,,2844,recovered_log_final_accuracy,seed/split not verified from recovered log,,,,,,,
log,data/result_scan_loss/results_logs_loss_lora/lora_eurosat_1shot_ce_LAMBDA_O0.03.log,DATA-0674,6F33065AB1A171B5DCA55B7F9F04B465FE1CDB3C56BBA7DCD51E375F0A6CED0C,result_scan_loss,lora,eurosat,1,unknown,,,0.03,ce,72.88,42.16,./checkpoints/vitb16/eurosat/1shots/seed1/adapter_weights.pt,,2844,recovered_log_final_accuracy,seed/split not verified from recovered log,,,,,,,
log,data/result_scan_loss/results_logs_loss_lora/lora_eurosat_1shot_ce_ls_LAMBDA_O0.03.log,DATA-0675,0CAC508A5935D5165006F0D20A3BAA33CDB54EC7DF8FA3F33A389C8E8CD7F5FA,result_scan_loss,lora,eurosat,1,unknown,,,0.03,ce,71.36,42.16,./checkpoints/vitb16/eurosat/1shots/seed1/adapter_weights.pt,,2844,recovered_log_final_accuracy,seed/split not verified from recovered log,,,,,,,
log,data/result_scan_loss/results_logs_loss_lora/lora_eurosat_1shot_ce_maxent_LAMBDA_O0.03.log,DATA-0676,F2E8429660BA70626EF9D7AA643426C67A697A45FCF0FF70CF6166BB8FD2F309,result_scan_loss,lora,eurosat,1,unknown,,,0.03,ce,71.95,42.16,./checkpoints/vitb16/eurosat/1shots/seed1/adapter_weights.pt,,2843,recovered_log_final_accuracy,seed/split not verified from recovered log,,,,,,,
log,data/result_scan_loss/results_logs_loss_lora/lora_eurosat_1shot_cosface_LAMBDA_O0.03.log,DATA-0677,DDFD68B40D2C98750F6913896364D5C3439D02901928E5BA902BED1CC42E7722,result_scan_loss,lora,eurosat,1,unknown,,,0.03,cosface,64.47,42.16,./checkpoints/vitb16/eurosat/1shots/seed1/adapter_weights.pt,,2844,recovered_log_final_accuracy,seed/split not verified from recovered log,,,,,,,
log,data/result_scan_loss/results_logs_loss_lora/lora_eurosat_4shot_arcface_LAMBDA_O0.03.log,DATA-0678,1557EDDCFD35E7B827D779F2D5F13C4E6A93087B799D6FAB770D460DE6A63D4E,result_scan_loss,lora,eurosat,4,unknown,,,0.03,arcface,86.15,42.16,./checkpoints/vitb16/eurosat/4shots/seed1/adapter_weights.pt,,5347,recovered_log_final_accuracy,seed/split not verified from recovered log,,,,,,,
log,data/result_scan_loss/results_logs_loss_lora/lora_eurosat_4shot_ce_center_LAMBDA_O0.03.log,DATA-0679,49A47FB7B9CD65963DCCBD62F6F84D1169F01F75FEAB8A6BEB6C36544969783B,result_scan_loss,lora,eurosat,4,unknown,,,0.03,center,88.86,42.16,./checkpoints/vitb16/eurosat/4shots/seed1/adapter_weights.pt,,5347,recovered_log_final_accuracy,seed/split not verified from recovered log,,,,,,,
log,data/result_scan_loss/results_logs_loss_lora/lora_eurosat_4shot_ce_LAMBDA_O0.03.log,DATA-0680,32C71A35F973DDF9E19B8C96276C0A9FB8049F1AB7DAAF0D677FF64BA2DA251F,result_scan_loss,lora,eurosat,4,unknown,,,0.03,ce,87.49,42.16,./checkpoints/vitb16/eurosat/4shots/seed1/adapter_weights.pt,,5347,recovered_log_final_accuracy,seed/split not verified from recovered log,,,,,,,
log,data/result_scan_loss/results_logs_loss_lora/lora_eurosat_4shot_ce_ls_LAMBDA_O0.03.log,DATA-0681,4AE8A763E216A71438E7AC30661AE0F72F24CE18798FA8BB678A7E87B34922C1,result_scan_loss,lora,eurosat,4,unknown,,,0.03,ce,88.04,42.16,./checkpoints/vitb16/eurosat/4shots/seed1/adapter_weights.pt,,5347,recovered_log_final_accuracy,seed/split not verified from recovered log,,,,,,,
log,data/result_scan_loss/results_logs_loss_lora/lora_eurosat_4shot_ce_maxent_LAMBDA_O0.03.log,DATA-0682,39C0A8C55EF1A3DD31A44FC625F8152B7577B38E0CE35FF5074B7D37F59BC830,result_scan_loss,lora,eurosat,4,unknown,,,0.03,ce,88.33,42.16,./checkpoints/vitb16/eurosat/4shots/seed1/adapter_weights.pt,,5347,recovered_log_final_accuracy,seed/split not verified from recovered log,,,,,,,
log,data/result_scan_loss/results_logs_loss_lora/lora_eurosat_4shot_cosface_LAMBDA_O0.03.log,DATA-0683,F80662BFBE1E6B64E28BAAFC8E08F747EFA1E41F0083238D89A383419CECAB9F,result_scan_loss,lora,eurosat,4,unknown,,,0.03,cosface,86.31,42.16,./checkpoints/vitb16/eurosat/4shots/seed1/adapter_weights.pt,,5347,recovered_log_final_accuracy,seed/split not verified from recovered log,,,,,,,
log,data/result_scan_loss/results_logs_loss_lora/lora_fgvc_1shot_arcface_LAMBDA_O0.03.log,DATA-0684,EF6196CAEA01BD8B0DECDA80C2BA5E3516E86078780E81B433CE9FAB5A55B20E,result_scan_loss,lora,fgvc,1,unknown,,,0.03,arcface,26.55,23.73,./checkpoints/vitb16/fgvc/1shots/seed1/adapter_weights.pt,,1076,recovered_log_final_accuracy,seed/split not verified from recovered log,,,,,,,
log,data/result_scan_loss/results_logs_loss_lora/lora_fgvc_1shot_ce_center_LAMBDA_O0.03.log,DATA-0685,07FAE596D403AA0500A7C038A55A581A04332B81CEB39C8D4C756D091391810B,result_scan_loss,lora,fgvc,1,unknown,,,0.03,center,28.29,23.73,./checkpoints/vitb16/fgvc/1shots/seed1/adapter_weights.pt,,1076,recovered_log_final_accuracy,seed/split not verified from recovered log,,,,,,,
log,data/result_scan_loss/results_logs_loss_lora/lora_fgvc_1shot_ce_LAMBDA_O0.03.log,DATA-0686,C3569D59011D66BCE020F4C172744D605B8612DEDD773EBB39A96EDADEC7767E,result_scan_loss,lora,fgvc,1,unknown,,,0.03,ce,28.71,23.73,./checkpoints/vitb16/fgvc/1shots/seed1/adapter_weights.pt,,1076,recovered_log_final_accuracy,seed/split not verified from recovered log,,,,,,,
log,data/result_scan_loss/results_logs_loss_lora/lora_fgvc_1shot_ce_ls_LAMBDA_O0.03.log,DATA-0687,A26041A1019872CE0BE3B74FF5E0E38F7BB835AAB51CD7847CB45024D4E5F2E9,result_scan_loss,lora,fgvc,1,unknown,,,0.03,ce,26.58,23.73,./checkpoints/vitb16/fgvc/1shots/seed1/adapter_weights.pt,,1076,recovered_log_final_accuracy,seed/split not verified from recovered log,,,,,,,
log,data/result_scan_loss/results_logs_loss_lora/lora_fgvc_1shot_ce_maxent_LAMBDA_O0.03.log,DATA-0688,C48E4FD13DD6401932861D7D65D262C1B46946B360BAB41C048C0E7A53AE2C88,result_scan_loss,lora,fgvc,1,unknown,,,0.03,ce,28.92,23.73,./checkpoints/vitb16/fgvc/1shots/seed1/adapter_weights.pt,,1076,recovered_log_final_accuracy,seed/split not verified from recovered log,,,,,,,
log,data/result_scan_loss/results_logs_loss_lora/lora_fgvc_1shot_cosface_LAMBDA_O0.03.log,DATA-0689,535B4A124D1866BC3A1EAA66F462D0A13F9A4EE3AAB3C6D778AE01791302FC0A,result_scan_loss,lora,fgvc,1,unknown,,,0.03,cosface,27.81,23.73,./checkpoints/vitb16/fgvc/1shots/seed1/adapter_weights.pt,,1076,recovered_log_final_accuracy,seed/split not verified from recovered log,,,,,,,
log,data/result_scan_loss/results_logs_loss_lora/lora_fgvc_4shot_arcface_LAMBDA_O0.03.log,DATA-0690,4497D936BCBAF629B04DA3D0208F0E7960442D64C460A614E1B019E554381C6E,result_scan_loss,lora,fgvc,4,unknown,,,0.03,arcface,1.08,23.73,./checkpoints/vitb16/fgvc/4shots/seed1/adapter_weights.pt,,2173,recovered_log_final_accuracy,seed/split not verified from recovered log,,,,,,,
log,data/result_scan_loss/results_logs_loss_lora/lora_fgvc_4shot_ce_center_LAMBDA_O0.03.log,DATA-0691,CB50C45438F9C42AB449BAB96BF372561E15449A2E5B1C227BC214211923AFBE,result_scan_loss,lora,fgvc,4,unknown,,,0.03,center,38.61,23.73,./checkpoints/vitb16/fgvc/4shots/seed1/adapter_weights.pt,,2183,recovered_log_final_accuracy,seed/split not verified from recovered log,,,,,,,
log,data/result_scan_loss/results_logs_loss_lora/lora_fgvc_4shot_ce_LAMBDA_O0.03.log,DATA-0692,C67F4EB0B9370BB148526A3359DC5933C557FC6893B2A2AD1344FF1A7FD8B6B0,result_scan_loss,lora,fgvc,4,unknown,,,0.03,ce,39.15,23.73,./checkpoints/vitb16/fgvc/4shots/seed1/adapter_weights.pt,,2271,recovered_log_final_accuracy,seed/split not verified from recovered log,,,,,,,
log,data/result_scan_loss/results_logs_loss_lora/lora_fgvc_4shot_ce_ls_LAMBDA_O0.03.log,DATA-0693,7AFA6A7A7BA9D9750163199B039B92DA8340BEBA208FBF8184C79872FAC7FC79,result_scan_loss,lora,fgvc,4,unknown,,,0.03,ce,35.25,23.73,./checkpoints/vitb16/fgvc/4shots/seed1/adapter_weights.pt,,2181,recovered_log_final_accuracy,seed/split not verified from recovered log,,,,,,,
log,data/result_scan_loss/results_logs_loss_lora/lora_fgvc_4shot_ce_maxent_LAMBDA_O0.03.log,DATA-0694,6C54EB4934354C32856F4EC6D29063A57ACA33C850D548442BBBB4EDA9E24639,result_scan_loss,lora,fgvc,4,unknown,,,0.03,ce,38.91,23.73,./checkpoints/vitb16/fgvc/4shots/seed1/adapter_weights.pt,,2193,recovered_log_final_accuracy,seed/split not verified from recovered log,,,,,,,
log,data/result_scan_loss/results_logs_loss_lora/lora_fgvc_4shot_cosface_LAMBDA_O0.03.log,DATA-0695,9044ACBB0C511510497C936585C965DB320002FE9421431F5122C7FFD9A98203,result_scan_loss,lora,fgvc,4,unknown,,,0.03,cosface,39.12,23.73,./checkpoints/vitb16/fgvc/4shots/seed1/adapter_weights.pt,,2170,recovered_log_final_accuracy,seed/split not verified from recovered log,,,,,,,
log,data/result_scan_loss/results_logs_loss_lora/lora_food101_1shot_arcface_LAMBDA_O0.03.log,DATA-0696,53D8C826D884E79F29B4F754A613C8FF7737D61A92606E94E5F03B4406B8E95B,result_scan_loss,lora,food101,1,unknown,,,0.03,arcface,82.42,85.26,./checkpoints/vitb16/food101/1shots/seed1/adapter_weights.pt,,1182,recovered_log_final_accuracy,seed/split not verified from recovered log,,,,,,,
log,data/result_scan_loss/results_logs_loss_lora/lora_food101_1shot_ce_center_LAMBDA_O0.03.log,DATA-0697,F7F1EE23EFCA98AC69A6D1CEC0CED184C69D5695D96DB006D647F2CAE08AC725,result_scan_loss,lora,food101,1,unknown,,,0.03,center,84.93,85.26,./checkpoints/vitb16/food101/1shots/seed1/adapter_weights.pt,,1182,recovered_log_final_accuracy,seed/split not verified from recovered log,,,,,,,
log,data/result_scan_loss/results_logs_loss_lora/lora_food101_1shot_ce_LAMBDA_O0.03.log,DATA-0698,66BA804B5D7E45661AFF998D3FE8C5D3811D1B42296E3047077C964674AF298F,result_scan_loss,lora,food101,1,unknown,,,0.03,ce,85.08,85.26,./checkpoints/vitb16/food101/1shots/seed1/adapter_weights.pt,,1182,recovered_log_final_accuracy,seed/split not verified from recovered log,,,,,,,
log,data/result_scan_loss/results_logs_loss_lora/lora_food101_1shot_ce_ls_LAMBDA_O0.03.log,DATA-0699,D4097D766DF4DFC9C5FF38AB5ED05E2BD6C68478E050EBADB3B76B905F815A7B,result_scan_loss,lora,food101,1,unknown,,,0.03,ce,84.56,85.26,./checkpoints/vitb16/food101/1shots/seed1/adapter_weights.pt,,1182,recovered_log_final_accuracy,seed/split not verified from recovered log,,,,,,,
log,data/result_scan_loss/results_logs_loss_lora/lora_food101_1shot_ce_maxent_LAMBDA_O0.03.log,DATA-0700,C87E311A68151ACD129A275E56947CE3480E3DD46CE810D6E019DDB0F635624F,result_scan_loss,lora,food101,1,unknown,,,0.03,ce,85.14,85.26,./checkpoints/vitb16/food101/1shots/seed1/adapter_weights.pt,,1182,recovered_log_final_accuracy,seed/split not verified from recovered log,,,,,,,
log,data/result_scan_loss/results_logs_loss_lora/lora_food101_1shot_cosface_LAMBDA_O0.03.log,DATA-0701,FE2C45AD8B2CCADCAD0ECD6084A535C39D925917372A165F67DE7651FF12B570,result_scan_loss,lora,food101,1,unknown,,,0.03,cosface,82.24,85.26,./checkpoints/vitb16/food101/1shots/seed1/adapter_weights.pt,,1182,recovered_log_final_accuracy,seed/split not verified from recovered log,,,,,,,
log,data/result_scan_loss/results_logs_loss_lora/lora_food101_4shot_arcface_LAMBDA_O0.03.log,DATA-0702,6018C60CB1609BDBC8FF261C6EAD5500F3DDD259FBA31AA51F5AA850518BB103,result_scan_loss,lora,food101,4,unknown,,,0.03,arcface,79.17,85.26,./checkpoints/vitb16/food101/4shots/seed1/adapter_weights.pt,,2135,recovered_log_final_accuracy,seed/split not verified from recovered log,,,,,,,
log,data/result_scan_loss/results_logs_loss_lora/lora_food101_4shot_ce_center_LAMBDA_O0.03.log,DATA-0703,5F5268C2F9D57A8C92FAFDD2ABE3AE03896A2AD1E547E96BF7C5FE1A6F5BE09E,result_scan_loss,lora,food101,4,unknown,,,0.03,center,83.72,85.26,./checkpoints/vitb16/food101/4shots/seed1/adapter_weights.pt,,2135,recovered_log_final_accuracy,seed/split not verified from recovered log,,,,,,,
log,data/result_scan_loss/results_logs_loss_lora/lora_food101_4shot_ce_LAMBDA_O0.03.log,DATA-0704,C2BE08183E5B4704914F57D760604ADB0FCED89E159EA13B4F957A6F352A503D,result_scan_loss,lora,food101,4,unknown,,,0.03,ce,83.72,85.26,./checkpoints/vitb16/food101/4shots/seed1/adapter_weights.pt,,2132,recovered_log_final_accuracy,seed/split not verified from recovered log,,,,,,,
log,data/result_scan_loss/results_logs_loss_lora/lora_food101_4shot_ce_ls_LAMBDA_O0.03.log,DATA-0705,4AB0BB7BCB73A5AD92DD42A67C1C2D6D86380900946746DDCA9D19EFACD07D62,result_scan_loss,lora,food101,4,unknown,,,0.03,ce,82.79,85.26,./checkpoints/vitb16/food101/4shots/seed1/adapter_weights.pt,,2133,recovered_log_final_accuracy,seed/split not verified from recovered log,,,,,,,
log,data/result_scan_loss/results_logs_loss_lora/lora_food101_4shot_ce_maxent_LAMBDA_O0.03.log,DATA-0706,4FC0977C1FB3DD789794F53BC9C8D28FDBD9ED15FA51E1B69FC0C3A54FB4174D,result_scan_loss,lora,food101,4,unknown,,,0.03,ce,83.75,85.26,./checkpoints/vitb16/food101/4shots/seed1/adapter_weights.pt,,2135,recovered_log_final_accuracy,seed/split not verified from recovered log,,,,,,,
log,data/result_scan_loss/results_logs_loss_lora/lora_food101_4shot_cosface_LAMBDA_O0.03.log,DATA-0707,9B214E36156B1A52B44376E4EC549D2FCAA88DE54DE1B1E6A8846F46BBDCC0FA,result_scan_loss,lora,food101,4,unknown,,,0.03,cosface,79.16,85.26,./checkpoints/vitb16/food101/4shots/seed1/adapter_weights.pt,,2131,recovered_log_final_accuracy,seed/split not verified from recovered log,,,,,,,
log,data/result_scan_loss/results_logs_loss_lora/lora_oxford_flowers_1shot_arcface_LAMBDA_O0.03.log,DATA-0708,F782914DF3F4F00354C36E3D6188B1BDE3C99EAFB09973F796E59D118C124C19,result_scan_loss,lora,oxford_flowers,1,unknown,,,0.03,arcface,77.34,67.4,./checkpoints/vitb16/oxford_flowers/1shots/seed1/adapter_weights.pt,,1073,recovered_log_final_accuracy,seed/split not verified from recovered log,,,,,,,
log,data/result_scan_loss/results_logs_loss_lora/lora_oxford_flowers_1shot_ce_center_LAMBDA_O0.03.log,DATA-0709,E5A7947E0C4B1D38430318E9AFACE642871F3F594287E2D2C2E4612D3E11DEEF,result_scan_loss,lora,oxford_flowers,1,unknown,,,0.03,center,82.1,67.4,./checkpoints/vitb16/oxford_flowers/1shots/seed1/adapter_weights.pt,,1073,recovered_log_final_accuracy,seed/split not verified from recovered log,,,,,,,
log,data/result_scan_loss/results_logs_loss_lora/lora_oxford_flowers_1shot_ce_LAMBDA_O0.03.log,DATA-0710,67C2C160E8E6796379217DF025F12FE0C5D717C46537E966F3B5F82721DF00B1,result_scan_loss,lora,oxford_flowers,1,unknown,,,0.03,ce,83.35,67.4,./checkpoints/vitb16/oxford_flowers/1shots/seed1/adapter_weights.pt,,1073,recovered_log_final_accuracy,seed/split not verified from recovered log,,,,,,,
log,data/result_scan_loss/results_logs_loss_lora/lora_oxford_flowers_1shot_ce_ls_LAMBDA_O0.03.log,DATA-0711,48852BF53C2B300F1C751F7953D8C5EB25004426582474CD62AB25F3ECB5C6EB,result_scan_loss,lora,oxford_flowers,1,unknown,,,0.03,ce,81.57,67.4,./checkpoints/vitb16/oxford_flowers/1shots/seed1/adapter_weights.pt,,1073,recovered_log_final_accuracy,seed/split not verified from recovered log,,,,,,,
log,data/result_scan_loss/results_logs_loss_lora/lora_oxford_flowers_1shot_ce_maxent_LAMBDA_O0.03.log,DATA-0712,05C199361A4F8A1C36C74409675F26A3E1ACBFEFCE962C3BA1D572742E4B5AF4,result_scan_loss,lora,oxford_flowers,1,unknown,,,0.03,ce,83.35,67.4,./checkpoints/vitb16/oxford_flowers/1shots/seed1/adapter_weights.pt,,1073,recovered_log_final_accuracy,seed/split not verified from recovered log,,,,,,,
log,data/result_scan_loss/results_logs_loss_lora/lora_oxford_flowers_1shot_cosface_LAMBDA_O0.03.log,DATA-0713,44D42A9B4FE730C1BC36F9C7CCAC033ED090B5D638FC65061DBB6DBA4BA35A71,result_scan_loss,lora,oxford_flowers,1,unknown,,,0.03,cosface,77.26,67.4,./checkpoints/vitb16/oxford_flowers/1shots/seed1/adapter_weights.pt,,1073,recovered_log_final_accuracy,seed/split not verified from recovered log,,,,,,,
log,data/result_scan_loss/results_logs_loss_lora/lora_oxford_flowers_4shot_arcface_LAMBDA_O0.03.log,DATA-0714,80118383395C378ADE7415C55723C09C538CA016A78E47E2DA8690223F86102C,result_scan_loss,lora,oxford_flowers,4,unknown,,,0.03,arcface,92.73,67.4,./checkpoints/vitb16/oxford_flowers/4shots/seed1/adapter_weights.pt,,2038,recovered_log_final_accuracy,seed/split not verified from recovered log,,,,,,,
log,data/result_scan_loss/results_logs_loss_lora/lora_oxford_flowers_4shot_ce_center_LAMBDA_O0.03.log,DATA-0715,92936DD9A540AC0986D48AC129260DBB5ABB4C946D16557BDA2DEAC8276A14F2,result_scan_loss,lora,oxford_flowers,4,unknown,,,0.03,center,93.63,67.4,./checkpoints/vitb16/oxford_flowers/4shots/seed1/adapter_weights.pt,,2035,recovered_log_final_accuracy,seed/split not verified from recovered log,,,,,,,
log,data/result_scan_loss/results_logs_loss_lora/lora_oxford_flowers_4shot_ce_LAMBDA_O0.03.log,DATA-0716,ADBA880D3BE61EE1996F56F0AFF644DDA797E2887493B9A244672BE5D556E452,result_scan_loss,lora,oxford_flowers,4,unknown,,,0.03,ce,93.63,67.4,./checkpoints/vitb16/oxford_flowers/4shots/seed1/adapter_weights.pt,,2034,recovered_log_final_accuracy,seed/split not verified from recovered log,,,,,,,
log,data/result_scan_loss/results_logs_loss_lora/lora_oxford_flowers_4shot_ce_ls_LAMBDA_O0.03.log,DATA-0717,B95026A381AAED79E28958D554C81B1E48D181FD27D09F96B26900B9FCDA0E4B,result_scan_loss,lora,oxford_flowers,4,unknown,,,0.03,ce,93.67,67.4,./checkpoints/vitb16/oxford_flowers/4shots/seed1/adapter_weights.pt,,2025,recovered_log_final_accuracy,seed/split not verified from recovered log,,,,,,,
log,data/result_scan_loss/results_logs_loss_lora/lora_oxford_flowers_4shot_ce_maxent_LAMBDA_O0.03.log,DATA-0718,753F5381899E6E0BBBF732606585B3E16190EE893D04D275E92D16E3D71DCD06,result_scan_loss,lora,oxford_flowers,4,unknown,,,0.03,ce,93.59,67.4,./checkpoints/vitb16/oxford_flowers/4shots/seed1/adapter_weights.pt,,2035,recovered_log_final_accuracy,seed/split not verified from recovered log,,,,,,,
log,data/result_scan_loss/results_logs_loss_lora/lora_oxford_flowers_4shot_cosface_LAMBDA_O0.03.log,DATA-0719,1449D8B9B6875947AC9F43D551118424B2CC38D09B107A2F7E4737BA1F755A03,result_scan_loss,lora,oxford_flowers,4,unknown,,,0.03,cosface,92.49,67.4,./checkpoints/vitb16/oxford_flowers/4shots/seed1/adapter_weights.pt,,2041,recovered_log_final_accuracy,seed/split not verified from recovered log,,,,,,,
log,data/result_scan_loss/results_logs_loss_lora/lora_oxford_pets_1shot_arcface_LAMBDA_O0.03.log,DATA-0720,C6AB2D52F6AD8E0FA31D7BEC5E6249078742F11AC440900BDB222F35F5C31972,result_scan_loss,lora,oxford_pets,1,unknown,,,0.03,arcface,84.36,88.2,./checkpoints/vitb16/oxford_pets/1shots/seed1/adapter_weights.pt,,1578,recovered_log_final_accuracy,seed/split not verified from recovered log,,,,,,,
log,data/result_scan_loss/results_logs_loss_lora/lora_oxford_pets_1shot_ce_center_LAMBDA_O0.03.log,DATA-0721,714C1A357F8969F1F53DB80B9321E30E87176FF0DC379E9402603CF32C8502CD,result_scan_loss,lora,oxford_pets,1,unknown,,,0.03,center,91.74,88.2,./checkpoints/vitb16/oxford_pets/1shots/seed1/adapter_weights.pt,,1578,recovered_log_final_accuracy,seed/split not verified from recovered log,,,,,,,
log,data/result_scan_loss/results_logs_loss_lora/lora_oxford_pets_1shot_ce_LAMBDA_O0.03.log,DATA-0722,E3C09B142FE95071279A173DC3AC61316060BB89B1F27B30EAE187EFFE1C4AB3,result_scan_loss,lora,oxford_pets,1,unknown,,,0.03,ce,91.52,88.2,./checkpoints/vitb16/oxford_pets/1shots/seed1/adapter_weights.pt,,1578,recovered_log_final_accuracy,seed/split not verified from recovered log,,,,,,,
log,data/result_scan_loss/results_logs_loss_lora/lora_oxford_pets_1shot_ce_ls_LAMBDA_O0.03.log,DATA-0723,76BDBB35D2FB0B823F5128BFCCF0BB321B4975681833F24F657B5EE906AB1CDB,result_scan_loss,lora,oxford_pets,1,unknown,,,0.03,ce,84.36,88.2,./checkpoints/vitb16/oxford_pets/1shots/seed1/adapter_weights.pt,,1578,recovered_log_final_accuracy,seed/split not verified from recovered log,,,,,,,
log,data/result_scan_loss/results_logs_loss_lora/lora_oxford_pets_1shot_ce_maxent_LAMBDA_O0.03.log,DATA-0724,DBC621EB08A46929EBD43AADEF8B337ABD03489476ECB4C1C0E8CC0496D9A496,result_scan_loss,lora,oxford_pets,1,unknown,,,0.03,ce,91.91,88.2,./checkpoints/vitb16/oxford_pets/1shots/seed1/adapter_weights.pt,,1578,recovered_log_final_accuracy,seed/split not verified from recovered log,,,,,,,
log,data/result_scan_loss/results_logs_loss_lora/lora_oxford_pets_1shot_cosface_LAMBDA_O0.03.log,DATA-0725,2D87C25E09061A5D57789DDC4B1E07AF733B857AE05E0E2D52B7D4440EB1089A,result_scan_loss,lora,oxford_pets,1,unknown,,,0.03,cosface,84.71,88.2,./checkpoints/vitb16/oxford_pets/1shots/seed1/adapter_weights.pt,,1578,recovered_log_final_accuracy,seed/split not verified from recovered log,,,,,,,
log,data/result_scan_loss/results_logs_loss_lora/lora_oxford_pets_4shot_arcface_LAMBDA_O0.03.log,DATA-0726,8D7D4B36D760902FC356EC600A1EC4586C430199BC5C7FA71522E6E41F232A20,result_scan_loss,lora,oxford_pets,4,unknown,,,0.03,arcface,86.7,88.2,./checkpoints/vitb16/oxford_pets/4shots/seed1/adapter_weights.pt,,3129,recovered_log_final_accuracy,seed/split not verified from recovered log,,,,,,,
log,data/result_scan_loss/results_logs_loss_lora/lora_oxford_pets_4shot_ce_center_LAMBDA_O0.03.log,DATA-0727,38DBAF5124181A9F496302790239712FFB27123C929C311FF4D9B90F2C19AE37,result_scan_loss,lora,oxford_pets,4,unknown,,,0.03,center,91.33,88.2,./checkpoints/vitb16/oxford_pets/4shots/seed1/adapter_weights.pt,,3129,recovered_log_final_accuracy,seed/split not verified from recovered log,,,,,,,
log,data/result_scan_loss/results_logs_loss_lora/lora_oxford_pets_4shot_ce_LAMBDA_O0.03.log,DATA-0728,66BF78BCCC1E088D9800367B65EF4A3A66F71F40152A14DD10C0B040CB8245BD,result_scan_loss,lora,oxford_pets,4,unknown,,,0.03,ce,91.01,88.2,./checkpoints/vitb16/oxford_pets/4shots/seed1/adapter_weights.pt,,3130,recovered_log_final_accuracy,seed/split not verified from recovered log,,,,,,,
log,data/result_scan_loss/results_logs_loss_lora/lora_oxford_pets_4shot_ce_ls_LAMBDA_O0.03.log,DATA-0729,9C8AD58F41F34E29AF317CD347D744773900B81AAC7D5D816F88E33F31069A92,result_scan_loss,lora,oxford_pets,4,unknown,,,0.03,ce,85.12,88.2,./checkpoints/vitb16/oxford_pets/4shots/seed1/adapter_weights.pt,,3129,recovered_log_final_accuracy,seed/split not verified from recovered log,,,,,,,
log,data/result_scan_loss/results_logs_loss_lora/lora_oxford_pets_4shot_ce_maxent_LAMBDA_O0.03.log,DATA-0730,DE061E326E0BF50FBB79C8B743396A9CB07461735EA3D8FA4E4EFEC5668B2BFA,result_scan_loss,lora,oxford_pets,4,unknown,,,0.03,ce,91.25,88.2,./checkpoints/vitb16/oxford_pets/4shots/seed1/adapter_weights.pt,,3129,recovered_log_final_accuracy,seed/split not verified from recovered log,,,,,,,
log,data/result_scan_loss/results_logs_loss_lora/lora_oxford_pets_4shot_cosface_LAMBDA_O0.03.log,DATA-0731,17B442DFF91EBECC46CA7946958346636D8A8DBCF70AF6E1FBA7DF0F8EEA7B00,result_scan_loss,lora,oxford_pets,4,unknown,,,0.03,cosface,86.18,88.2,./checkpoints/vitb16/oxford_pets/4shots/seed1/adapter_weights.pt,,3129,recovered_log_final_accuracy,seed/split not verified from recovered log,,,,,,,
log,data/result_scan_loss/results_logs_loss_lora/lora_ucf101_1shot_arcface_LAMBDA_O0.03.log,DATA-0732,F49DB57EF7740963872422E9962F237C9B8B4F8B1230F35BBD5DC43D7D8B5CA8,result_scan_loss,lora,ucf101,1,unknown,,,0.03,arcface,74.89,65.21,./checkpoints/vitb16/ucf101/1shots/seed1/adapter_weights.pt,,1079,recovered_log_final_accuracy,seed/split not verified from recovered log,,,,,,,
log,data/result_scan_loss/results_logs_loss_lora/lora_ucf101_1shot_ce_center_LAMBDA_O0.03.log,DATA-0733,6332BED365E992D4FCC73D82D3EA7E70318C1F2676597850C7C4EEE4BF59E40B,result_scan_loss,lora,ucf101,1,unknown,,,0.03,center,76.0,65.21,./checkpoints/vitb16/ucf101/1shots/seed1/adapter_weights.pt,,1079,recovered_log_final_accuracy,seed/split not verified from recovered log,,,,,,,
log,data/result_scan_loss/results_logs_loss_lora/lora_ucf101_1shot_ce_LAMBDA_O0.03.log,DATA-0734,3D07FCC54BD872C51C3614DC385AD6D5B35A9463C8A87FEBE91ADB00D52648E4,result_scan_loss,lora,ucf101,1,unknown,,,0.03,ce,76.29,65.21,./checkpoints/vitb16/ucf101/1shots/seed1/adapter_weights.pt,,1079,recovered_log_final_accuracy,seed/split not verified from recovered log,,,,,,,
log,data/result_scan_loss/results_logs_loss_lora/lora_ucf101_1shot_ce_ls_LAMBDA_O0.03.log,DATA-0735,6640C725DC0952AD7678217F63F10C45CDFC2502D145CF9FA8AA2C0E600A7B50,result_scan_loss,lora,ucf101,1,unknown,,,0.03,ce,75.23,65.21,./checkpoints/vitb16/ucf101/1shots/seed1/adapter_weights.pt,,1079,recovered_log_final_accuracy,seed/split not verified from recovered log,,,,,,,
log,data/result_scan_loss/results_logs_loss_lora/lora_ucf101_1shot_ce_maxent_LAMBDA_O0.03.log,DATA-0736,766331DE72A95D234DA3D445DC1CD491C0F37BC68A0BB5406D7CCAEB4D2B0531,result_scan_loss,lora,ucf101,1,unknown,,,0.03,ce,76.34,65.21,./checkpoints/vitb16/ucf101/1shots/seed1/adapter_weights.pt,,1079,recovered_log_final_accuracy,seed/split not verified from recovered log,,,,,,,
log,data/result_scan_loss/results_logs_loss_lora/lora_ucf101_1shot_cosface_LAMBDA_O0.03.log,DATA-0737,52EF292A46749DC1459F22E89E5F9D4E8D0504F258AE831B20062C475CEB2792,result_scan_loss,lora,ucf101,1,unknown,,,0.03,cosface,74.91,65.21,./checkpoints/vitb16/ucf101/1shots/seed1/adapter_weights.pt,,1079,recovered_log_final_accuracy,seed/split not verified from recovered log,,,,,,,
log,data/result_scan_loss/results_logs_loss_lora/lora_ucf101_4shot_arcface_LAMBDA_O0.03.log,DATA-0738,911B2EE6EE1FBE168848471AA82D991DB3B1436221862A91F8D19D4BDC50793E,result_scan_loss,lora,ucf101,4,unknown,,,0.03,arcface,80.47,65.21,./checkpoints/vitb16/ucf101/4shots/seed1/adapter_weights.pt,,2023,recovered_log_final_accuracy,seed/split not verified from recovered log,,,,,,,
log,data/result_scan_loss/results_logs_loss_lora/lora_ucf101_4shot_ce_center_LAMBDA_O0.03.log,DATA-0739,95D915FDD8277AF76E85A4CD4D429388E2854635CF576741E8EC2CD734A0533B,result_scan_loss,lora,ucf101,4,unknown,,,0.03,center,79.88,65.21,./checkpoints/vitb16/ucf101/4shots/seed1/adapter_weights.pt,,2024,recovered_log_final_accuracy,seed/split not verified from recovered log,,,,,,,
log,data/result_scan_loss/results_logs_loss_lora/lora_ucf101_4shot_ce_LAMBDA_O0.03.log,DATA-0740,BBEDF610B021C4086F49BFE5622F3148E0706E1DF3B593ECFB170B423A39516E,result_scan_loss,lora,ucf101,4,unknown,,,0.03,ce,80.47,65.21,./checkpoints/vitb16/ucf101/4shots/seed1/adapter_weights.pt,,2024,recovered_log_final_accuracy,seed/split not verified from recovered log,,,,,,,
log,data/result_scan_loss/results_logs_loss_lora/lora_ucf101_4shot_ce_ls_LAMBDA_O0.03.log,DATA-0741,F6AB188B3E2218FE736F558A8259912CF22BAFC4AE826F66EAE159D6C40F94AD,result_scan_loss,lora,ucf101,4,unknown,,,0.03,ce,79.3,65.21,./checkpoints/vitb16/ucf101/4shots/seed1/adapter_weights.pt,,2023,recovered_log_final_accuracy,seed/split not verified from recovered log,,,,,,,
log,data/result_scan_loss/results_logs_loss_lora/lora_ucf101_4shot_ce_maxent_LAMBDA_O0.03.log,DATA-0742,E096AB6714FCAA79E565E60731E5A48FB6B5B6F2100FA8E0018DC96D340933F2,result_scan_loss,lora,ucf101,4,unknown,,,0.03,ce,80.23,65.21,./checkpoints/vitb16/ucf101/4shots/seed1/adapter_weights.pt,,2026,recovered_log_final_accuracy,seed/split not verified from recovered log,,,,,,,
log,data/result_scan_loss/results_logs_loss_lora/lora_ucf101_4shot_cosface_LAMBDA_O0.03.log,DATA-0743,0476A919236A8C120CAD142BB6D0D190A98245D04A70A1636EEB467022C23F4A,result_scan_loss,lora,ucf101,4,unknown,,,0.03,cosface,80.76,65.21,./checkpoints/vitb16/ucf101/4shots/seed1/adapter_weights.pt,,2024,recovered_log_final_accuracy,seed/split not verified from recovered log,,,,,,,
log,data/result_scan_loss/results_logs_loss_ohsinglora/ohsinglora_caltech101_1shot_arcface_LAMBDA_O0.03.log,DATA-0745,2B5ED866C1A133D24C1F95356E94B42C521967DAF0ABF2305F30D160F5553C47,result_scan_loss,ohsinglora,caltech101,1,unknown,,,0.03,arcface,94.85,93.31,./checkpoints/ohsinglora/ViT-B16/caltech101/1shots/seed1/adapter_weights.pt,,1036,recovered_log_final_accuracy,seed/split not verified from recovered log,,,,,,,
log,data/result_scan_loss/results_logs_loss_ohsinglora/ohsinglora_caltech101_1shot_ce_center_LAMBDA_O0.03.log,DATA-0746,7EB6BD57CF974C75536F5EF62F7D7551A9854FDB6CDD512909A3581E5496FC99,result_scan_loss,ohsinglora,caltech101,1,unknown,,,0.03,center,94.0,93.31,./checkpoints/ohsinglora/ViT-B16/caltech101/1shots/seed1/adapter_weights.pt,,1038,recovered_log_final_accuracy,seed/split not verified from recovered log,,,,,,,
log,data/result_scan_loss/results_logs_loss_ohsinglora/ohsinglora_caltech101_1shot_ce_LAMBDA_O0.03.log,DATA-0747,E09CF512F406ACE0597A0C6B5C8688D9C00F5BD6B71A4E1F09CE8C8C4814D10D,result_scan_loss,ohsinglora,caltech101,1,unknown,,,0.03,ce,94.24,93.31,./checkpoints/ohsinglora/ViT-B16/caltech101/1shots/seed1/adapter_weights.pt,,1038,recovered_log_final_accuracy,seed/split not verified from recovered log,,,,,,,
log,data/result_scan_loss/results_logs_loss_ohsinglora/ohsinglora_caltech101_1shot_ce_ls_LAMBDA_O0.03.log,DATA-0748,16244D27619817733FDA0B1C30BAE3F6028BC6278A03796393FC1A870676004C,result_scan_loss,ohsinglora,caltech101,1,unknown,,,0.03,ce,94.6,93.31,./checkpoints/ohsinglora/ViT-B16/caltech101/1shots/seed1/adapter_weights.pt,,1038,recovered_log_final_accuracy,seed/split not verified from recovered log,,,,,,,
log,data/result_scan_loss/results_logs_loss_ohsinglora/ohsinglora_caltech101_1shot_ce_maxent_LAMBDA_O0.03.log,DATA-0749,65FC28542E87469D964B805579557FBEFA707797829BB35E25F1F24D0BFCD8A3,result_scan_loss,ohsinglora,caltech101,1,unknown,,,0.03,ce,94.16,93.31,./checkpoints/ohsinglora/ViT-B16/caltech101/1shots/seed1/adapter_weights.pt,,1038,recovered_log_final_accuracy,seed/split not verified from recovered log,,,,,,,
log,data/result_scan_loss/results_logs_loss_ohsinglora/ohsinglora_caltech101_1shot_cosface_LAMBDA_O0.03.log,DATA-0750,C6A0846AF16A7384F426AA875D4144B14387AA99913C5C01717F13868F64ABE6,result_scan_loss,ohsinglora,caltech101,1,unknown,,,0.03,cosface,95.13,93.31,./checkpoints/ohsinglora/ViT-B16/caltech101/1shots/seed1/adapter_weights.pt,,1036,recovered_log_final_accuracy,seed/split not verified from recovered log,,,,,,,
log,data/result_scan_loss/results_logs_loss_ohsinglora/ohsinglora_caltech101_4shot_arcface_LAMBDA_O0.03.log,DATA-0751,B95851F73B6CF4C1F004A724DC6C9B7210D41C6F4FDB6E5106EE00650D859FAE,result_scan_loss,ohsinglora,caltech101,4,unknown,,,0.03,arcface,94.4,93.31,./checkpoints/ohsinglora/ViT-B16/caltech101/4shots/seed1/adapter_weights.pt,,2654,recovered_log_final_accuracy,seed/split not verified from recovered log,,,,,,,
log,data/result_scan_loss/results_logs_loss_ohsinglora/ohsinglora_caltech101_4shot_ce_center_LAMBDA_O0.03.log,DATA-0752,B00BEE24CC73DB93F0B0FBD3AE17CAD130F1BD5334DBF3C684594A7D52BCC7D6,result_scan_loss,ohsinglora,caltech101,4,unknown,,,0.03,center,95.62,93.31,./checkpoints/ohsinglora/ViT-B16/caltech101/4shots/seed1/adapter_weights.pt,,2654,recovered_log_final_accuracy,seed/split not verified from recovered log,,,,,,,
log,data/result_scan_loss/results_logs_loss_ohsinglora/ohsinglora_caltech101_4shot_ce_LAMBDA_O0.03.log,DATA-0753,AE6554B7C7CAE65E0F2E7C5EECF0879C5DFF76616581C48719F04F762B4A904A,result_scan_loss,ohsinglora,caltech101,4,unknown,,,0.03,ce,95.62,93.31,./checkpoints/ohsinglora/ViT-B16/caltech101/4shots/seed1/adapter_weights.pt,,2654,recovered_log_final_accuracy,seed/split not verified from recovered log,,,,,,,
log,data/result_scan_loss/results_logs_loss_ohsinglora/ohsinglora_caltech101_4shot_ce_ls_LAMBDA_O0.03.log,DATA-0754,F203D41A95DA6FFD50DA60BFE25CC3939B8891CDC76BD324FD18EF5D62E09602,result_scan_loss,ohsinglora,caltech101,4,unknown,,,0.03,ce,95.62,93.31,./checkpoints/ohsinglora/ViT-B16/caltech101/4shots/seed1/adapter_weights.pt,,2654,recovered_log_final_accuracy,seed/split not verified from recovered log,,,,,,,
log,data/result_scan_loss/results_logs_loss_ohsinglora/ohsinglora_caltech101_4shot_ce_maxent_LAMBDA_O0.03.log,DATA-0755,2FB1BE42756C7677CAA64688DD2D0D5F78AE5A17AA5FD64FA8FC86131933A567,result_scan_loss,ohsinglora,caltech101,4,unknown,,,0.03,ce,95.58,93.31,./checkpoints/ohsinglora/ViT-B16/caltech101/4shots/seed1/adapter_weights.pt,,2654,recovered_log_final_accuracy,seed/split not verified from recovered log,,,,,,,
log,data/result_scan_loss/results_logs_loss_ohsinglora/ohsinglora_caltech101_4shot_cosface_LAMBDA_O0.03.log,DATA-0756,554761E764B9F9CCEB51802F4B781255F9D733F6AB8D880813E08BEC5BABD86E,result_scan_loss,ohsinglora,caltech101,4,unknown,,,0.03,cosface,94.04,93.31,./checkpoints/ohsinglora/ViT-B16/caltech101/4shots/seed1/adapter_weights.pt,,2654,recovered_log_final_accuracy,seed/split not verified from recovered log,,,,,,,
log,data/result_scan_loss/results_logs_loss_ohsinglora/ohsinglora_dtd_1shot_arcface_LAMBDA_O0.03.log,DATA-0757,60DC446AAA3E871B34FD58C2A8063943E98B4B04AAED83D7AC0A5DF4A0CE26A9,result_scan_loss,ohsinglora,dtd,1,unknown,,,0.03,arcface,56.62,44.39,./checkpoints/ohsinglora/ViT-B16/dtd/1shots/seed1/adapter_weights.pt,,1533,recovered_log_final_accuracy,seed/split not verified from recovered log,,,,,,,
log,data/result_scan_loss/results_logs_loss_ohsinglora/ohsinglora_dtd_1shot_ce_center_LAMBDA_O0.03.log,DATA-0758,86F7EFF114890C483DB55CCF9086A3E2021405F0F0285283A7E11B80B54800D2,result_scan_loss,ohsinglora,dtd,1,unknown,,,0.03,center,55.38,44.39,./checkpoints/ohsinglora/ViT-B16/dtd/1shots/seed1/adapter_weights.pt,,1535,recovered_log_final_accuracy,seed/split not verified from recovered log,,,,,,,
log,data/result_scan_loss/results_logs_loss_ohsinglora/ohsinglora_dtd_1shot_ce_LAMBDA_O0.03.log,DATA-0759,D05E438A1E92C154A6153E2EDE196518B52012FA35E094A2276E595585B673DC,result_scan_loss,ohsinglora,dtd,1,unknown,,,0.03,ce,54.91,44.39,./checkpoints/ohsinglora/ViT-B16/dtd/1shots/seed1/adapter_weights.pt,,1535,recovered_log_final_accuracy,seed/split not verified from recovered log,,,,,,,
log,data/result_scan_loss/results_logs_loss_ohsinglora/ohsinglora_dtd_1shot_ce_ls_LAMBDA_O0.03.log,DATA-0760,76E45079E4C8BADF2A37C32739A34023A2FF698CC5106BCDBD83B0E3ED628538,result_scan_loss,ohsinglora,dtd,1,unknown,,,0.03,ce,52.07,44.39,./checkpoints/ohsinglora/ViT-B16/dtd/1shots/seed1/adapter_weights.pt,,1535,recovered_log_final_accuracy,seed/split not verified from recovered log,,,,,,,
log,data/result_scan_loss/results_logs_loss_ohsinglora/ohsinglora_dtd_1shot_ce_maxent_LAMBDA_O0.03.log,DATA-0761,6A99444DF5A14236AA7E2567F3544C10F6FFED47FF2C9346F749A0BA434369DB,result_scan_loss,ohsinglora,dtd,1,unknown,,,0.03,ce,54.61,44.39,./checkpoints/ohsinglora/ViT-B16/dtd/1shots/seed1/adapter_weights.pt,,1535,recovered_log_final_accuracy,seed/split not verified from recovered log,,,,,,,
log,data/result_scan_loss/results_logs_loss_ohsinglora/ohsinglora_dtd_1shot_cosface_LAMBDA_O0.03.log,DATA-0762,DD08E79B3B067A777A98C95A8DA2CDE103FF11D7758C55C7EBDFFB1338AE64CF,result_scan_loss,ohsinglora,dtd,1,unknown,,,0.03,cosface,56.62,44.39,./checkpoints/ohsinglora/ViT-B16/dtd/1shots/seed1/adapter_weights.pt,,1533,recovered_log_final_accuracy,seed/split not verified from recovered log,,,,,,,
log,data/result_scan_loss/results_logs_loss_ohsinglora/ohsinglora_dtd_4shot_arcface_LAMBDA_O0.03.log,DATA-0763,825B5842585D11194B7765A1ABB4A3877E31C7C300156A26C24C4DDE3746FB41,result_scan_loss,ohsinglora,dtd,4,unknown,,,0.03,arcface,59.81,44.39,./checkpoints/ohsinglora/ViT-B16/dtd/4shots/seed1/adapter_weights.pt,,3371,recovered_log_final_accuracy,seed/split not verified from recovered log,,,,,,,
log,data/result_scan_loss/results_logs_loss_ohsinglora/ohsinglora_dtd_4shot_ce_center_LAMBDA_O0.03.log,DATA-0764,576652A4537243EA7F07E0942BD3A9AC7647EB693034541E2A9CCBA5237C8AF6,result_scan_loss,ohsinglora,dtd,4,unknown,,,0.03,center,66.49,44.39,./checkpoints/ohsinglora/ViT-B16/dtd/4shots/seed1/adapter_weights.pt,,3371,recovered_log_final_accuracy,seed/split not verified from recovered log,,,,,,,
log,data/result_scan_loss/results_logs_loss_ohsinglora/ohsinglora_dtd_4shot_ce_LAMBDA_O0.03.log,DATA-0765,EAEB668E1A786C8C0FD7734C8D84E26580DC54FDDC5DE2F2917A33A3CD702A33,result_scan_loss,ohsinglora,dtd,4,unknown,,,0.03,ce,65.54,44.39,./checkpoints/ohsinglora/ViT-B16/dtd/4shots/seed1/adapter_weights.pt,,3371,recovered_log_final_accuracy,seed/split not verified from recovered log,,,,,,,
log,data/result_scan_loss/results_logs_loss_ohsinglora/ohsinglora_dtd_4shot_ce_ls_LAMBDA_O0.03.log,DATA-0766,DA29BF8DCA586CDC49EC2802212F79163FF595162C8527C6B40BB361FBC046FD,result_scan_loss,ohsinglora,dtd,4,unknown,,,0.03,ce,63.89,44.39,./checkpoints/ohsinglora/ViT-B16/dtd/4shots/seed1/adapter_weights.pt,,3371,recovered_log_final_accuracy,seed/split not verified from recovered log,,,,,,,
log,data/result_scan_loss/results_logs_loss_ohsinglora/ohsinglora_dtd_4shot_ce_maxent_LAMBDA_O0.03.log,DATA-0767,511283618AA7240117C6B25C0822356CFCBF77348ACAE56649750A0C36CFE4AF,result_scan_loss,ohsinglora,dtd,4,unknown,,,0.03,ce,65.66,44.39,./checkpoints/ohsinglora/ViT-B16/dtd/4shots/seed1/adapter_weights.pt,,3371,recovered_log_final_accuracy,seed/split not verified from recovered log,,,,,,,
log,data/result_scan_loss/results_logs_loss_ohsinglora/ohsinglora_dtd_4shot_cosface_LAMBDA_O0.03.log,DATA-0768,AD7A6C2C70CA41228E413912EBD1C56B9F49718C4ADA061EC4997BCAB6D61147,result_scan_loss,ohsinglora,dtd,4,unknown,,,0.03,cosface,58.33,44.39,./checkpoints/ohsinglora/ViT-B16/dtd/4shots/seed1/adapter_weights.pt,,3371,recovered_log_final_accuracy,seed/split not verified from recovered log,,,,,,,
log,data/result_scan_loss/results_logs_loss_ohsinglora/ohsinglora_eurosat_1shot_arcface_LAMBDA_O0.03.log,DATA-0769,CC7EF4414B15CB64CB85FB07BE0CC2B7433D07C0576583C4944E88C93F3E0024,result_scan_loss,ohsinglora,eurosat,1,unknown,,,0.03,arcface,72.54,42.16,./checkpoints/ohsinglora/ViT-B16/eurosat/1shots/seed1/adapter_weights.pt,,2560,recovered_log_final_accuracy,seed/split not verified from recovered log,,,,,,,
log,data/result_scan_loss/results_logs_loss_ohsinglora/ohsinglora_eurosat_1shot_ce_center_LAMBDA_O0.03.log,DATA-0770,218CB59F8173C16939AA1BA393B6043E1ED6D274435F27C55DA32D764205BDD7,result_scan_loss,ohsinglora,eurosat,1,unknown,,,0.03,center,72.4,42.16,./checkpoints/ohsinglora/ViT-B16/eurosat/1shots/seed1/adapter_weights.pt,,2560,recovered_log_final_accuracy,seed/split not verified from recovered log,,,,,,,
log,data/result_scan_loss/results_logs_loss_ohsinglora/ohsinglora_eurosat_1shot_ce_LAMBDA_O0.03.log,DATA-0771,B5CB3B43536A3C67BAD814EA5EBDF78CE8EB581D84275F7F3DB9E4EDDAC4AB3C,result_scan_loss,ohsinglora,eurosat,1,unknown,,,0.03,ce,72.77,42.16,./checkpoints/ohsinglora/ViT-B16/eurosat/1shots/seed1/adapter_weights.pt,,2560,recovered_log_final_accuracy,seed/split not verified from recovered log,,,,,,,
log,data/result_scan_loss/results_logs_loss_ohsinglora/ohsinglora_eurosat_1shot_ce_ls_LAMBDA_O0.03.log,DATA-0772,D9C872ED1BB8607C4C87D75404EE5BC4F8D1BCEDAE3E0F47D67B917BF5FD1559,result_scan_loss,ohsinglora,eurosat,1,unknown,,,0.03,ce,71.75,42.16,./checkpoints/ohsinglora/ViT-B16/eurosat/1shots/seed1/adapter_weights.pt,,2560,recovered_log_final_accuracy,seed/split not verified from recovered log,,,,,,,
log,data/result_scan_loss/results_logs_loss_ohsinglora/ohsinglora_eurosat_1shot_ce_maxent_LAMBDA_O0.03.log,DATA-0773,88C5D78BB207B5D4BC36F10BB353B29707F217C76795C5055F6C9719A8304430,result_scan_loss,ohsinglora,eurosat,1,unknown,,,0.03,ce,72.48,42.16,./checkpoints/ohsinglora/ViT-B16/eurosat/1shots/seed1/adapter_weights.pt,,2560,recovered_log_final_accuracy,seed/split not verified from recovered log,,,,,,,
log,data/result_scan_loss/results_logs_loss_ohsinglora/ohsinglora_eurosat_1shot_cosface_LAMBDA_O0.03.log,DATA-0774,4B4CB2F41A8D0C2ACC963B0E72F378041C89D3159718EEF4E86F1E2C1FF2B430,result_scan_loss,ohsinglora,eurosat,1,unknown,,,0.03,cosface,72.43,42.16,./checkpoints/ohsinglora/ViT-B16/eurosat/1shots/seed1/adapter_weights.pt,,2560,recovered_log_final_accuracy,seed/split not verified from recovered log,,,,,,,
log,data/result_scan_loss/results_logs_loss_ohsinglora/ohsinglora_eurosat_4shot_arcface_LAMBDA_O0.03.log,DATA-0775,F20FCA716813723B646562EE2EB2FE469DB2E32745E83FF9B660A3C81AD71FCA,result_scan_loss,ohsinglora,eurosat,4,unknown,,,0.03,arcface,88.1,42.16,./checkpoints/ohsinglora/ViT-B16/eurosat/4shots/seed1/adapter_weights.pt,,6060,recovered_log_final_accuracy,seed/split not verified from recovered log,,,,,,,
log,data/result_scan_loss/results_logs_loss_ohsinglora/ohsinglora_eurosat_4shot_ce_center_LAMBDA_O0.03.log,DATA-0776,A8C5FCA0EC92C777D55758A0394CD94CB809A4AFB6D4B2506D9C5A39A5AF4CD8,result_scan_loss,ohsinglora,eurosat,4,unknown,,,0.03,center,89.93,42.16,./checkpoints/ohsinglora/ViT-B16/eurosat/4shots/seed1/adapter_weights.pt,,6060,recovered_log_final_accuracy,seed/split not verified from recovered log,,,,,,,
log,data/result_scan_loss/results_logs_loss_ohsinglora/ohsinglora_eurosat_4shot_ce_LAMBDA_O0.03.log,DATA-0777,3E498B8C5E1AE8D3E1FC1BE2FDEC558DC78EE1620439DC2EACF4E4108215B1FB,result_scan_loss,ohsinglora,eurosat,4,unknown,,,0.03,ce,89.1,42.16,./checkpoints/ohsinglora/ViT-B16/eurosat/4shots/seed1/adapter_weights.pt,,6060,recovered_log_final_accuracy,seed/split not verified from recovered log,,,,,,,
log,data/result_scan_loss/results_logs_loss_ohsinglora/ohsinglora_eurosat_4shot_ce_ls_LAMBDA_O0.03.log,DATA-0778,A42FDE8D021AAB986B414B1A41B5FC90D5E0BA9D51896C73D7063C36BD1E225F,result_scan_loss,ohsinglora,eurosat,4,unknown,,,0.03,ce,89.67,42.16,./checkpoints/ohsinglora/ViT-B16/eurosat/4shots/seed1/adapter_weights.pt,,6060,recovered_log_final_accuracy,seed/split not verified from recovered log,,,,,,,
log,data/result_scan_loss/results_logs_loss_ohsinglora/ohsinglora_eurosat_4shot_ce_maxent_LAMBDA_O0.03.log,DATA-0779,E11B3C1F337714A980502B137C4734DAD90913BF31A058CFBC7007E3DBD0B709,result_scan_loss,ohsinglora,eurosat,4,unknown,,,0.03,ce,87.88,42.16,./checkpoints/ohsinglora/ViT-B16/eurosat/4shots/seed1/adapter_weights.pt,,6060,recovered_log_final_accuracy,seed/split not verified from recovered log,,,,,,,
log,data/result_scan_loss/results_logs_loss_ohsinglora/ohsinglora_eurosat_4shot_cosface_LAMBDA_O0.03.log,DATA-0780,D472D0D44C4301CE4933C8D80EF86F0474F8CB71BAB4391DD93B3C0D9F7537D6,result_scan_loss,ohsinglora,eurosat,4,unknown,,,0.03,cosface,87.64,42.16,./checkpoints/ohsinglora/ViT-B16/eurosat/4shots/seed1/adapter_weights.pt,,6060,recovered_log_final_accuracy,seed/split not verified from recovered log,,,,,,,
log,data/result_scan_loss/results_logs_loss_ohsinglora/ohsinglora_fgvc_1shot_arcface_LAMBDA_O0.03.log,DATA-0781,3BC34772E72374BF58AF787107435F15A6DCE9DB77E9FF1C93A210FCB9FB5851,result_scan_loss,ohsinglora,fgvc,1,unknown,,,0.03,arcface,29.64,23.73,./checkpoints/ohsinglora/ViT-B16/fgvc/1shots/seed1/adapter_weights.pt,,1039,recovered_log_final_accuracy,seed/split not verified from recovered log,,,,,,,
log,data/result_scan_loss/results_logs_loss_ohsinglora/ohsinglora_fgvc_1shot_ce_center_LAMBDA_O0.03.log,DATA-0782,F57120FDD811A87D969D9A95949E53D5647BD9207A238B8390E43FB32A7741A8,result_scan_loss,ohsinglora,fgvc,1,unknown,,,0.03,center,29.19,23.73,./checkpoints/ohsinglora/ViT-B16/fgvc/1shots/seed1/adapter_weights.pt,,1041,recovered_log_final_accuracy,seed/split not verified from recovered log,,,,,,,
log,data/result_scan_loss/results_logs_loss_ohsinglora/ohsinglora_fgvc_1shot_ce_LAMBDA_O0.03.log,DATA-0783,70E0B6A18E3C99695122048430304D0A719CF5C33493BC7A7E386A9126044B50,result_scan_loss,ohsinglora,fgvc,1,unknown,,,0.03,ce,29.73,23.73,./checkpoints/ohsinglora/ViT-B16/fgvc/1shots/seed1/adapter_weights.pt,,1135,recovered_log_final_accuracy,seed/split not verified from recovered log,,,,,,,
log,data/result_scan_loss/results_logs_loss_ohsinglora/ohsinglora_fgvc_1shot_ce_ls_LAMBDA_O0.03.log,DATA-0784,BE3646BA5BEFAD909C65A7F28F6420B073EAB569C78822E9102C163647DDE2FC,result_scan_loss,ohsinglora,fgvc,1,unknown,,,0.03,ce,27.9,23.73,./checkpoints/ohsinglora/ViT-B16/fgvc/1shots/seed1/adapter_weights.pt,,1041,recovered_log_final_accuracy,seed/split not verified from recovered log,,,,,,,
log,data/result_scan_loss/results_logs_loss_ohsinglora/ohsinglora_fgvc_1shot_ce_maxent_LAMBDA_O0.03.log,DATA-0785,900247B8FEA65E0CC6AAD58E2D60EBF83D270ABCC52EB8F078014B9261AF130E,result_scan_loss,ohsinglora,fgvc,1,unknown,,,0.03,ce,29.67,23.73,./checkpoints/ohsinglora/ViT-B16/fgvc/1shots/seed1/adapter_weights.pt,,1041,recovered_log_final_accuracy,seed/split not verified from recovered log,,,,,,,
log,data/result_scan_loss/results_logs_loss_ohsinglora/ohsinglora_fgvc_1shot_cosface_LAMBDA_O0.03.log,DATA-0786,E9C72184C6406C8C12E321861D181C197F9CE463F8113C8D276D280A16D87A9B,result_scan_loss,ohsinglora,fgvc,1,unknown,,,0.03,cosface,29.94,23.73,./checkpoints/ohsinglora/ViT-B16/fgvc/1shots/seed1/adapter_weights.pt,,1039,recovered_log_final_accuracy,seed/split not verified from recovered log,,,,,,,
log,data/result_scan_loss/results_logs_loss_ohsinglora/ohsinglora_fgvc_4shot_arcface_LAMBDA_O0.03.log,DATA-0787,56408EA3AFB8F6F8D9C0A1F52109999BBAF9EEECFBFDB41CEFCABF6634DC4BFD,result_scan_loss,ohsinglora,fgvc,4,unknown,,,0.03,arcface,1.17,23.73,./checkpoints/ohsinglora/ViT-B16/fgvc/4shots/seed1/adapter_weights.pt,,2657,recovered_log_final_accuracy,seed/split not verified from recovered log,,,,,,,
log,data/result_scan_loss/results_logs_loss_ohsinglora/ohsinglora_fgvc_4shot_ce_center_LAMBDA_O0.03.log,DATA-0788,6214B310C3D0A4430D21C23DCE31103FB0F436353EF3DF8B9A4E66D54812D2DC,result_scan_loss,ohsinglora,fgvc,4,unknown,,,0.03,center,38.01,23.73,./checkpoints/ohsinglora/ViT-B16/fgvc/4shots/seed1/adapter_weights.pt,,2657,recovered_log_final_accuracy,seed/split not verified from recovered log,,,,,,,
log,data/result_scan_loss/results_logs_loss_ohsinglora/ohsinglora_fgvc_4shot_ce_LAMBDA_O0.03.log,DATA-0789,4B2102A84B3A92E01BD6461AC02C9F7A7DF4984FEF3C72A8746AD70F9E2DDDEB,result_scan_loss,ohsinglora,fgvc,4,unknown,,,0.03,ce,38.61,23.73,./checkpoints/ohsinglora/ViT-B16/fgvc/4shots/seed1/adapter_weights.pt,,2657,recovered_log_final_accuracy,seed/split not verified from recovered log,,,,,,,
log,data/result_scan_loss/results_logs_loss_ohsinglora/ohsinglora_fgvc_4shot_ce_ls_LAMBDA_O0.03.log,DATA-0790,3D2EC3261CE32E58C5E9AC9676C4503DAE01B913AD9690574C0AFD77D8BFE345,result_scan_loss,ohsinglora,fgvc,4,unknown,,,0.03,ce,36.12,23.73,./checkpoints/ohsinglora/ViT-B16/fgvc/4shots/seed1/adapter_weights.pt,,2657,recovered_log_final_accuracy,seed/split not verified from recovered log,,,,,,,
log,data/result_scan_loss/results_logs_loss_ohsinglora/ohsinglora_fgvc_4shot_ce_maxent_LAMBDA_O0.03.log,DATA-0791,0DA3F06300D460C3A707C1C69AB88EDCEF90315420F8F1933EF4954316BA8DDF,result_scan_loss,ohsinglora,fgvc,4,unknown,,,0.03,ce,38.46,23.73,./checkpoints/ohsinglora/ViT-B16/fgvc/4shots/seed1/adapter_weights.pt,,2657,recovered_log_final_accuracy,seed/split not verified from recovered log,,,,,,,
log,data/result_scan_loss/results_logs_loss_ohsinglora/ohsinglora_fgvc_4shot_cosface_LAMBDA_O0.03.log,DATA-0792,0239650E5BC6F3AC365D378E5A6BDF9D1819838E7226E5C8AE1A5AA18451DC39,result_scan_loss,ohsinglora,fgvc,4,unknown,,,0.03,cosface,39.54,23.73,./checkpoints/ohsinglora/ViT-B16/fgvc/4shots/seed1/adapter_weights.pt,,2657,recovered_log_final_accuracy,seed/split not verified from recovered log,,,,,,,
log,data/result_scan_loss/results_logs_loss_ohsinglora/ohsinglora_food101_1shot_arcface_LAMBDA_O0.03.log,DATA-0793,6FF9EB1E177271BFB82C8BF2BCA8F3F485863EA9C99C82746C9A206C8F7F4DBB,result_scan_loss,ohsinglora,food101,1,unknown,,,0.03,arcface,84.35,85.26,./checkpoints/ohsinglora/ViT-B16/food101/1shots/seed1/adapter_weights.pt,,1145,recovered_log_final_accuracy,seed/split not verified from recovered log,,,,,,,
log,data/result_scan_loss/results_logs_loss_ohsinglora/ohsinglora_food101_1shot_ce_center_LAMBDA_O0.03.log,DATA-0794,FBB8561A80B93531094DDBA44442E384EF471C6DD5FA17F1CE986FBDCB8D6D62,result_scan_loss,ohsinglora,food101,1,unknown,,,0.03,center,85.65,85.26,./checkpoints/ohsinglora/ViT-B16/food101/1shots/seed1/adapter_weights.pt,,1147,recovered_log_final_accuracy,seed/split not verified from recovered log,,,,,,,
log,data/result_scan_loss/results_logs_loss_ohsinglora/ohsinglora_food101_1shot_ce_LAMBDA_O0.03.log,DATA-0795,F869F3CF5BF984D4B5A6AD058D7926D5CB8FA755E3ED09530161B05F7E4841DB,result_scan_loss,ohsinglora,food101,1,unknown,,,0.03,ce,85.49,85.26,./checkpoints/ohsinglora/ViT-B16/food101/1shots/seed1/adapter_weights.pt,,1147,recovered_log_final_accuracy,seed/split not verified from recovered log,,,,,,,
log,data/result_scan_loss/results_logs_loss_ohsinglora/ohsinglora_food101_1shot_ce_ls_LAMBDA_O0.03.log,DATA-0796,7647F23FEA7915AF1F6C8B8C8239BF2448069D67C036BB6C75FB3562BF73161F,result_scan_loss,ohsinglora,food101,1,unknown,,,0.03,ce,85.31,85.26,./checkpoints/ohsinglora/ViT-B16/food101/1shots/seed1/adapter_weights.pt,,1147,recovered_log_final_accuracy,seed/split not verified from recovered log,,,,,,,
log,data/result_scan_loss/results_logs_loss_ohsinglora/ohsinglora_food101_1shot_ce_maxent_LAMBDA_O0.03.log,DATA-0797,94DA43E57B1191F1E9E8236FADB976656E8AE70E344E3C94FCF0BEB49ABBC31E,result_scan_loss,ohsinglora,food101,1,unknown,,,0.03,ce,85.47,85.26,./checkpoints/ohsinglora/ViT-B16/food101/1shots/seed1/adapter_weights.pt,,1147,recovered_log_final_accuracy,seed/split not verified from recovered log,,,,,,,
log,data/result_scan_loss/results_logs_loss_ohsinglora/ohsinglora_food101_1shot_cosface_LAMBDA_O0.03.log,DATA-0798,7905B09945769175FE658B6D7D06D38FBB79A67FD416FCAE9664B53F7106BFDC,result_scan_loss,ohsinglora,food101,1,unknown,,,0.03,cosface,84.4,85.26,./checkpoints/ohsinglora/ViT-B16/food101/1shots/seed1/adapter_weights.pt,,1145,recovered_log_final_accuracy,seed/split not verified from recovered log,,,,,,,
log,data/result_scan_loss/results_logs_loss_ohsinglora/ohsinglora_food101_4shot_arcface_LAMBDA_O0.03.log,DATA-0799,F3B7EFF17800802F3D8C4D198E642B0621F167C414BB1AD135A8306E9AA98AB9,result_scan_loss,ohsinglora,food101,4,unknown,,,0.03,arcface,79.98,85.26,./checkpoints/ohsinglora/ViT-B16/food101/4shots/seed1/adapter_weights.pt,,2763,recovered_log_final_accuracy,seed/split not verified from recovered log,,,,,,,
log,data/result_scan_loss/results_logs_loss_ohsinglora/ohsinglora_food101_4shot_ce_center_LAMBDA_O0.03.log,DATA-0800,5F193DDA8A9CFB49DDFF56E476517879687ED0E6689038ADB80C3DA620CC1419,result_scan_loss,ohsinglora,food101,4,unknown,,,0.03,center,84.03,85.26,./checkpoints/ohsinglora/ViT-B16/food101/4shots/seed1/adapter_weights.pt,,2763,recovered_log_final_accuracy,seed/split not verified from recovered log,,,,,,,
log,data/result_scan_loss/results_logs_loss_ohsinglora/ohsinglora_food101_4shot_ce_LAMBDA_O0.03.log,DATA-0801,0572CBB9FA756F2EBC7B380E622B22FD9FE07323BFC2CFE5023CFE99783357A4,result_scan_loss,ohsinglora,food101,4,unknown,,,0.03,ce,84.29,85.26,./checkpoints/ohsinglora/ViT-B16/food101/4shots/seed1/adapter_weights.pt,,2763,recovered_log_final_accuracy,seed/split not verified from recovered log,,,,,,,
log,data/result_scan_loss/results_logs_loss_ohsinglora/ohsinglora_food101_4shot_ce_ls_LAMBDA_O0.03.log,DATA-0802,867D82138484FE2E8A2C09C06839D5F1A91BE71116838DCC0FEE913F4584C884,result_scan_loss,ohsinglora,food101,4,unknown,,,0.03,ce,82.89,85.26,./checkpoints/ohsinglora/ViT-B16/food101/4shots/seed1/adapter_weights.pt,,2763,recovered_log_final_accuracy,seed/split not verified from recovered log,,,,,,,
log,data/result_scan_loss/results_logs_loss_ohsinglora/ohsinglora_food101_4shot_ce_maxent_LAMBDA_O0.03.log,DATA-0803,73CAD3B73C96573AD18DBAB5C564EFEEC8584FF120DC045BB3490DB182FE1DDD,result_scan_loss,ohsinglora,food101,4,unknown,,,0.03,ce,84.37,85.26,./checkpoints/ohsinglora/ViT-B16/food101/4shots/seed1/adapter_weights.pt,,2763,recovered_log_final_accuracy,seed/split not verified from recovered log,,,,,,,
log,data/result_scan_loss/results_logs_loss_ohsinglora/ohsinglora_food101_4shot_cosface_LAMBDA_O0.03.log,DATA-0804,E2DEBF18DC0E8F4E7E9C5BADF0F27991D4E554F1A0128E1EA649163B69DE6755,result_scan_loss,ohsinglora,food101,4,unknown,,,0.03,cosface,79.59,85.26,./checkpoints/ohsinglora/ViT-B16/food101/4shots/seed1/adapter_weights.pt,,2763,recovered_log_final_accuracy,seed/split not verified from recovered log,,,,,,,
log,data/result_scan_loss/results_logs_loss_ohsinglora/ohsinglora_oxford_flowers_1shot_arcface_LAMBDA_O0.03.log,DATA-0805,085D41A1E5913CEC6F231BF9F36E53F4130E0EB05A096B83648E1618DDF7FC89,result_scan_loss,ohsinglora,oxford_flowers,1,unknown,,,0.03,arcface,77.06,67.4,./checkpoints/ohsinglora/ViT-B16/oxford_flowers/1shots/seed1/adapter_weights.pt,,1038,recovered_log_final_accuracy,seed/split not verified from recovered log,,,,,,,
log,data/result_scan_loss/results_logs_loss_ohsinglora/ohsinglora_oxford_flowers_1shot_ce_center_LAMBDA_O0.03.log,DATA-0806,B7F945BFB89D32113A7053E17E5510C747BABF247967B84DEB71D4D71354AF85,result_scan_loss,ohsinglora,oxford_flowers,1,unknown,,,0.03,center,82.54,67.4,./checkpoints/ohsinglora/ViT-B16/oxford_flowers/1shots/seed1/adapter_weights.pt,,1038,recovered_log_final_accuracy,seed/split not verified from recovered log,,,,,,,
log,data/result_scan_loss/results_logs_loss_ohsinglora/ohsinglora_oxford_flowers_1shot_ce_LAMBDA_O0.03.log,DATA-0807,6F52D4031C1EBFB8BF73313F6879B02C65DED1022AF334772ACF3D0AAB3764D4,result_scan_loss,ohsinglora,oxford_flowers,1,unknown,,,0.03,ce,82.79,67.4,./checkpoints/ohsinglora/ViT-B16/oxford_flowers/1shots/seed1/adapter_weights.pt,,1038,recovered_log_final_accuracy,seed/split not verified from recovered log,,,,,,,
log,data/result_scan_loss/results_logs_loss_ohsinglora/ohsinglora_oxford_flowers_1shot_ce_ls_LAMBDA_O0.03.log,DATA-0808,1F18D567C4B3C04A53771AFA9DD53F3C4C142567311ABF6CF1F012DD8D5541DF,result_scan_loss,ohsinglora,oxford_flowers,1,unknown,,,0.03,ce,83.03,67.4,./checkpoints/ohsinglora/ViT-B16/oxford_flowers/1shots/seed1/adapter_weights.pt,,1038,recovered_log_final_accuracy,seed/split not verified from recovered log,,,,,,,
log,data/result_scan_loss/results_logs_loss_ohsinglora/ohsinglora_oxford_flowers_1shot_ce_maxent_LAMBDA_O0.03.log,DATA-0809,45F2AB689381CFFA6E46C9F771EB78904AC3948AEFE7C5AB16E74B8C3D84D002,result_scan_loss,ohsinglora,oxford_flowers,1,unknown,,,0.03,ce,82.66,67.4,./checkpoints/ohsinglora/ViT-B16/oxford_flowers/1shots/seed1/adapter_weights.pt,,1038,recovered_log_final_accuracy,seed/split not verified from recovered log,,,,,,,
log,data/result_scan_loss/results_logs_loss_ohsinglora/ohsinglora_oxford_flowers_1shot_cosface_LAMBDA_O0.03.log,DATA-0810,DC6B1947B9B29FBBA35B7A638606C1E801A62D27C14ABFF5B15D1AE2D53D2AAD,result_scan_loss,ohsinglora,oxford_flowers,1,unknown,,,0.03,cosface,76.94,67.4,./checkpoints/ohsinglora/ViT-B16/oxford_flowers/1shots/seed1/adapter_weights.pt,,1036,recovered_log_final_accuracy,seed/split not verified from recovered log,,,,,,,
log,data/result_scan_loss/results_logs_loss_ohsinglora/ohsinglora_oxford_flowers_4shot_arcface_LAMBDA_O0.03.log,DATA-0811,AF8B7AB912B162DC7C74A6305700125FC94BDCD0D0AF6FA0E66D347C3B5EDC81,result_scan_loss,ohsinglora,oxford_flowers,4,unknown,,,0.03,arcface,91.88,67.4,./checkpoints/ohsinglora/ViT-B16/oxford_flowers/4shots/seed1/adapter_weights.pt,,2656,recovered_log_final_accuracy,seed/split not verified from recovered log,,,,,,,
log,data/result_scan_loss/results_logs_loss_ohsinglora/ohsinglora_oxford_flowers_4shot_ce_center_LAMBDA_O0.03.log,DATA-0812,E96FF0AF9FB0C2975C1F73BC9D7EB867B8044CBCD03D359F1C5FA2147A53581B,result_scan_loss,ohsinglora,oxford_flowers,4,unknown,,,0.03,center,93.22,67.4,./checkpoints/ohsinglora/ViT-B16/oxford_flowers/4shots/seed1/adapter_weights.pt,,2656,recovered_log_final_accuracy,seed/split not verified from recovered log,,,,,,,
log,data/result_scan_loss/results_logs_loss_ohsinglora/ohsinglora_oxford_flowers_4shot_ce_LAMBDA_O0.03.log,DATA-0813,1BF450C424979557879FCC06976C501F7EFD5D6516F4D12629C873F0FB210452,result_scan_loss,ohsinglora,oxford_flowers,4,unknown,,,0.03,ce,93.42,67.4,./checkpoints/ohsinglora/ViT-B16/oxford_flowers/4shots/seed1/adapter_weights.pt,,2656,recovered_log_final_accuracy,seed/split not verified from recovered log,,,,,,,
log,data/result_scan_loss/results_logs_loss_ohsinglora/ohsinglora_oxford_flowers_4shot_ce_ls_LAMBDA_O0.03.log,DATA-0814,B2A70CA3CCC1CD6C7F5252D29BEAEF97E5E763300C5B19809AB69DB0039030B7,result_scan_loss,ohsinglora,oxford_flowers,4,unknown,,,0.03,ce,93.75,67.4,./checkpoints/ohsinglora/ViT-B16/oxford_flowers/4shots/seed1/adapter_weights.pt,,2656,recovered_log_final_accuracy,seed/split not verified from recovered log,,,,,,,
log,data/result_scan_loss/results_logs_loss_ohsinglora/ohsinglora_oxford_flowers_4shot_ce_maxent_LAMBDA_O0.03.log,DATA-0815,F68071F379CDC9B6B8899F1F731C99570DF69F2AFBAA198738ECA0F92591EC85,result_scan_loss,ohsinglora,oxford_flowers,4,unknown,,,0.03,ce,93.38,67.4,./checkpoints/ohsinglora/ViT-B16/oxford_flowers/4shots/seed1/adapter_weights.pt,,2656,recovered_log_final_accuracy,seed/split not verified from recovered log,,,,,,,
log,data/result_scan_loss/results_logs_loss_ohsinglora/ohsinglora_oxford_flowers_4shot_cosface_LAMBDA_O0.03.log,DATA-0816,FC4919E9A55BAE8217DFE96C774FB4C7E1CD30FCFA4FA45D11E4B8993F94587B,result_scan_loss,ohsinglora,oxford_flowers,4,unknown,,,0.03,cosface,92.45,67.4,./checkpoints/ohsinglora/ViT-B16/oxford_flowers/4shots/seed1/adapter_weights.pt,,2656,recovered_log_final_accuracy,seed/split not verified from recovered log,,,,,,,
log,data/result_scan_loss/results_logs_loss_ohsinglora/ohsinglora_oxford_pets_1shot_arcface_LAMBDA_O0.03.log,DATA-0817,0DEC543F6A48DA6263A4B7773C43EC845BE98996AEA3261404A6DA8E89409F5B,result_scan_loss,ohsinglora,oxford_pets,1,unknown,,,0.03,arcface,86.48,88.2,./checkpoints/ohsinglora/ViT-B16/oxford_pets/1shots/seed1/adapter_weights.pt,,1541,recovered_log_final_accuracy,seed/split not verified from recovered log,,,,,,,
log,data/result_scan_loss/results_logs_loss_ohsinglora/ohsinglora_oxford_pets_1shot_ce_center_LAMBDA_O0.03.log,DATA-0818,005A7A44A6319DA14F671E3C59D6E858FF0542A2FE5213C8B596FFB0EF89BCB5,result_scan_loss,ohsinglora,oxford_pets,1,unknown,,,0.03,center,91.77,88.2,./checkpoints/ohsinglora/ViT-B16/oxford_pets/1shots/seed1/adapter_weights.pt,,1543,recovered_log_final_accuracy,seed/split not verified from recovered log,,,,,,,
log,data/result_scan_loss/results_logs_loss_ohsinglora/ohsinglora_oxford_pets_1shot_ce_LAMBDA_O0.03.log,DATA-0819,C96BEC9E71FE6A190B9A68EF74E35FAD550E8BC584354EB853F3439ABC25BF84,result_scan_loss,ohsinglora,oxford_pets,1,unknown,,,0.03,ce,92.34,88.2,./checkpoints/ohsinglora/ViT-B16/oxford_pets/1shots/seed1/adapter_weights.pt,,1543,recovered_log_final_accuracy,seed/split not verified from recovered log,,,,,,,
log,data/result_scan_loss/results_logs_loss_ohsinglora/ohsinglora_oxford_pets_1shot_ce_ls_LAMBDA_O0.03.log,DATA-0820,A1A43DCDAC85BCF7FB56AFB387056E44DC9C8AECCF6149464CE577FAFE902BA7,result_scan_loss,ohsinglora,oxford_pets,1,unknown,,,0.03,ce,88.03,88.2,./checkpoints/ohsinglora/ViT-B16/oxford_pets/1shots/seed1/adapter_weights.pt,,1543,recovered_log_final_accuracy,seed/split not verified from recovered log,,,,,,,
log,data/result_scan_loss/results_logs_loss_ohsinglora/ohsinglora_oxford_pets_1shot_ce_maxent_LAMBDA_O0.03.log,DATA-0821,2229167DA421F014C18F64A37F7ABEF3717682D24FCBF1670B936368D37E17BB,result_scan_loss,ohsinglora,oxford_pets,1,unknown,,,0.03,ce,92.37,88.2,./checkpoints/ohsinglora/ViT-B16/oxford_pets/1shots/seed1/adapter_weights.pt,,1543,recovered_log_final_accuracy,seed/split not verified from recovered log,,,,,,,
log,data/result_scan_loss/results_logs_loss_ohsinglora/ohsinglora_oxford_pets_1shot_cosface_LAMBDA_O0.03.log,DATA-0822,5B81C8FD63AE5F8277F299B36E5BA0B3911280256BD5DE8E3E2E584763D39AD4,result_scan_loss,ohsinglora,oxford_pets,1,unknown,,,0.03,cosface,85.8,88.2,./checkpoints/ohsinglora/ViT-B16/oxford_pets/1shots/seed1/adapter_weights.pt,,1541,recovered_log_final_accuracy,seed/split not verified from recovered log,,,,,,,
log,data/result_scan_loss/results_logs_loss_ohsinglora/ohsinglora_oxford_pets_4shot_arcface_LAMBDA_O0.03.log,DATA-0823,5FF371CD91842A681A4ACEFC2640A954FE33D92DAFE71D4828EDCDF0A8CF3D1D,result_scan_loss,ohsinglora,oxford_pets,4,unknown,,,0.03,arcface,86.18,88.2,./checkpoints/ohsinglora/ViT-B16/oxford_pets/4shots/seed1/adapter_weights.pt,,3645,recovered_log_final_accuracy,seed/split not verified from recovered log,,,,,,,
log,data/result_scan_loss/results_logs_loss_ohsinglora/ohsinglora_oxford_pets_4shot_ce_center_LAMBDA_O0.03.log,DATA-0824,9F1C7AA872533CE6DCA321805DDB83502615C3F3C0B218EBEF4D5360A3B06318,result_scan_loss,ohsinglora,oxford_pets,4,unknown,,,0.03,center,91.22,88.2,./checkpoints/ohsinglora/ViT-B16/oxford_pets/4shots/seed1/adapter_weights.pt,,3645,recovered_log_final_accuracy,seed/split not verified from recovered log,,,,,,,
log,data/result_scan_loss/results_logs_loss_ohsinglora/ohsinglora_oxford_pets_4shot_ce_LAMBDA_O0.03.log,DATA-0825,8D19F0BEE41202245EF0A8418E9E348FEF928113C8299BD05487CB39DD126FB0,result_scan_loss,ohsinglora,oxford_pets,4,unknown,,,0.03,ce,92.2,88.2,./checkpoints/ohsinglora/ViT-B16/oxford_pets/4shots/seed1/adapter_weights.pt,,3645,recovered_log_final_accuracy,seed/split not verified from recovered log,,,,,,,
log,data/result_scan_loss/results_logs_loss_ohsinglora/ohsinglora_oxford_pets_4shot_ce_ls_LAMBDA_O0.03.log,DATA-0826,6516A72979B258D98A849D48C7D073A203804D49F293C92B717B1D0104CD0813,result_scan_loss,ohsinglora,oxford_pets,4,unknown,,,0.03,ce,85.17,88.2,./checkpoints/ohsinglora/ViT-B16/oxford_pets/4shots/seed1/adapter_weights.pt,,3645,recovered_log_final_accuracy,seed/split not verified from recovered log,,,,,,,
log,data/result_scan_loss/results_logs_loss_ohsinglora/ohsinglora_oxford_pets_4shot_ce_maxent_LAMBDA_O0.03.log,DATA-0827,4B301FF41B5C466CE653FF2A188E8059ABD3B8DCA104C603CAEA6573AA7A1C2B,result_scan_loss,ohsinglora,oxford_pets,4,unknown,,,0.03,ce,92.12,88.2,./checkpoints/ohsinglora/ViT-B16/oxford_pets/4shots/seed1/adapter_weights.pt,,3645,recovered_log_final_accuracy,seed/split not verified from recovered log,,,,,,,
log,data/result_scan_loss/results_logs_loss_ohsinglora/ohsinglora_oxford_pets_4shot_cosface_LAMBDA_O0.03.log,DATA-0828,D30489F1C58C32BC313E3F1E2638D6BF417567C7B463C1E6194A8D08FCC2CA3B,result_scan_loss,ohsinglora,oxford_pets,4,unknown,,,0.03,cosface,86.21,88.2,./checkpoints/ohsinglora/ViT-B16/oxford_pets/4shots/seed1/adapter_weights.pt,,3645,recovered_log_final_accuracy,seed/split not verified from recovered log,,,,,,,
log,data/result_scan_loss/results_logs_loss_ohsinglora/ohsinglora_ucf101_1shot_arcface_LAMBDA_O0.03.log,DATA-0829,DEED027A053016EF05DDD1E68D4BB8044B6412921AE0F8C52FDD376ABA015A8C,result_scan_loss,ohsinglora,ucf101,1,unknown,,,0.03,arcface,73.33,65.21,./checkpoints/ohsinglora/ViT-B16/ucf101/1shots/seed1/adapter_weights.pt,,1042,recovered_log_final_accuracy,seed/split not verified from recovered log,,,,,,,
log,data/result_scan_loss/results_logs_loss_ohsinglora/ohsinglora_ucf101_1shot_ce_center_LAMBDA_O0.03.log,DATA-0830,FAEE47983DC4D4ACB679491D7A137065DF1780A5612C8215F95905249AAC099D,result_scan_loss,ohsinglora,ucf101,1,unknown,,,0.03,center,75.89,65.21,./checkpoints/ohsinglora/ViT-B16/ucf101/1shots/seed1/adapter_weights.pt,,1044,recovered_log_final_accuracy,seed/split not verified from recovered log,,,,,,,
log,data/result_scan_loss/results_logs_loss_ohsinglora/ohsinglora_ucf101_1shot_ce_LAMBDA_O0.03.log,DATA-0831,EB1A260806E999F138EA5EAA0AA7E794B23D37A533064180E8331A2B3E457AB0,result_scan_loss,ohsinglora,ucf101,1,unknown,,,0.03,ce,75.6,65.21,./checkpoints/ohsinglora/ViT-B16/ucf101/1shots/seed1/adapter_weights.pt,,1044,recovered_log_final_accuracy,seed/split not verified from recovered log,,,,,,,
log,data/result_scan_loss/results_logs_loss_ohsinglora/ohsinglora_ucf101_1shot_ce_ls_LAMBDA_O0.03.log,DATA-0832,F83D5B2A78976A0DEFA5C8CF371BD80C1A385D2FF04FA1E1758C5B9C606B1346,result_scan_loss,ohsinglora,ucf101,1,unknown,,,0.03,ce,74.65,65.21,./checkpoints/ohsinglora/ViT-B16/ucf101/1shots/seed1/adapter_weights.pt,,1044,recovered_log_final_accuracy,seed/split not verified from recovered log,,,,,,,
log,data/result_scan_loss/results_logs_loss_ohsinglora/ohsinglora_ucf101_1shot_ce_maxent_LAMBDA_O0.03.log,DATA-0833,5BED6B9FAB783F923F022971014568219BB3E5D45033F8AC1021C05490BF5EB2,result_scan_loss,ohsinglora,ucf101,1,unknown,,,0.03,ce,75.36,65.21,./checkpoints/ohsinglora/ViT-B16/ucf101/1shots/seed1/adapter_weights.pt,,1044,recovered_log_final_accuracy,seed/split not verified from recovered log,,,,,,,
log,data/result_scan_loss/results_logs_loss_ohsinglora/ohsinglora_ucf101_1shot_cosface_LAMBDA_O0.03.log,DATA-0834,D3088FC50A9E9A416ED45C9996E6B647A1D4C96FECBF390AA574D97C47487723,result_scan_loss,ohsinglora,ucf101,1,unknown,,,0.03,cosface,73.46,65.21,./checkpoints/ohsinglora/ViT-B16/ucf101/1shots/seed1/adapter_weights.pt,,1042,recovered_log_final_accuracy,seed/split not verified from recovered log,,,,,,,
log,data/result_scan_loss/results_logs_loss_ohsinglora/ohsinglora_ucf101_4shot_arcface_LAMBDA_O0.03.log,DATA-0835,D0B07CB874C7B4A3FBD463F3168B56AAE4FCF9FAC6DE0E15F934F1977DE754AE,result_scan_loss,ohsinglora,ucf101,4,unknown,,,0.03,arcface,80.15,65.21,./checkpoints/ohsinglora/ViT-B16/ucf101/4shots/seed1/adapter_weights.pt,,2662,recovered_log_final_accuracy,seed/split not verified from recovered log,,,,,,,
log,data/result_scan_loss/results_logs_loss_ohsinglora/ohsinglora_ucf101_4shot_ce_center_LAMBDA_O0.03.log,DATA-0836,8A82133EBC0311F0E9D7910931E598E727CD25F7546FF5E4AB2F2F4086DA3313,result_scan_loss,ohsinglora,ucf101,4,unknown,,,0.03,center,80.44,65.21,./checkpoints/ohsinglora/ViT-B16/ucf101/4shots/seed1/adapter_weights.pt,,2662,recovered_log_final_accuracy,seed/split not verified from recovered log,,,,,,,
log,data/result_scan_loss/results_logs_loss_ohsinglora/ohsinglora_ucf101_4shot_ce_LAMBDA_O0.03.log,DATA-0837,2D448DB2F8651730930922E6005F507B9B2525D96E52A62F73EF9B26095364D9,result_scan_loss,ohsinglora,ucf101,4,unknown,,,0.03,ce,80.91,65.21,./checkpoints/ohsinglora/ViT-B16/ucf101/4shots/seed1/adapter_weights.pt,,2662,recovered_log_final_accuracy,seed/split not verified from recovered log,,,,,,,
log,data/result_scan_loss/results_logs_loss_ohsinglora/ohsinglora_ucf101_4shot_ce_ls_LAMBDA_O0.03.log,DATA-0838,BC6C9070137C93B78D2ED98E413CCB694F00B2AE294951EF4B44EBBF8C98CD01,result_scan_loss,ohsinglora,ucf101,4,unknown,,,0.03,ce,80.15,65.21,./checkpoints/ohsinglora/ViT-B16/ucf101/4shots/seed1/adapter_weights.pt,,2662,recovered_log_final_accuracy,seed/split not verified from recovered log,,,,,,,
log,data/result_scan_loss/results_logs_loss_ohsinglora/ohsinglora_ucf101_4shot_ce_maxent_LAMBDA_O0.03.log,DATA-0839,6285A5CB730FD806E42D2F84EECA1921DC54C6D890849F58829E27E98F3C93E7,result_scan_loss,ohsinglora,ucf101,4,unknown,,,0.03,ce,80.86,65.21,./checkpoints/ohsinglora/ViT-B16/ucf101/4shots/seed1/adapter_weights.pt,,2662,recovered_log_final_accuracy,seed/split not verified from recovered log,,,,,,,
log,data/result_scan_loss/results_logs_loss_ohsinglora/ohsinglora_ucf101_4shot_cosface_LAMBDA_O0.03.log,DATA-0840,3800E02B8CC7796D0178C6458BB832E9C787AA1BFDB56EDF5A0250C166604893,result_scan_loss,ohsinglora,ucf101,4,unknown,,,0.03,cosface,80.68,65.21,./checkpoints/ohsinglora/ViT-B16/ucf101/4shots/seed1/adapter_weights.pt,,2662,recovered_log_final_accuracy,seed/split not verified from recovered log,,,,,,,
log,data/results_ablation_heads_lambda/ohsinglora_caltech101_16shot_R4_H1_Lo0.log,DATA-0841,57879228F23E5C98B78F9BAA11570693B06AB666D9C4CEC27CF7DCAD07EBE5E3,results_ablation_heads_lambda,ohsinglora,caltech101,16,unknown,4,1,0.0,,96.35,93.31,/root/checkpoints/ohsinglora/ViT-B16/caltech101/16shots/seed1/adapter_weights.pt,,8691,recovered_log_final_accuracy,seed/split not verified from recovered log,,,,,,,
log,data/results_ablation_heads_lambda/ohsinglora_caltech101_16shot_R4_H2_Lo0.01.log,DATA-0842,E3FEEA0CAB454950DF759B25AB5A25A649AB2B5E442E49DCDE9511EEEAB6B840,results_ablation_heads_lambda,ohsinglora,caltech101,16,unknown,4,2,0.01,,96.27,93.31,/root/checkpoints/ohsinglora/ViT-B16/caltech101/16shots/seed1/adapter_weights.pt,,8690,recovered_log_final_accuracy,seed/split not verified from recovered log,,,,,,,
log,data/results_ablation_heads_lambda/ohsinglora_caltech101_16shot_R4_H2_Lo0.03.log,DATA-0843,D6D80BFBEE62D5A3913CA95C6D0D9623A6F4CEFE05556F1BCE162E9C287EC056,results_ablation_heads_lambda,ohsinglora,caltech101,16,unknown,4,2,0.03,,96.15,93.31,/root/checkpoints/ohsinglora/ViT-B16/caltech101/16shots/seed1/adapter_weights.pt,,8691,recovered_log_final_accuracy,seed/split not verified from recovered log,,,,,,,
log,data/results_ablation_heads_lambda/ohsinglora_caltech101_16shot_R4_H2_Lo0.05.log,DATA-0844,330BC6006369558D036C518ABF252DBC8D9C2388E455AA6B32D733B2E8F535EC,results_ablation_heads_lambda,ohsinglora,caltech101,16,unknown,4,2,0.05,,96.15,93.31,/root/checkpoints/ohsinglora/ViT-B16/caltech101/16shots/seed1/adapter_weights.pt,,8690,recovered_log_final_accuracy,seed/split not verified from recovered log,,,,,,,
log,data/results_ablation_heads_lambda/ohsinglora_caltech101_16shot_R4_H2_Lo0.1.log,DATA-0845,B9A7F95315380EE0F7C4E30B6837C6A4F9136EFFB73A1ED363A78ACB57BB5445,results_ablation_heads_lambda,ohsinglora,caltech101,16,unknown,4,2,0.1,,96.15,93.31,/root/checkpoints/ohsinglora/ViT-B16/caltech101/16shots/seed1/adapter_weights.pt,,8691,recovered_log_final_accuracy,seed/split not verified from recovered log,,,,,,,
log,data/results_ablation_heads_lambda/ohsinglora_caltech101_16shot_R4_H2_Lo0.log,DATA-0846,C5E0CDC7EFDB3A67108C26C6DEB5F48D8106AE5222CD3FB3992C7C4BC3F32CBA,results_ablation_heads_lambda,ohsinglora,caltech101,16,unknown,4,2,0.0,,96.27,93.31,/root/checkpoints/ohsinglora/ViT-B16/caltech101/16shots/seed1/adapter_weights.pt,,8691,recovered_log_final_accuracy,seed/split not verified from recovered log,,,,,,,
log,data/results_ablation_heads_lambda/ohsinglora_caltech101_16shot_R4_H4_Lo0.01.log,DATA-0847,4F9E76500C2D69984688FEE20A56915285F845DE26D5CE665B5A095338B02E3E,results_ablation_heads_lambda,ohsinglora,caltech101,16,unknown,4,4,0.01,,96.51,93.31,/root/checkpoints/ohsinglora/ViT-B16/caltech101/16shots/seed1/adapter_weights.pt,,8691,recovered_log_final_accuracy,seed/split not verified from recovered log,,,,,,,
log,data/results_ablation_heads_lambda/ohsinglora_caltech101_16shot_R4_H4_Lo0.03.log,DATA-0848,2039F13CB51F00D2D48D4F9CA9016B905D1B260CA1B484B46DE17578A47B2037,results_ablation_heads_lambda,ohsinglora,caltech101,16,unknown,4,4,0.03,,96.55,93.31,/root/checkpoints/ohsinglora/ViT-B16/caltech101/16shots/seed1/adapter_weights.pt,,8691,recovered_log_final_accuracy,seed/split not verified from recovered log,,,,,,,
log,data/results_ablation_heads_lambda/ohsinglora_caltech101_16shot_R4_H4_Lo0.05.log,DATA-0849,D5F543064533384103E19C3EC1DB6DB2FA03185EFCE6A8F10D1D922D62B378D2,results_ablation_heads_lambda,ohsinglora,caltech101,16,unknown,4,4,0.05,,96.55,93.31,/root/checkpoints/ohsinglora/ViT-B16/caltech101/16shots/seed1/adapter_weights.pt,,8691,recovered_log_final_accuracy,seed/split not verified from recovered log,,,,,,,
log,data/results_ablation_heads_lambda/ohsinglora_caltech101_16shot_R4_H4_Lo0.1.log,DATA-0850,DDA301B4A4073EEE6ED1741C9F0D0A3888F945E41445A21CE2CEF5B3B2A15BCD,results_ablation_heads_lambda,ohsinglora,caltech101,16,unknown,4,4,0.1,,96.47,93.31,/root/checkpoints/ohsinglora/ViT-B16/caltech101/16shots/seed1/adapter_weights.pt,,8691,recovered_log_final_accuracy,seed/split not verified from recovered log,,,,,,,
log,data/results_ablation_heads_lambda/ohsinglora_caltech101_16shot_R4_H4_Lo0.log,DATA-0851,3F26179697F4A468FFE956899FB30032A2D6923CD31D3E0B7A74918340D50D38,results_ablation_heads_lambda,ohsinglora,caltech101,16,unknown,4,4,0.0,,96.43,93.31,/root/checkpoints/ohsinglora/ViT-B16/caltech101/16shots/seed1/adapter_weights.pt,,8691,recovered_log_final_accuracy,seed/split not verified from recovered log,,,,,,,
log,data/results_ablation_heads_lambda/ohsinglora_caltech101_1shot_R4_H1_Lo0.log,DATA-0852,F6F9C43CF3100742A15CCC7FE76582630D3EF4798F3CEF7AB550FC9A681ECDD9,results_ablation_heads_lambda,ohsinglora,caltech101,1,unknown,4,1,0.0,,93.83,93.31,/root/checkpoints/ohsinglora/ViT-B16/caltech101/1shots/seed1/adapter_weights.pt,,1051,recovered_log_final_accuracy,seed/split not verified from recovered log,,,,,,,
log,data/results_ablation_heads_lambda/ohsinglora_caltech101_1shot_R4_H2_Lo0.01.log,DATA-0853,4D2798C3F563B52FF9855D7BCF7B80F188BFDA645BFC76445A530666329F060B,results_ablation_heads_lambda,ohsinglora,caltech101,1,unknown,4,2,0.01,,94.16,93.31,/root/checkpoints/ohsinglora/ViT-B16/caltech101/1shots/seed1/adapter_weights.pt,,1050,recovered_log_final_accuracy,seed/split not verified from recovered log,,,,,,,
log,data/results_ablation_heads_lambda/ohsinglora_caltech101_1shot_R4_H2_Lo0.03.log,DATA-0854,CBCB2812CE0BB7543F94CBD0093FDAAD7EF9A5E30B01905664A1FBB19927B9B7,results_ablation_heads_lambda,ohsinglora,caltech101,1,unknown,4,2,0.03,,94.16,93.31,/root/checkpoints/ohsinglora/ViT-B16/caltech101/1shots/seed1/adapter_weights.pt,,1051,recovered_log_final_accuracy,seed/split not verified from recovered log,,,,,,,
log,data/results_ablation_heads_lambda/ohsinglora_caltech101_1shot_R4_H2_Lo0.05.log,DATA-0855,7AD9FCD0FDCCB291D4495028B70BE24EFDAD9B752197D518B97E3A6E2E72D843,results_ablation_heads_lambda,ohsinglora,caltech101,1,unknown,4,2,0.05,,94.16,93.31,/root/checkpoints/ohsinglora/ViT-B16/caltech101/1shots/seed1/adapter_weights.pt,,1051,recovered_log_final_accuracy,seed/split not verified from recovered log,,,,,,,
log,data/results_ablation_heads_lambda/ohsinglora_caltech101_1shot_R4_H2_Lo0.1.log,DATA-0856,096D68F92DB17EA1F71E61C4FE9FD5B1FD44B107E69AE9E3D3892DB7165BF9C6,results_ablation_heads_lambda,ohsinglora,caltech101,1,unknown,4,2,0.1,,94.16,93.31,/root/checkpoints/ohsinglora/ViT-B16/caltech101/1shots/seed1/adapter_weights.pt,,1051,recovered_log_final_accuracy,seed/split not verified from recovered log,,,,,,,
log,data/results_ablation_heads_lambda/ohsinglora_caltech101_1shot_R4_H2_Lo0.log,DATA-0857,2C8705B69AAAFD4B39F8AA910DDF55C580E5FB1D0F254737AAB6D1AD75870E34,results_ablation_heads_lambda,ohsinglora,caltech101,1,unknown,4,2,0.0,,94.16,93.31,/root/checkpoints/ohsinglora/ViT-B16/caltech101/1shots/seed1/adapter_weights.pt,,1051,recovered_log_final_accuracy,seed/split not verified from recovered log,,,,,,,
log,data/results_ablation_heads_lambda/ohsinglora_caltech101_1shot_R4_H4_Lo0.01.log,DATA-0858,E9404B62141AFFF66CA561050223221C5796A0B2049BED3C74FABF63653B537F,results_ablation_heads_lambda,ohsinglora,caltech101,1,unknown,4,4,0.01,,93.96,93.31,/root/checkpoints/ohsinglora/ViT-B16/caltech101/1shots/seed1/adapter_weights.pt,,1051,recovered_log_final_accuracy,seed/split not verified from recovered log,,,,,,,
log,data/results_ablation_heads_lambda/ohsinglora_caltech101_1shot_R4_H4_Lo0.03.log,DATA-0859,6716F30365F57889A4F1CDF9E45AC8164CF0E98BB3A10662A6555F03061FC551,results_ablation_heads_lambda,ohsinglora,caltech101,1,unknown,4,4,0.03,,94.0,93.31,/root/checkpoints/ohsinglora/ViT-B16/caltech101/1shots/seed1/adapter_weights.pt,,1051,recovered_log_final_accuracy,seed/split not verified from recovered log,,,,,,,
log,data/results_ablation_heads_lambda/ohsinglora_caltech101_1shot_R4_H4_Lo0.05.log,DATA-0860,7BBCAD8F37D8EB5EF8A03FA6412A33A0AD356B8EF41022C7C52D928C8742A9F7,results_ablation_heads_lambda,ohsinglora,caltech101,1,unknown,4,4,0.05,,94.04,93.31,/root/checkpoints/ohsinglora/ViT-B16/caltech101/1shots/seed1/adapter_weights.pt,,1051,recovered_log_final_accuracy,seed/split not verified from recovered log,,,,,,,
log,data/results_ablation_heads_lambda/ohsinglora_caltech101_1shot_R4_H4_Lo0.1.log,DATA-0861,0C12D8E557692746383A403B5965102DD0F1685BE42B90DA06F9A0F955C28D6F,results_ablation_heads_lambda,ohsinglora,caltech101,1,unknown,4,4,0.1,,94.0,93.31,/root/checkpoints/ohsinglora/ViT-B16/caltech101/1shots/seed1/adapter_weights.pt,,1051,recovered_log_final_accuracy,seed/split not verified from recovered log,,,,,,,
log,data/results_ablation_heads_lambda/ohsinglora_caltech101_1shot_R4_H4_Lo0.log,DATA-0862,42D3B0EF741FBF7E9DD394902DEA24E1E00A085A559932393E2F88FB3A872991,results_ablation_heads_lambda,ohsinglora,caltech101,1,unknown,4,4,0.0,,94.0,93.31,/root/checkpoints/ohsinglora/ViT-B16/caltech101/1shots/seed1/adapter_weights.pt,,1050,recovered_log_final_accuracy,seed/split not verified from recovered log,,,,,,,
log,data/results_ablation_heads_lambda/ohsinglora_caltech101_4shot_R4_H1_Lo0.log,DATA-0863,92BEF60D20A9F3C6D2643B7D28ACA6CBC9B82BFED4E3D0222A3A3552EFE5DF27,results_ablation_heads_lambda,ohsinglora,caltech101,4,unknown,4,1,0.0,,95.5,93.31,/root/checkpoints/ohsinglora/ViT-B16/caltech101/4shots/seed1/adapter_weights.pt,,2666,recovered_log_final_accuracy,seed/split not verified from recovered log,,,,,,,
log,data/results_ablation_heads_lambda/ohsinglora_caltech101_4shot_R4_H2_Lo0.01.log,DATA-0864,46586E1700D05C96787F3B174F698F8E722F8647D3F94D5105AFAC87C1BD45FA,results_ablation_heads_lambda,ohsinglora,caltech101,4,unknown,4,2,0.01,,95.29,93.31,/root/checkpoints/ohsinglora/ViT-B16/caltech101/4shots/seed1/adapter_weights.pt,,2667,recovered_log_final_accuracy,seed/split not verified from recovered log,,,,,,,
log,data/results_ablation_heads_lambda/ohsinglora_caltech101_4shot_R4_H2_Lo0.03.log,DATA-0865,40587A71C701B4A08C05555105ECBDA8246A69D7248008540D5D30CDBEF6C719,results_ablation_heads_lambda,ohsinglora,caltech101,4,unknown,4,2,0.03,,95.29,93.31,/root/checkpoints/ohsinglora/ViT-B16/caltech101/4shots/seed1/adapter_weights.pt,,2667,recovered_log_final_accuracy,seed/split not verified from recovered log,,,,,,,
log,data/results_ablation_heads_lambda/ohsinglora_caltech101_4shot_R4_H2_Lo0.05.log,DATA-0866,5ECAA3174D1762DF58FE3FBED522FE0D1C677C94D03279827DE9F79683AF8D83,results_ablation_heads_lambda,ohsinglora,caltech101,4,unknown,4,2,0.05,,95.33,93.31,/root/checkpoints/ohsinglora/ViT-B16/caltech101/4shots/seed1/adapter_weights.pt,,2666,recovered_log_final_accuracy,seed/split not verified from recovered log,,,,,,,
log,data/results_ablation_heads_lambda/ohsinglora_caltech101_4shot_R4_H2_Lo0.1.log,DATA-0867,65A9048B8A9228BBD3515CAC85CADCA5BC4416AEC4F7D3605B9FAE9796064D6C,results_ablation_heads_lambda,ohsinglora,caltech101,4,unknown,4,2,0.1,,95.42,93.31,/root/checkpoints/ohsinglora/ViT-B16/caltech101/4shots/seed1/adapter_weights.pt,,2667,recovered_log_final_accuracy,seed/split not verified from recovered log,,,,,,,
log,data/results_ablation_heads_lambda/ohsinglora_caltech101_4shot_R4_H2_Lo0.log,DATA-0868,3F771D8D7EFCF300987E47235D8568E95E4D12AF161C6B8C38C529687DED0B2E,results_ablation_heads_lambda,ohsinglora,caltech101,4,unknown,4,2,0.0,,95.29,93.31,/root/checkpoints/ohsinglora/ViT-B16/caltech101/4shots/seed1/adapter_weights.pt,,2667,recovered_log_final_accuracy,seed/split not verified from recovered log,,,,,,,
log,data/results_ablation_heads_lambda/ohsinglora_caltech101_4shot_R4_H4_Lo0.01.log,DATA-0869,E1D73421D1755875B72A1A2F3A757EF3357BB18C133FA707DB7EC4747923EB24,results_ablation_heads_lambda,ohsinglora,caltech101,4,unknown,4,4,0.01,,95.33,93.31,/root/checkpoints/ohsinglora/ViT-B16/caltech101/4shots/seed1/adapter_weights.pt,,2667,recovered_log_final_accuracy,seed/split not verified from recovered log,,,,,,,
log,data/results_ablation_heads_lambda/ohsinglora_caltech101_4shot_R4_H4_Lo0.03.log,DATA-0870,8217C57C871DF3C9351F3FC5565C692A88B31CE880F51442FD543FBE8CA0A5BF,results_ablation_heads_lambda,ohsinglora,caltech101,4,unknown,4,4,0.03,,95.25,93.31,/root/checkpoints/ohsinglora/ViT-B16/caltech101/4shots/seed1/adapter_weights.pt,,2667,recovered_log_final_accuracy,seed/split not verified from recovered log,,,,,,,
log,data/results_ablation_heads_lambda/ohsinglora_caltech101_4shot_R4_H4_Lo0.05.log,DATA-0871,8FA9091DD71D2E0CCF7E0CEC626EEF90B93ED8F4C41807652C3B122839D49D6A,results_ablation_heads_lambda,ohsinglora,caltech101,4,unknown,4,4,0.05,,95.33,93.31,/root/checkpoints/ohsinglora/ViT-B16/caltech101/4shots/seed1/adapter_weights.pt,,2667,recovered_log_final_accuracy,seed/split not verified from recovered log,,,,,,,
log,data/results_ablation_heads_lambda/ohsinglora_caltech101_4shot_R4_H4_Lo0.1.log,DATA-0872,B76F26C21D64A7A659458FECC04DCCA453FB0EFFA96EF6953074B20D4EAA877A,results_ablation_heads_lambda,ohsinglora,caltech101,4,unknown,4,4,0.1,,95.42,93.31,/root/checkpoints/ohsinglora/ViT-B16/caltech101/4shots/seed1/adapter_weights.pt,,2667,recovered_log_final_accuracy,seed/split not verified from recovered log,,,,,,,
log,data/results_ablation_heads_lambda/ohsinglora_caltech101_4shot_R4_H4_Lo0.log,DATA-0873,18AAE8766A8E71670FC2B51C99028156DF09F597FA31134FDA5C481DADB03CE0,results_ablation_heads_lambda,ohsinglora,caltech101,4,unknown,4,4,0.0,,95.38,93.31,/root/checkpoints/ohsinglora/ViT-B16/caltech101/4shots/seed1/adapter_weights.pt,,2667,recovered_log_final_accuracy,seed/split not verified from recovered log,,,,,,,
log,data/results_ablation_heads_lambda/ohsinglora_eurosat_16shot_R4_H1_Lo0.log,DATA-0874,7698E3E451C078A2568C25C78AB2E47EA9AB3420602A7A4038966F672381EBAB,results_ablation_heads_lambda,ohsinglora,eurosat,16,unknown,4,1,0.0,,91.01,42.16,/root/checkpoints/ohsinglora/ViT-B16/eurosat/16shots/seed1/adapter_weights.pt,,14473,recovered_log_final_accuracy,seed/split not verified from recovered log,,,,,,,
log,data/results_ablation_heads_lambda/ohsinglora_eurosat_16shot_R4_H2_Lo0.01.log,DATA-0875,2B3656D5FBC3DB29512252110AAF8137AD84498749B4354C946F4057B6E633F7,results_ablation_heads_lambda,ohsinglora,eurosat,16,unknown,4,2,0.01,,91.44,42.16,/root/checkpoints/ohsinglora/ViT-B16/eurosat/16shots/seed1/adapter_weights.pt,,14473,recovered_log_final_accuracy,seed/split not verified from recovered log,,,,,,,
log,data/results_ablation_heads_lambda/ohsinglora_eurosat_16shot_R4_H2_Lo0.03.log,DATA-0876,321D09894543759E1D10AFADB542813092AB66C7EF45B005564B02E366CB6D70,results_ablation_heads_lambda,ohsinglora,eurosat,16,unknown,4,2,0.03,,91.41,42.16,/root/checkpoints/ohsinglora/ViT-B16/eurosat/16shots/seed1/adapter_weights.pt,,14473,recovered_log_final_accuracy,seed/split not verified from recovered log,,,,,,,
log,data/results_ablation_heads_lambda/ohsinglora_eurosat_16shot_R4_H2_Lo0.05.log,DATA-0877,DA59348FB6B8CA5742E24A28E24062185234E5DE85069D64C0D13342E339333B,results_ablation_heads_lambda,ohsinglora,eurosat,16,unknown,4,2,0.05,,91.54,42.16,/root/checkpoints/ohsinglora/ViT-B16/eurosat/16shots/seed1/adapter_weights.pt,,14473,recovered_log_final_accuracy,seed/split not verified from recovered log,,,,,,,
log,data/results_ablation_heads_lambda/ohsinglora_eurosat_16shot_R4_H2_Lo0.1.log,DATA-0878,9D471D88FB25C6128A6712ADD2445EE3E785A9801838F90C87A7C1FE5E867AC0,results_ablation_heads_lambda,ohsinglora,eurosat,16,unknown,4,2,0.1,,91.46,42.16,/root/checkpoints/ohsinglora/ViT-B16/eurosat/16shots/seed1/adapter_weights.pt,,14472,recovered_log_final_accuracy,seed/split not verified from recovered log,,,,,,,
log,data/results_ablation_heads_lambda/ohsinglora_eurosat_16shot_R4_H2_Lo0.log,DATA-0879,B7C022BC82833EF730996146D0F1F8F2B79283A841213F5304DE4C1E05CAC057,results_ablation_heads_lambda,ohsinglora,eurosat,16,unknown,4,2,0.0,,91.27,42.16,/root/checkpoints/ohsinglora/ViT-B16/eurosat/16shots/seed1/adapter_weights.pt,,14473,recovered_log_final_accuracy,seed/split not verified from recovered log,,,,,,,
log,data/results_ablation_heads_lambda/ohsinglora_eurosat_16shot_R4_H4_Lo0.01.log,DATA-0880,7656408D7A180D76A084808E2430C07CFAFBF367975703486F1BC436E3F1C094,results_ablation_heads_lambda,ohsinglora,eurosat,16,unknown,4,4,0.01,,90.64,42.16,/root/checkpoints/ohsinglora/ViT-B16/eurosat/16shots/seed1/adapter_weights.pt,,14473,recovered_log_final_accuracy,seed/split not verified from recovered log,,,,,,,
log,data/results_ablation_heads_lambda/ohsinglora_eurosat_16shot_R4_H4_Lo0.03.log,DATA-0881,7FF1A8469B54BC0458783C822E32F580F880922A0F583014B291C3FCCD293724,results_ablation_heads_lambda,ohsinglora,eurosat,16,unknown,4,4,0.03,,90.59,42.16,/root/checkpoints/ohsinglora/ViT-B16/eurosat/16shots/seed1/adapter_weights.pt,,14473,recovered_log_final_accuracy,seed/split not verified from recovered log,,,,,,,
log,data/results_ablation_heads_lambda/ohsinglora_eurosat_16shot_R4_H4_Lo0.05.log,DATA-0882,DA40285B0512676F16EE01F08BCD45F4468AD77B8C832B29539307AA5BA9EA89,results_ablation_heads_lambda,ohsinglora,eurosat,16,unknown,4,4,0.05,,90.48,42.16,/root/checkpoints/ohsinglora/ViT-B16/eurosat/16shots/seed1/adapter_weights.pt,,14473,recovered_log_final_accuracy,seed/split not verified from recovered log,,,,,,,
log,data/results_ablation_heads_lambda/ohsinglora_eurosat_16shot_R4_H4_Lo0.1.log,DATA-0883,65EF5D1EF4374B6EE17938ECBB1B856AD8FDC759B8441D0FFEA2FCE50612A9CC,results_ablation_heads_lambda,ohsinglora,eurosat,16,unknown,4,4,0.1,,90.65,42.16,/root/checkpoints/ohsinglora/ViT-B16/eurosat/16shots/seed1/adapter_weights.pt,,14473,recovered_log_final_accuracy,seed/split not verified from recovered log,,,,,,,
log,data/results_ablation_heads_lambda/ohsinglora_eurosat_16shot_R4_H4_Lo0.log,DATA-0884,5121CEFAAC3623E5B629EAA33B6381899705C08989B9C6F277CCE4D9DC2F66DA,results_ablation_heads_lambda,ohsinglora,eurosat,16,unknown,4,4,0.0,,90.74,42.16,/root/checkpoints/ohsinglora/ViT-B16/eurosat/16shots/seed1/adapter_weights.pt,,14473,recovered_log_final_accuracy,seed/split not verified from recovered log,,,,,,,
log,data/results_ablation_heads_lambda/ohsinglora_eurosat_1shot_R4_H1_Lo0.log,DATA-0885,8ECE03B9A602F391009662EC35F32CBF1886B2932B0A910E1F90DE4767C784E8,results_ablation_heads_lambda,ohsinglora,eurosat,1,unknown,4,1,0.0,,74.22,42.16,/root/checkpoints/ohsinglora/ViT-B16/eurosat/1shots/seed1/adapter_weights.pt,,2573,recovered_log_final_accuracy,seed/split not verified from recovered log,,,,,,,
log,data/results_ablation_heads_lambda/ohsinglora_eurosat_1shot_R4_H2_Lo0.01.log,DATA-0886,D4AB94C3317F36460C34F09B6F57E668EBD2A540F2021B919F629A1CDE7D5ACB,results_ablation_heads_lambda,ohsinglora,eurosat,1,unknown,4,2,0.01,,73.28,42.16,/root/checkpoints/ohsinglora/ViT-B16/eurosat/1shots/seed1/adapter_weights.pt,,2573,recovered_log_final_accuracy,seed/split not verified from recovered log,,,,,,,
log,data/results_ablation_heads_lambda/ohsinglora_eurosat_1shot_R4_H2_Lo0.03.log,DATA-0887,AD5AE65C352E0D5B3AFA5B018EDA3777D79C19C7838582532726ABE8377C63B2,results_ablation_heads_lambda,ohsinglora,eurosat,1,unknown,4,2,0.03,,73.2,42.16,/root/checkpoints/ohsinglora/ViT-B16/eurosat/1shots/seed1/adapter_weights.pt,,2573,recovered_log_final_accuracy,seed/split not verified from recovered log,,,,,,,
log,data/results_ablation_heads_lambda/ohsinglora_eurosat_1shot_R4_H2_Lo0.05.log,DATA-0888,9031155A6DFD5D61D8CDB43521BC3BE1324DE75CAAFE6A2E0F2987264BE5D461,results_ablation_heads_lambda,ohsinglora,eurosat,1,unknown,4,2,0.05,,73.15,42.16,/root/checkpoints/ohsinglora/ViT-B16/eurosat/1shots/seed1/adapter_weights.pt,,2573,recovered_log_final_accuracy,seed/split not verified from recovered log,,,,,,,
log,data/results_ablation_heads_lambda/ohsinglora_eurosat_1shot_R4_H2_Lo0.1.log,DATA-0889,32A4C4965E5FB8A6B9D9022B24AA13D4471808ED5ABABAEC55FC64E9C930807D,results_ablation_heads_lambda,ohsinglora,eurosat,1,unknown,4,2,0.1,,72.86,42.16,/root/checkpoints/ohsinglora/ViT-B16/eurosat/1shots/seed1/adapter_weights.pt,,2573,recovered_log_final_accuracy,seed/split not verified from recovered log,,,,,,,
log,data/results_ablation_heads_lambda/ohsinglora_eurosat_1shot_R4_H2_Lo0.log,DATA-0890,B5DFDCDD881F541FD306109BEC4206CF8B67D38D3C0B9DF87ED3BC6AC0D907E1,results_ablation_heads_lambda,ohsinglora,eurosat,1,unknown,4,2,0.0,,73.27,42.16,/root/checkpoints/ohsinglora/ViT-B16/eurosat/1shots/seed1/adapter_weights.pt,,2573,recovered_log_final_accuracy,seed/split not verified from recovered log,,,,,,,
log,data/results_ablation_heads_lambda/ohsinglora_eurosat_1shot_R4_H4_Lo0.01.log,DATA-0891,D48D903A72DB04AC5CA0E8C7782B92AD5C8F8A0BEB4FD97DBA3B65AD4E33FFFC,results_ablation_heads_lambda,ohsinglora,eurosat,1,unknown,4,4,0.01,,70.28,42.16,/root/checkpoints/ohsinglora/ViT-B16/eurosat/1shots/seed1/adapter_weights.pt,,2573,recovered_log_final_accuracy,seed/split not verified from recovered log,,,,,,,
log,data/results_ablation_heads_lambda/ohsinglora_eurosat_1shot_R4_H4_Lo0.03.log,DATA-0892,44B5C4F68DE190C0BD97AB23BC03BC744947B84A88449CB502B6A12BEC7BF025,results_ablation_heads_lambda,ohsinglora,eurosat,1,unknown,4,4,0.03,,70.27,42.16,/root/checkpoints/ohsinglora/ViT-B16/eurosat/1shots/seed1/adapter_weights.pt,,2573,recovered_log_final_accuracy,seed/split not verified from recovered log,,,,,,,
log,data/results_ablation_heads_lambda/ohsinglora_eurosat_1shot_R4_H4_Lo0.05.log,DATA-0893,D44A6266475524027EEF4250008CB8E34C1AEBB268CE9B6C45F81280290FB4F7,results_ablation_heads_lambda,ohsinglora,eurosat,1,unknown,4,4,0.05,,70.35,42.16,/root/checkpoints/ohsinglora/ViT-B16/eurosat/1shots/seed1/adapter_weights.pt,,2573,recovered_log_final_accuracy,seed/split not verified from recovered log,,,,,,,
log,data/results_ablation_heads_lambda/ohsinglora_eurosat_1shot_R4_H4_Lo0.1.log,DATA-0894,7964EC8B5BD0F3EDF57388030BD1F88BC2BE0699CDB5DDC23FDC949C2197BB79,results_ablation_heads_lambda,ohsinglora,eurosat,1,unknown,4,4,0.1,,70.56,42.16,/root/checkpoints/ohsinglora/ViT-B16/eurosat/1shots/seed1/adapter_weights.pt,,2573,recovered_log_final_accuracy,seed/split not verified from recovered log,,,,,,,
log,data/results_ablation_heads_lambda/ohsinglora_eurosat_1shot_R4_H4_Lo0.log,DATA-0895,4211D31E1E10D0F47EBB8244339C0D79B76448E438B6D5206F6373842B3D7747,results_ablation_heads_lambda,ohsinglora,eurosat,1,unknown,4,4,0.0,,69.84,42.16,/root/checkpoints/ohsinglora/ViT-B16/eurosat/1shots/seed1/adapter_weights.pt,,2572,recovered_log_final_accuracy,seed/split not verified from recovered log,,,,,,,
log,data/results_ablation_heads_lambda/ohsinglora_eurosat_4shot_R4_H1_Lo0.log,DATA-0896,3E29F801286AAC2AB1E54FE2C5F577DE5BA1D4EC25952AE6D3C2F204775658A1,results_ablation_heads_lambda,ohsinglora,eurosat,4,unknown,4,1,0.0,,87.47,42.16,/root/checkpoints/ohsinglora/ViT-B16/eurosat/4shots/seed1/adapter_weights.pt,,6073,recovered_log_final_accuracy,seed/split not verified from recovered log,,,,,,,
log,data/results_ablation_heads_lambda/ohsinglora_eurosat_4shot_R4_H2_Lo0.01.log,DATA-0897,F0F6462A1DA3834621ECBC4D88108D97A00CF8227EAB155B6B9B2704C701C57F,results_ablation_heads_lambda,ohsinglora,eurosat,4,unknown,4,2,0.01,,88.64,42.16,/root/checkpoints/ohsinglora/ViT-B16/eurosat/4shots/seed1/adapter_weights.pt,,6072,recovered_log_final_accuracy,seed/split not verified from recovered log,,,,,,,
log,data/results_ablation_heads_lambda/ohsinglora_eurosat_4shot_R4_H2_Lo0.03.log,DATA-0898,F6CB95FDE59E890EC2FF6C368A429949EEEEA42163A32E6C6071BEB229657F62,results_ablation_heads_lambda,ohsinglora,eurosat,4,unknown,4,2,0.03,,88.57,42.16,/root/checkpoints/ohsinglora/ViT-B16/eurosat/4shots/seed1/adapter_weights.pt,,6073,recovered_log_final_accuracy,seed/split not verified from recovered log,,,,,,,
log,data/results_ablation_heads_lambda/ohsinglora_eurosat_4shot_R4_H2_Lo0.05.log,DATA-0899,1A33E6747BB530497A3CA7E8E77A510AE20C0E81D4D312F13A6EF647F26D10D7,results_ablation_heads_lambda,ohsinglora,eurosat,4,unknown,4,2,0.05,,88.59,42.16,/root/checkpoints/ohsinglora/ViT-B16/eurosat/4shots/seed1/adapter_weights.pt,,6073,recovered_log_final_accuracy,seed/split not verified from recovered log,,,,,,,
log,data/results_ablation_heads_lambda/ohsinglora_eurosat_4shot_R4_H2_Lo0.1.log,DATA-0900,5B8B0030908D3B485A45D384FD784D22ECEA5014F8217824BD431E1A58ABD627,results_ablation_heads_lambda,ohsinglora,eurosat,4,unknown,4,2,0.1,,88.52,42.16,/root/checkpoints/ohsinglora/ViT-B16/eurosat/4shots/seed1/adapter_weights.pt,,6073,recovered_log_final_accuracy,seed/split not verified from recovered log,,,,,,,
log,data/results_ablation_heads_lambda/ohsinglora_eurosat_4shot_R4_H2_Lo0.log,DATA-0901,E1308A0DB3D87DD13BDCB7192890BD47CE7D3B424E1EF23259A6C61E5284381B,results_ablation_heads_lambda,ohsinglora,eurosat,4,unknown,4,2,0.0,,88.07,42.16,/root/checkpoints/ohsinglora/ViT-B16/eurosat/4shots/seed1/adapter_weights.pt,,6073,recovered_log_final_accuracy,seed/split not verified from recovered log,,,,,,,
log,data/results_ablation_heads_lambda/ohsinglora_eurosat_4shot_R4_H4_Lo0.01.log,DATA-0902,F26469CE73E975F9D69A8294262034C6F3DE059F7A34ABB9D945A8E449625467,results_ablation_heads_lambda,ohsinglora,eurosat,4,unknown,4,4,0.01,,87.83,42.16,/root/checkpoints/ohsinglora/ViT-B16/eurosat/4shots/seed1/adapter_weights.pt,,6073,recovered_log_final_accuracy,seed/split not verified from recovered log,,,,,,,
log,data/results_ablation_heads_lambda/ohsinglora_eurosat_4shot_R4_H4_Lo0.03.log,DATA-0903,454DCBDE4B328C39C61B0DB5D015B009D7504299FA2A86BD229AA656ED76B70C,results_ablation_heads_lambda,ohsinglora,eurosat,4,unknown,4,4,0.03,,87.86,42.16,/root/checkpoints/ohsinglora/ViT-B16/eurosat/4shots/seed1/adapter_weights.pt,,6072,recovered_log_final_accuracy,seed/split not verified from recovered log,,,,,,,
log,data/results_ablation_heads_lambda/ohsinglora_eurosat_4shot_R4_H4_Lo0.05.log,DATA-0904,D2B9D9B0D083C49AF05B891202249C3E29C430D244954B23B9057D2A2FE6A996,results_ablation_heads_lambda,ohsinglora,eurosat,4,unknown,4,4,0.05,,87.8,42.16,/root/checkpoints/ohsinglora/ViT-B16/eurosat/4shots/seed1/adapter_weights.pt,,6073,recovered_log_final_accuracy,seed/split not verified from recovered log,,,,,,,
log,data/results_ablation_heads_lambda/ohsinglora_eurosat_4shot_R4_H4_Lo0.1.log,DATA-0905,8781AE7BCF5FF55DE2B185EEA8E39B701FD8A09332F05CF5653C4FF4EF80F969,results_ablation_heads_lambda,ohsinglora,eurosat,4,unknown,4,4,0.1,,87.51,42.16,/root/checkpoints/ohsinglora/ViT-B16/eurosat/4shots/seed1/adapter_weights.pt,,6073,recovered_log_final_accuracy,seed/split not verified from recovered log,,,,,,,
log,data/results_ablation_heads_lambda/ohsinglora_eurosat_4shot_R4_H4_Lo0.log,DATA-0906,4CF7C64C81D01BC6AD8F3876AEF820B0D4B21B9FBD6D4ED058792C5442133E59,results_ablation_heads_lambda,ohsinglora,eurosat,4,unknown,4,4,0.0,,87.6,42.16,/root/checkpoints/ohsinglora/ViT-B16/eurosat/4shots/seed1/adapter_weights.pt,,6073,recovered_log_final_accuracy,seed/split not verified from recovered log,,,,,,,
csv_summary,data/result_scan_head/results_logs_scan_ohsinglora/summary_ohsinglora_16shot.csv,DATA-0601,6CEBFB5E54EF8EB65FD2635B39B10B1E08EF14D68989ACC5825287C4B0E0B4FD,result_scan_head,ohsinglora,fgvc,16,unknown,2,1,0.03,,54.01,,/root/checkpoints/fgvc/16shot/ohsinglora_R2_H1,,,csv_summary_with_log_match,summary row; seed/split not verified,2,ohsinglora_fgvc_16shot_R2_Head1.log,data/result_scan_head/results_logs_scan_ohsinglora/ohsinglora_fgvc_16shot_R2_Head1.log,DATA-0536,54.01,138240,1930.62
csv_summary,data/result_scan_head/results_logs_scan_ohsinglora/summary_ohsinglora_16shot.csv,DATA-0601,6CEBFB5E54EF8EB65FD2635B39B10B1E08EF14D68989ACC5825287C4B0E0B4FD,result_scan_head,ohsinglora,eurosat,16,unknown,2,1,0.03,,91.59,,/root/checkpoints/eurosat/16shot/ohsinglora_R2_H1,,,csv_summary_with_log_match,summary row; seed/split not verified,3,ohsinglora_eurosat_16shot_R2_Head1.log,data/result_scan_head/results_logs_scan_ohsinglora/ohsinglora_eurosat_16shot_R2_Head1.log,DATA-0523,91.59,138240,2578.12
csv_summary,data/result_scan_head/results_logs_scan_ohsinglora/summary_ohsinglora_16shot.csv,DATA-0601,6CEBFB5E54EF8EB65FD2635B39B10B1E08EF14D68989ACC5825287C4B0E0B4FD,result_scan_head,ohsinglora,food101,16,unknown,2,1,0.03,,85.0,,/root/checkpoints/food101/16shot/ohsinglora_R2_H1,,,csv_summary_with_log_match,summary row; seed/split not verified,4,ohsinglora_food101_16shot_R2_Head1.log,data/result_scan_head/results_logs_scan_ohsinglora/ohsinglora_food101_16shot_R2_Head1.log,DATA-0549,85.0,138240,1974.2
csv_summary,data/result_scan_head/results_logs_scan_ohsinglora/summary_ohsinglora_16shot.csv,DATA-0601,6CEBFB5E54EF8EB65FD2635B39B10B1E08EF14D68989ACC5825287C4B0E0B4FD,result_scan_head,ohsinglora,oxford_pets,16,unknown,2,1,0.03,,93.21,,/root/checkpoints/oxford_pets/16shot/ohsinglora_R2_H1,,,csv_summary_with_log_match,summary row; seed/split not verified,5,ohsinglora_oxford_pets_16shot_R2_Head1.log,data/result_scan_head/results_logs_scan_ohsinglora/ohsinglora_oxford_pets_16shot_R2_Head1.log,DATA-0575,93.21,138240,1759.22
csv_summary,data/result_scan_head/results_logs_scan_ohsinglora/summary_ohsinglora_16shot.csv,DATA-0601,6CEBFB5E54EF8EB65FD2635B39B10B1E08EF14D68989ACC5825287C4B0E0B4FD,result_scan_head,ohsinglora,oxford_flowers,16,unknown,2,1,0.03,,97.97,,/root/checkpoints/oxford_flowers/16shot/ohsinglora_R2_H1,,,csv_summary_with_log_match,summary row; seed/split not verified,6,ohsinglora_oxford_flowers_16shot_R2_Head1.log,data/result_scan_head/results_logs_scan_ohsinglora/ohsinglora_oxford_flowers_16shot_R2_Head1.log,DATA-0562,97.97,138240,1728.92
csv_summary,data/result_scan_head/results_logs_scan_ohsinglora/summary_ohsinglora_16shot.csv,DATA-0601,6CEBFB5E54EF8EB65FD2635B39B10B1E08EF14D68989ACC5825287C4B0E0B4FD,result_scan_head,ohsinglora,caltech101,16,unknown,2,1,0.03,,96.47,,/root/checkpoints/caltech101/16shot/ohsinglora_R2_H1,,,csv_summary_with_log_match,summary row; seed/split not verified,7,ohsinglora_caltech101_16shot_R2_Head1.log,data/result_scan_head/results_logs_scan_ohsinglora/ohsinglora_caltech101_16shot_R2_Head1.log,DATA-0497,96.47,138240,1770.34
csv_summary,data/result_scan_head/results_logs_scan_ohsinglora/summary_ohsinglora_16shot.csv,DATA-0601,6CEBFB5E54EF8EB65FD2635B39B10B1E08EF14D68989ACC5825287C4B0E0B4FD,result_scan_head,ohsinglora,dtd,16,unknown,2,1,0.03,,72.4,,/root/checkpoints/dtd/16shot/ohsinglora_R2_H1,,,csv_summary_with_log_match,summary row; seed/split not verified,8,ohsinglora_dtd_16shot_R2_Head1.log,data/result_scan_head/results_logs_scan_ohsinglora/ohsinglora_dtd_16shot_R2_Head1.log,DATA-0510,72.4,138240,1723.25
csv_summary,data/result_scan_head/results_logs_scan_ohsinglora/summary_ohsinglora_16shot.csv,DATA-0601,6CEBFB5E54EF8EB65FD2635B39B10B1E08EF14D68989ACC5825287C4B0E0B4FD,result_scan_head,ohsinglora,ucf101,16,unknown,2,1,0.03,,86.15,,/root/checkpoints/ucf101/16shot/ohsinglora_R2_H1,,,csv_summary_with_log_match,summary row; seed/split not verified,9,ohsinglora_ucf101_16shot_R2_Head1.log,data/result_scan_head/results_logs_scan_ohsinglora/ohsinglora_ucf101_16shot_R2_Head1.log,DATA-0588,86.15,138240,1698.8
csv_summary,data/result_scan_head/results_logs_scan_ohsinglora/summary_ohsinglora_16shot.csv,DATA-0601,6CEBFB5E54EF8EB65FD2635B39B10B1E08EF14D68989ACC5825287C4B0E0B4FD,result_scan_head,ohsinglora,fgvc,16,unknown,4,1,0.03,,54.49,,/root/checkpoints/fgvc/16shot/ohsinglora_R4_H1,,,csv_summary_with_log_match,summary row; seed/split not verified,10,ohsinglora_fgvc_16shot_R4_Head1.log,data/result_scan_head/results_logs_scan_ohsinglora/ohsinglora_fgvc_16shot_R4_Head1.log,DATA-0537,54.49,230400,1837.35
csv_summary,data/result_scan_head/results_logs_scan_ohsinglora/summary_ohsinglora_16shot.csv,DATA-0601,6CEBFB5E54EF8EB65FD2635B39B10B1E08EF14D68989ACC5825287C4B0E0B4FD,result_scan_head,ohsinglora,eurosat,16,unknown,4,1,0.03,,90.96,,/root/checkpoints/eurosat/16shot/ohsinglora_R4_H1,,,csv_summary_with_log_match,summary row; seed/split not verified,11,ohsinglora_eurosat_16shot_R4_Head1.log,data/result_scan_head/results_logs_scan_ohsinglora/ohsinglora_eurosat_16shot_R4_Head1.log,DATA-0524,90.96,230400,2436.2
csv_summary,data/result_scan_head/results_logs_scan_ohsinglora/summary_ohsinglora_16shot.csv,DATA-0601,6CEBFB5E54EF8EB65FD2635B39B10B1E08EF14D68989ACC5825287C4B0E0B4FD,result_scan_head,ohsinglora,food101,16,unknown,4,1,0.03,,85.19,,/root/checkpoints/food101/16shot/ohsinglora_R4_H1,,,csv_summary_with_log_match,summary row; seed/split not verified,12,ohsinglora_food101_16shot_R4_Head1.log,data/result_scan_head/results_logs_scan_ohsinglora/ohsinglora_food101_16shot_R4_Head1.log,DATA-0550,85.19,230400,1982.05
csv_summary,data/result_scan_head/results_logs_scan_ohsinglora/summary_ohsinglora_16shot.csv,DATA-0601,6CEBFB5E54EF8EB65FD2635B39B10B1E08EF14D68989ACC5825287C4B0E0B4FD,result_scan_head,ohsinglora,oxford_pets,16,unknown,4,1,0.03,,92.64,,/root/checkpoints/oxford_pets/16shot/ohsinglora_R4_H1,,,csv_summary_with_log_match,summary row; seed/split not verified,13,ohsinglora_oxford_pets_16shot_R4_Head1.log,data/result_scan_head/results_logs_scan_ohsinglora/ohsinglora_oxford_pets_16shot_R4_Head1.log,DATA-0576,92.64,230400,1733.84
csv_summary,data/result_scan_head/results_logs_scan_ohsinglora/summary_ohsinglora_16shot.csv,DATA-0601,6CEBFB5E54EF8EB65FD2635B39B10B1E08EF14D68989ACC5825287C4B0E0B4FD,result_scan_head,ohsinglora,oxford_flowers,16,unknown,4,1,0.03,,97.85,,/root/checkpoints/oxford_flowers/16shot/ohsinglora_R4_H1,,,csv_summary_with_log_match,summary row; seed/split not verified,14,ohsinglora_oxford_flowers_16shot_R4_Head1.log,data/result_scan_head/results_logs_scan_ohsinglora/ohsinglora_oxford_flowers_16shot_R4_Head1.log,DATA-0563,97.85,230400,1742.99
csv_summary,data/result_scan_head/results_logs_scan_ohsinglora/summary_ohsinglora_16shot.csv,DATA-0601,6CEBFB5E54EF8EB65FD2635B39B10B1E08EF14D68989ACC5825287C4B0E0B4FD,result_scan_head,ohsinglora,caltech101,16,unknown,4,1,0.03,,96.31,,/root/checkpoints/caltech101/16shot/ohsinglora_R4_H1,,,csv_summary_with_log_match,summary row; seed/split not verified,15,ohsinglora_caltech101_16shot_R4_Head1.log,data/result_scan_head/results_logs_scan_ohsinglora/ohsinglora_caltech101_16shot_R4_Head1.log,DATA-0498,96.31,230400,1682.89
csv_summary,data/result_scan_head/results_logs_scan_ohsinglora/summary_ohsinglora_16shot.csv,DATA-0601,6CEBFB5E54EF8EB65FD2635B39B10B1E08EF14D68989ACC5825287C4B0E0B4FD,result_scan_head,ohsinglora,dtd,16,unknown,4,1,0.03,,72.7,,/root/checkpoints/dtd/16shot/ohsinglora_R4_H1,,,csv_summary_with_log_match,summary row; seed/split not verified,16,ohsinglora_dtd_16shot_R4_Head1.log,data/result_scan_head/results_logs_scan_ohsinglora/ohsinglora_dtd_16shot_R4_Head1.log,DATA-0511,72.7,230400,1769.24
csv_summary,data/result_scan_head/results_logs_scan_ohsinglora/summary_ohsinglora_16shot.csv,DATA-0601,6CEBFB5E54EF8EB65FD2635B39B10B1E08EF14D68989ACC5825287C4B0E0B4FD,result_scan_head,ohsinglora,ucf101,16,unknown,4,1,0.03,,86.04,,/root/checkpoints/ucf101/16shot/ohsinglora_R4_H1,,,csv_summary_with_log_match,summary row; seed/split not verified,17,ohsinglora_ucf101_16shot_R4_Head1.log,data/result_scan_head/results_logs_scan_ohsinglora/ohsinglora_ucf101_16shot_R4_Head1.log,DATA-0589,86.04,230400,1720.76
csv_summary,data/result_scan_head/results_logs_scan_ohsinglora/summary_ohsinglora_16shot.csv,DATA-0601,6CEBFB5E54EF8EB65FD2635B39B10B1E08EF14D68989ACC5825287C4B0E0B4FD,result_scan_head,ohsinglora,fgvc,16,unknown,4,2,0.03,,55.51,,/root/checkpoints/fgvc/16shot/ohsinglora_R4_H2,,,csv_summary_with_log_match,summary row; seed/split not verified,18,ohsinglora_fgvc_16shot_R4_Head2.log,data/result_scan_head/results_logs_scan_ohsinglora/ohsinglora_fgvc_16shot_R4_Head2.log,DATA-0538,55.51,276480,2561.72
csv_summary,data/result_scan_head/results_logs_scan_ohsinglora/summary_ohsinglora_16shot.csv,DATA-0601,6CEBFB5E54EF8EB65FD2635B39B10B1E08EF14D68989ACC5825287C4B0E0B4FD,result_scan_head,ohsinglora,eurosat,16,unknown,4,2,0.03,,91.63,,/root/checkpoints/eurosat/16shot/ohsinglora_R4_H2,,,csv_summary_with_log_match,summary row; seed/split not verified,19,ohsinglora_eurosat_16shot_R4_Head2.log,data/result_scan_head/results_logs_scan_ohsinglora/ohsinglora_eurosat_16shot_R4_Head2.log,DATA-0525,91.63,276480,2997.0
csv_summary,data/result_scan_head/results_logs_scan_ohsinglora/summary_ohsinglora_16shot.csv,DATA-0601,6CEBFB5E54EF8EB65FD2635B39B10B1E08EF14D68989ACC5825287C4B0E0B4FD,result_scan_head,ohsinglora,food101,16,unknown,4,2,0.03,,84.65,,/root/checkpoints/food101/16shot/ohsinglora_R4_H2,,,csv_summary_with_log_match,summary row; seed/split not verified,20,ohsinglora_food101_16shot_R4_Head2.log,data/result_scan_head/results_logs_scan_ohsinglora/ohsinglora_food101_16shot_R4_Head2.log,DATA-0551,84.65,276480,2346.74
csv_summary,data/result_scan_head/results_logs_scan_ohsinglora/summary_ohsinglora_16shot.csv,DATA-0601,6CEBFB5E54EF8EB65FD2635B39B10B1E08EF14D68989ACC5825287C4B0E0B4FD,result_scan_head,ohsinglora,oxford_pets,16,unknown,4,2,0.03,,92.5,,/root/checkpoints/oxford_pets/16shot/ohsinglora_R4_H2,,,csv_summary_with_log_match,summary row; seed/split not verified,21,ohsinglora_oxford_pets_16shot_R4_Head2.log,data/result_scan_head/results_logs_scan_ohsinglora/ohsinglora_oxford_pets_16shot_R4_Head2.log,DATA-0577,92.5,276480,2637.2
csv_summary,data/result_scan_head/results_logs_scan_ohsinglora/summary_ohsinglora_16shot.csv,DATA-0601,6CEBFB5E54EF8EB65FD2635B39B10B1E08EF14D68989ACC5825287C4B0E0B4FD,result_scan_head,ohsinglora,oxford_flowers,16,unknown,4,2,0.03,,97.77,,/root/checkpoints/oxford_flowers/16shot/ohsinglora_R4_H2,,,csv_summary_with_log_match,summary row; seed/split not verified,22,ohsinglora_oxford_flowers_16shot_R4_Head2.log,data/result_scan_head/results_logs_scan_ohsinglora/ohsinglora_oxford_flowers_16shot_R4_Head2.log,DATA-0564,97.77,276480,2227.02
csv_summary,data/result_scan_head/results_logs_scan_ohsinglora/summary_ohsinglora_16shot.csv,DATA-0601,6CEBFB5E54EF8EB65FD2635B39B10B1E08EF14D68989ACC5825287C4B0E0B4FD,result_scan_head,ohsinglora,caltech101,16,unknown,4,2,0.03,,96.19,,/root/checkpoints/caltech101/16shot/ohsinglora_R4_H2,,,csv_summary_with_log_match,summary row; seed/split not verified,23,ohsinglora_caltech101_16shot_R4_Head2.log,data/result_scan_head/results_logs_scan_ohsinglora/ohsinglora_caltech101_16shot_R4_Head2.log,DATA-0499,96.19,276480,2383.28
csv_summary,data/result_scan_head/results_logs_scan_ohsinglora/summary_ohsinglora_16shot.csv,DATA-0601,6CEBFB5E54EF8EB65FD2635B39B10B1E08EF14D68989ACC5825287C4B0E0B4FD,result_scan_head,ohsinglora,dtd,16,unknown,4,2,0.03,,72.93,,/root/checkpoints/dtd/16shot/ohsinglora_R4_H2,,,csv_summary_with_log_match,summary row; seed/split not verified,24,ohsinglora_dtd_16shot_R4_Head2.log,data/result_scan_head/results_logs_scan_ohsinglora/ohsinglora_dtd_16shot_R4_Head2.log,DATA-0512,72.93,276480,2151.27
csv_summary,data/result_scan_head/results_logs_scan_ohsinglora/summary_ohsinglora_16shot.csv,DATA-0601,6CEBFB5E54EF8EB65FD2635B39B10B1E08EF14D68989ACC5825287C4B0E0B4FD,result_scan_head,ohsinglora,ucf101,16,unknown,4,2,0.03,,86.52,,/root/checkpoints/ucf101/16shot/ohsinglora_R4_H2,,,csv_summary_with_log_match,summary row; seed/split not verified,25,ohsinglora_ucf101_16shot_R4_Head2.log,data/result_scan_head/results_logs_scan_ohsinglora/ohsinglora_ucf101_16shot_R4_Head2.log,DATA-0590,86.52,276480,2150.44
csv_summary,data/result_scan_head/results_logs_scan_ohsinglora/summary_ohsinglora_16shot.csv,DATA-0601,6CEBFB5E54EF8EB65FD2635B39B10B1E08EF14D68989ACC5825287C4B0E0B4FD,result_scan_head,ohsinglora,fgvc,16,unknown,4,4,0.03,,56.17,,/root/checkpoints/fgvc/16shot/ohsinglora_R4_H4,,,csv_summary_with_log_match,summary row; seed/split not verified,26,ohsinglora_fgvc_16shot_R4_Head4.log,data/result_scan_head/results_logs_scan_ohsinglora/ohsinglora_fgvc_16shot_R4_Head4.log,DATA-0539,56.17,368640,3768.7
csv_summary,data/result_scan_head/results_logs_scan_ohsinglora/summary_ohsinglora_16shot.csv,DATA-0601,6CEBFB5E54EF8EB65FD2635B39B10B1E08EF14D68989ACC5825287C4B0E0B4FD,result_scan_head,ohsinglora,eurosat,16,unknown,4,4,0.03,,90.62,,/root/checkpoints/eurosat/16shot/ohsinglora_R4_H4,,,csv_summary_with_log_match,summary row; seed/split not verified,27,ohsinglora_eurosat_16shot_R4_Head4.log,data/result_scan_head/results_logs_scan_ohsinglora/ohsinglora_eurosat_16shot_R4_Head4.log,DATA-0526,90.62,368640,4629.58
csv_summary,data/result_scan_head/results_logs_scan_ohsinglora/summary_ohsinglora_16shot.csv,DATA-0601,6CEBFB5E54EF8EB65FD2635B39B10B1E08EF14D68989ACC5825287C4B0E0B4FD,result_scan_head,ohsinglora,food101,16,unknown,4,4,0.03,,85.07,,/root/checkpoints/food101/16shot/ohsinglora_R4_H4,,,csv_summary_with_log_match,summary row; seed/split not verified,28,ohsinglora_food101_16shot_R4_Head4.log,data/result_scan_head/results_logs_scan_ohsinglora/ohsinglora_food101_16shot_R4_Head4.log,DATA-0552,85.07,368640,3837.72
csv_summary,data/result_scan_head/results_logs_scan_ohsinglora/summary_ohsinglora_16shot.csv,DATA-0601,6CEBFB5E54EF8EB65FD2635B39B10B1E08EF14D68989ACC5825287C4B0E0B4FD,result_scan_head,ohsinglora,oxford_pets,16,unknown,4,4,0.03,,92.56,,/root/checkpoints/oxford_pets/16shot/ohsinglora_R4_H4,,,csv_summary_with_log_match,summary row; seed/split not verified,29,ohsinglora_oxford_pets_16shot_R4_Head4.log,data/result_scan_head/results_logs_scan_ohsinglora/ohsinglora_oxford_pets_16shot_R4_Head4.log,DATA-0578,92.56,368640,4025.17
csv_summary,data/result_scan_head/results_logs_scan_ohsinglora/summary_ohsinglora_16shot.csv,DATA-0601,6CEBFB5E54EF8EB65FD2635B39B10B1E08EF14D68989ACC5825287C4B0E0B4FD,result_scan_head,ohsinglora,oxford_flowers,16,unknown,4,4,0.03,,97.85,,/root/checkpoints/oxford_flowers/16shot/ohsinglora_R4_H4,,,csv_summary_with_log_match,summary row; seed/split not verified,30,ohsinglora_oxford_flowers_16shot_R4_Head4.log,data/result_scan_head/results_logs_scan_ohsinglora/ohsinglora_oxford_flowers_16shot_R4_Head4.log,DATA-0565,97.85,368640,3943.76
csv_summary,data/result_scan_head/results_logs_scan_ohsinglora/summary_ohsinglora_16shot.csv,DATA-0601,6CEBFB5E54EF8EB65FD2635B39B10B1E08EF14D68989ACC5825287C4B0E0B4FD,result_scan_head,ohsinglora,caltech101,16,unknown,4,4,0.03,,96.55,,/root/checkpoints/caltech101/16shot/ohsinglora_R4_H4,,,csv_summary_with_log_match,summary row; seed/split not verified,31,ohsinglora_caltech101_16shot_R4_Head4.log,data/result_scan_head/results_logs_scan_ohsinglora/ohsinglora_caltech101_16shot_R4_Head4.log,DATA-0500,96.55,368640,4066.37
csv_summary,data/result_scan_head/results_logs_scan_ohsinglora/summary_ohsinglora_16shot.csv,DATA-0601,6CEBFB5E54EF8EB65FD2635B39B10B1E08EF14D68989ACC5825287C4B0E0B4FD,result_scan_head,ohsinglora,dtd,16,unknown,4,4,0.03,,73.29,,/root/checkpoints/dtd/16shot/ohsinglora_R4_H4,,,csv_summary_with_log_match,summary row; seed/split not verified,32,ohsinglora_dtd_16shot_R4_Head4.log,data/result_scan_head/results_logs_scan_ohsinglora/ohsinglora_dtd_16shot_R4_Head4.log,DATA-0513,73.29,368640,3944.08
csv_summary,data/result_scan_head/results_logs_scan_ohsinglora/summary_ohsinglora_16shot.csv,DATA-0601,6CEBFB5E54EF8EB65FD2635B39B10B1E08EF14D68989ACC5825287C4B0E0B4FD,result_scan_head,ohsinglora,ucf101,16,unknown,4,4,0.03,,85.99,,/root/checkpoints/ucf101/16shot/ohsinglora_R4_H4,,,csv_summary_with_log_match,summary row; seed/split not verified,33,ohsinglora_ucf101_16shot_R4_Head4.log,data/result_scan_head/results_logs_scan_ohsinglora/ohsinglora_ucf101_16shot_R4_Head4.log,DATA-0591,85.99,368640,3947.95
csv_summary,data/result_scan_loss/results_logs_loss_lora/summary_lora.csv,DATA-0744,6159717888C13F8BB10599180087249B9692DD3BCC4C69A5BBD59B06D628EB15,result_scan_loss,lora,fgvc,1,unknown,,,,ce,28.71,,,,,csv_summary_with_log_match,summary row; seed/split not verified,2,results_logs_lora/lora_fgvc_1shot_ce_LAMBDA_O0.03.log,data/result_scan_loss/results_logs_loss_lora/lora_fgvc_1shot_ce_LAMBDA_O0.03.log,DATA-0686,28.71,,
csv_summary,data/result_scan_loss/results_logs_loss_lora/summary_lora.csv,DATA-0744,6159717888C13F8BB10599180087249B9692DD3BCC4C69A5BBD59B06D628EB15,result_scan_loss,lora,fgvc,1,unknown,,,,ce_ls,26.58,,,,,csv_summary_with_log_match,summary row; seed/split not verified,3,results_logs_lora/lora_fgvc_1shot_ce_ls_LAMBDA_O0.03.log,data/result_scan_loss/results_logs_loss_lora/lora_fgvc_1shot_ce_ls_LAMBDA_O0.03.log,DATA-0687,26.58,,
csv_summary,data/result_scan_loss/results_logs_loss_lora/summary_lora.csv,DATA-0744,6159717888C13F8BB10599180087249B9692DD3BCC4C69A5BBD59B06D628EB15,result_scan_loss,lora,fgvc,1,unknown,,,,arcface,26.55,,,,,csv_summary_with_log_match,summary row; seed/split not verified,4,results_logs_lora/lora_fgvc_1shot_arcface_LAMBDA_O0.03.log,data/result_scan_loss/results_logs_loss_lora/lora_fgvc_1shot_arcface_LAMBDA_O0.03.log,DATA-0684,26.55,,
csv_summary,data/result_scan_loss/results_logs_loss_lora/summary_lora.csv,DATA-0744,6159717888C13F8BB10599180087249B9692DD3BCC4C69A5BBD59B06D628EB15,result_scan_loss,lora,fgvc,1,unknown,,,,cosface,27.81,,,,,csv_summary_with_log_match,summary row; seed/split not verified,5,results_logs_lora/lora_fgvc_1shot_cosface_LAMBDA_O0.03.log,data/result_scan_loss/results_logs_loss_lora/lora_fgvc_1shot_cosface_LAMBDA_O0.03.log,DATA-0689,27.81,,
csv_summary,data/result_scan_loss/results_logs_loss_lora/summary_lora.csv,DATA-0744,6159717888C13F8BB10599180087249B9692DD3BCC4C69A5BBD59B06D628EB15,result_scan_loss,lora,fgvc,1,unknown,,,,ce_center,28.29,,,,,csv_summary_with_log_match,summary row; seed/split not verified,6,results_logs_lora/lora_fgvc_1shot_ce_center_LAMBDA_O0.03.log,data/result_scan_loss/results_logs_loss_lora/lora_fgvc_1shot_ce_center_LAMBDA_O0.03.log,DATA-0685,28.29,,
csv_summary,data/result_scan_loss/results_logs_loss_lora/summary_lora.csv,DATA-0744,6159717888C13F8BB10599180087249B9692DD3BCC4C69A5BBD59B06D628EB15,result_scan_loss,lora,fgvc,1,unknown,,,,ce_maxent,28.92,,,,,csv_summary_with_log_match,summary row; seed/split not verified,7,results_logs_lora/lora_fgvc_1shot_ce_maxent_LAMBDA_O0.03.log,data/result_scan_loss/results_logs_loss_lora/lora_fgvc_1shot_ce_maxent_LAMBDA_O0.03.log,DATA-0688,28.92,,
csv_summary,data/result_scan_loss/results_logs_loss_lora/summary_lora.csv,DATA-0744,6159717888C13F8BB10599180087249B9692DD3BCC4C69A5BBD59B06D628EB15,result_scan_loss,lora,fgvc,1,unknown,,,,ce,53.0,,,,,csv_summary_no_log_match,summary row; seed/split not verified,8,results_logs_lora/lora_aircraft_1shot_ce_LAMBDA_O0.03.log,,,,,
csv_summary,data/result_scan_loss/results_logs_loss_lora/summary_lora.csv,DATA-0744,6159717888C13F8BB10599180087249B9692DD3BCC4C69A5BBD59B06D628EB15,result_scan_loss,lora,fgvc,1,unknown,,,,ce_ls,53.0,,,,,csv_summary_no_log_match,summary row; seed/split not verified,9,results_logs_lora/lora_aircraft_1shot_ce_ls_LAMBDA_O0.03.log,,,,,
csv_summary,data/result_scan_loss/results_logs_loss_lora/summary_lora.csv,DATA-0744,6159717888C13F8BB10599180087249B9692DD3BCC4C69A5BBD59B06D628EB15,result_scan_loss,lora,fgvc,1,unknown,,,,arcface,53.0,,,,,csv_summary_no_log_match,summary row; seed/split not verified,10,results_logs_lora/lora_aircraft_1shot_arcface_LAMBDA_O0.03.log,,,,,
csv_summary,data/result_scan_loss/results_logs_loss_lora/summary_lora.csv,DATA-0744,6159717888C13F8BB10599180087249B9692DD3BCC4C69A5BBD59B06D628EB15,result_scan_loss,lora,fgvc,1,unknown,,,,cosface,53.0,,,,,csv_summary_no_log_match,summary row; seed/split not verified,11,results_logs_lora/lora_aircraft_1shot_cosface_LAMBDA_O0.03.log,,,,,
csv_summary,data/result_scan_loss/results_logs_loss_lora/summary_lora.csv,DATA-0744,6159717888C13F8BB10599180087249B9692DD3BCC4C69A5BBD59B06D628EB15,result_scan_loss,lora,fgvc,1,unknown,,,,ce_center,53.0,,,,,csv_summary_no_log_match,summary row; seed/split not verified,12,results_logs_lora/lora_aircraft_1shot_ce_center_LAMBDA_O0.03.log,,,,,
csv_summary,data/result_scan_loss/results_logs_loss_lora/summary_lora.csv,DATA-0744,6159717888C13F8BB10599180087249B9692DD3BCC4C69A5BBD59B06D628EB15,result_scan_loss,lora,fgvc,1,unknown,,,,ce_maxent,53.0,,,,,csv_summary_no_log_match,summary row; seed/split not verified,13,results_logs_lora/lora_aircraft_1shot_ce_maxent_LAMBDA_O0.03.log,,,,,
csv_summary,data/result_scan_loss/results_logs_loss_lora/summary_lora.csv,DATA-0744,6159717888C13F8BB10599180087249B9692DD3BCC4C69A5BBD59B06D628EB15,result_scan_loss,lora,eurosat,1,unknown,,,,ce,72.88,,,,,csv_summary_with_log_match,summary row; seed/split not verified,14,results_logs_lora/lora_eurosat_1shot_ce_LAMBDA_O0.03.log,data/result_scan_loss/results_logs_loss_lora/lora_eurosat_1shot_ce_LAMBDA_O0.03.log,DATA-0674,72.88,,
csv_summary,data/result_scan_loss/results_logs_loss_lora/summary_lora.csv,DATA-0744,6159717888C13F8BB10599180087249B9692DD3BCC4C69A5BBD59B06D628EB15,result_scan_loss,lora,eurosat,1,unknown,,,,ce_ls,71.36,,,,,csv_summary_with_log_match,summary row; seed/split not verified,15,results_logs_lora/lora_eurosat_1shot_ce_ls_LAMBDA_O0.03.log,data/result_scan_loss/results_logs_loss_lora/lora_eurosat_1shot_ce_ls_LAMBDA_O0.03.log,DATA-0675,71.36,,
csv_summary,data/result_scan_loss/results_logs_loss_lora/summary_lora.csv,DATA-0744,6159717888C13F8BB10599180087249B9692DD3BCC4C69A5BBD59B06D628EB15,result_scan_loss,lora,eurosat,1,unknown,,,,arcface,64.17,,,,,csv_summary_with_log_match,summary row; seed/split not verified,16,results_logs_lora/lora_eurosat_1shot_arcface_LAMBDA_O0.03.log,data/result_scan_loss/results_logs_loss_lora/lora_eurosat_1shot_arcface_LAMBDA_O0.03.log,DATA-0672,64.17,,
csv_summary,data/result_scan_loss/results_logs_loss_lora/summary_lora.csv,DATA-0744,6159717888C13F8BB10599180087249B9692DD3BCC4C69A5BBD59B06D628EB15,result_scan_loss,lora,eurosat,1,unknown,,,,cosface,64.47,,,,,csv_summary_with_log_match,summary row; seed/split not verified,17,results_logs_lora/lora_eurosat_1shot_cosface_LAMBDA_O0.03.log,data/result_scan_loss/results_logs_loss_lora/lora_eurosat_1shot_cosface_LAMBDA_O0.03.log,DATA-0677,64.47,,
csv_summary,data/result_scan_loss/results_logs_loss_lora/summary_lora.csv,DATA-0744,6159717888C13F8BB10599180087249B9692DD3BCC4C69A5BBD59B06D628EB15,result_scan_loss,lora,eurosat,1,unknown,,,,ce_center,72.93,,,,,csv_summary_with_log_match,summary row; seed/split not verified,18,results_logs_lora/lora_eurosat_1shot_ce_center_LAMBDA_O0.03.log,data/result_scan_loss/results_logs_loss_lora/lora_eurosat_1shot_ce_center_LAMBDA_O0.03.log,DATA-0673,72.93,,
csv_summary,data/result_scan_loss/results_logs_loss_lora/summary_lora.csv,DATA-0744,6159717888C13F8BB10599180087249B9692DD3BCC4C69A5BBD59B06D628EB15,result_scan_loss,lora,eurosat,1,unknown,,,,ce_maxent,71.95,,,,,csv_summary_with_log_match,summary row; seed/split not verified,19,results_logs_lora/lora_eurosat_1shot_ce_maxent_LAMBDA_O0.03.log,data/result_scan_loss/results_logs_loss_lora/lora_eurosat_1shot_ce_maxent_LAMBDA_O0.03.log,DATA-0676,71.95,,
csv_summary,data/result_scan_loss/results_logs_loss_lora/summary_lora.csv,DATA-0744,6159717888C13F8BB10599180087249B9692DD3BCC4C69A5BBD59B06D628EB15,result_scan_loss,lora,food101,1,unknown,,,,ce,85.08,,,,,csv_summary_with_log_match,summary row; seed/split not verified,20,results_logs_lora/lora_food101_1shot_ce_LAMBDA_O0.03.log,data/result_scan_loss/results_logs_loss_lora/lora_food101_1shot_ce_LAMBDA_O0.03.log,DATA-0698,85.08,,
csv_summary,data/result_scan_loss/results_logs_loss_lora/summary_lora.csv,DATA-0744,6159717888C13F8BB10599180087249B9692DD3BCC4C69A5BBD59B06D628EB15,result_scan_loss,lora,food101,1,unknown,,,,ce_ls,84.56,,,,,csv_summary_with_log_match,summary row; seed/split not verified,21,results_logs_lora/lora_food101_1shot_ce_ls_LAMBDA_O0.03.log,data/result_scan_loss/results_logs_loss_lora/lora_food101_1shot_ce_ls_LAMBDA_O0.03.log,DATA-0699,84.56,,
csv_summary,data/result_scan_loss/results_logs_loss_lora/summary_lora.csv,DATA-0744,6159717888C13F8BB10599180087249B9692DD3BCC4C69A5BBD59B06D628EB15,result_scan_loss,lora,food101,1,unknown,,,,arcface,82.42,,,,,csv_summary_with_log_match,summary row; seed/split not verified,22,results_logs_lora/lora_food101_1shot_arcface_LAMBDA_O0.03.log,data/result_scan_loss/results_logs_loss_lora/lora_food101_1shot_arcface_LAMBDA_O0.03.log,DATA-0696,82.42,,
csv_summary,data/result_scan_loss/results_logs_loss_lora/summary_lora.csv,DATA-0744,6159717888C13F8BB10599180087249B9692DD3BCC4C69A5BBD59B06D628EB15,result_scan_loss,lora,food101,1,unknown,,,,cosface,82.24,,,,,csv_summary_with_log_match,summary row; seed/split not verified,23,results_logs_lora/lora_food101_1shot_cosface_LAMBDA_O0.03.log,data/result_scan_loss/results_logs_loss_lora/lora_food101_1shot_cosface_LAMBDA_O0.03.log,DATA-0701,82.24,,
csv_summary,data/result_scan_loss/results_logs_loss_lora/summary_lora.csv,DATA-0744,6159717888C13F8BB10599180087249B9692DD3BCC4C69A5BBD59B06D628EB15,result_scan_loss,lora,food101,1,unknown,,,,ce_center,84.93,,,,,csv_summary_with_log_match,summary row; seed/split not verified,24,results_logs_lora/lora_food101_1shot_ce_center_LAMBDA_O0.03.log,data/result_scan_loss/results_logs_loss_lora/lora_food101_1shot_ce_center_LAMBDA_O0.03.log,DATA-0697,84.93,,
csv_summary,data/result_scan_loss/results_logs_loss_lora/summary_lora.csv,DATA-0744,6159717888C13F8BB10599180087249B9692DD3BCC4C69A5BBD59B06D628EB15,result_scan_loss,lora,food101,1,unknown,,,,ce_maxent,85.14,,,,,csv_summary_with_log_match,summary row; seed/split not verified,25,results_logs_lora/lora_food101_1shot_ce_maxent_LAMBDA_O0.03.log,data/result_scan_loss/results_logs_loss_lora/lora_food101_1shot_ce_maxent_LAMBDA_O0.03.log,DATA-0700,85.14,,
csv_summary,data/result_scan_loss/results_logs_loss_lora/summary_lora.csv,DATA-0744,6159717888C13F8BB10599180087249B9692DD3BCC4C69A5BBD59B06D628EB15,result_scan_loss,lora,oxford_pets,1,unknown,,,,ce,91.52,,,,,csv_summary_with_log_match,summary row; seed/split not verified,26,results_logs_lora/lora_oxford_pets_1shot_ce_LAMBDA_O0.03.log,data/result_scan_loss/results_logs_loss_lora/lora_oxford_pets_1shot_ce_LAMBDA_O0.03.log,DATA-0722,91.52,,
csv_summary,data/result_scan_loss/results_logs_loss_lora/summary_lora.csv,DATA-0744,6159717888C13F8BB10599180087249B9692DD3BCC4C69A5BBD59B06D628EB15,result_scan_loss,lora,oxford_pets,1,unknown,,,,ce_ls,84.36,,,,,csv_summary_with_log_match,summary row; seed/split not verified,27,results_logs_lora/lora_oxford_pets_1shot_ce_ls_LAMBDA_O0.03.log,data/result_scan_loss/results_logs_loss_lora/lora_oxford_pets_1shot_ce_ls_LAMBDA_O0.03.log,DATA-0723,84.36,,
csv_summary,data/result_scan_loss/results_logs_loss_lora/summary_lora.csv,DATA-0744,6159717888C13F8BB10599180087249B9692DD3BCC4C69A5BBD59B06D628EB15,result_scan_loss,lora,oxford_pets,1,unknown,,,,arcface,84.36,,,,,csv_summary_with_log_match,summary row; seed/split not verified,28,results_logs_lora/lora_oxford_pets_1shot_arcface_LAMBDA_O0.03.log,data/result_scan_loss/results_logs_loss_lora/lora_oxford_pets_1shot_arcface_LAMBDA_O0.03.log,DATA-0720,84.36,,
csv_summary,data/result_scan_loss/results_logs_loss_lora/summary_lora.csv,DATA-0744,6159717888C13F8BB10599180087249B9692DD3BCC4C69A5BBD59B06D628EB15,result_scan_loss,lora,oxford_pets,1,unknown,,,,cosface,84.71,,,,,csv_summary_with_log_match,summary row; seed/split not verified,29,results_logs_lora/lora_oxford_pets_1shot_cosface_LAMBDA_O0.03.log,data/result_scan_loss/results_logs_loss_lora/lora_oxford_pets_1shot_cosface_LAMBDA_O0.03.log,DATA-0725,84.71,,
csv_summary,data/result_scan_loss/results_logs_loss_lora/summary_lora.csv,DATA-0744,6159717888C13F8BB10599180087249B9692DD3BCC4C69A5BBD59B06D628EB15,result_scan_loss,lora,oxford_pets,1,unknown,,,,ce_center,91.74,,,,,csv_summary_with_log_match,summary row; seed/split not verified,30,results_logs_lora/lora_oxford_pets_1shot_ce_center_LAMBDA_O0.03.log,data/result_scan_loss/results_logs_loss_lora/lora_oxford_pets_1shot_ce_center_LAMBDA_O0.03.log,DATA-0721,91.74,,
csv_summary,data/result_scan_loss/results_logs_loss_lora/summary_lora.csv,DATA-0744,6159717888C13F8BB10599180087249B9692DD3BCC4C69A5BBD59B06D628EB15,result_scan_loss,lora,oxford_pets,1,unknown,,,,ce_maxent,91.91,,,,,csv_summary_with_log_match,summary row; seed/split not verified,31,results_logs_lora/lora_oxford_pets_1shot_ce_maxent_LAMBDA_O0.03.log,data/result_scan_loss/results_logs_loss_lora/lora_oxford_pets_1shot_ce_maxent_LAMBDA_O0.03.log,DATA-0724,91.91,,
csv_summary,data/result_scan_loss/results_logs_loss_lora/summary_lora.csv,DATA-0744,6159717888C13F8BB10599180087249B9692DD3BCC4C69A5BBD59B06D628EB15,result_scan_loss,lora,oxford_flowers,1,unknown,,,,ce,83.35,,,,,csv_summary_with_log_match,summary row; seed/split not verified,32,results_logs_lora/lora_oxford_flowers_1shot_ce_LAMBDA_O0.03.log,data/result_scan_loss/results_logs_loss_lora/lora_oxford_flowers_1shot_ce_LAMBDA_O0.03.log,DATA-0710,83.35,,
csv_summary,data/result_scan_loss/results_logs_loss_lora/summary_lora.csv,DATA-0744,6159717888C13F8BB10599180087249B9692DD3BCC4C69A5BBD59B06D628EB15,result_scan_loss,lora,oxford_flowers,1,unknown,,,,ce_ls,81.57,,,,,csv_summary_with_log_match,summary row; seed/split not verified,33,results_logs_lora/lora_oxford_flowers_1shot_ce_ls_LAMBDA_O0.03.log,data/result_scan_loss/results_logs_loss_lora/lora_oxford_flowers_1shot_ce_ls_LAMBDA_O0.03.log,DATA-0711,81.57,,
csv_summary,data/result_scan_loss/results_logs_loss_lora/summary_lora.csv,DATA-0744,6159717888C13F8BB10599180087249B9692DD3BCC4C69A5BBD59B06D628EB15,result_scan_loss,lora,oxford_flowers,1,unknown,,,,arcface,77.34,,,,,csv_summary_with_log_match,summary row; seed/split not verified,34,results_logs_lora/lora_oxford_flowers_1shot_arcface_LAMBDA_O0.03.log,data/result_scan_loss/results_logs_loss_lora/lora_oxford_flowers_1shot_arcface_LAMBDA_O0.03.log,DATA-0708,77.34,,
csv_summary,data/result_scan_loss/results_logs_loss_lora/summary_lora.csv,DATA-0744,6159717888C13F8BB10599180087249B9692DD3BCC4C69A5BBD59B06D628EB15,result_scan_loss,lora,oxford_flowers,1,unknown,,,,cosface,77.26,,,,,csv_summary_with_log_match,summary row; seed/split not verified,35,results_logs_lora/lora_oxford_flowers_1shot_cosface_LAMBDA_O0.03.log,data/result_scan_loss/results_logs_loss_lora/lora_oxford_flowers_1shot_cosface_LAMBDA_O0.03.log,DATA-0713,77.26,,
csv_summary,data/result_scan_loss/results_logs_loss_lora/summary_lora.csv,DATA-0744,6159717888C13F8BB10599180087249B9692DD3BCC4C69A5BBD59B06D628EB15,result_scan_loss,lora,oxford_flowers,1,unknown,,,,ce_center,82.1,,,,,csv_summary_with_log_match,summary row; seed/split not verified,36,results_logs_lora/lora_oxford_flowers_1shot_ce_center_LAMBDA_O0.03.log,data/result_scan_loss/results_logs_loss_lora/lora_oxford_flowers_1shot_ce_center_LAMBDA_O0.03.log,DATA-0709,82.1,,
csv_summary,data/result_scan_loss/results_logs_loss_lora/summary_lora.csv,DATA-0744,6159717888C13F8BB10599180087249B9692DD3BCC4C69A5BBD59B06D628EB15,result_scan_loss,lora,oxford_flowers,1,unknown,,,,ce_maxent,83.35,,,,,csv_summary_with_log_match,summary row; seed/split not verified,37,results_logs_lora/lora_oxford_flowers_1shot_ce_maxent_LAMBDA_O0.03.log,data/result_scan_loss/results_logs_loss_lora/lora_oxford_flowers_1shot_ce_maxent_LAMBDA_O0.03.log,DATA-0712,83.35,,
csv_summary,data/result_scan_loss/results_logs_loss_lora/summary_lora.csv,DATA-0744,6159717888C13F8BB10599180087249B9692DD3BCC4C69A5BBD59B06D628EB15,result_scan_loss,lora,caltech101,1,unknown,,,,ce,93.67,,,,,csv_summary_with_log_match,summary row; seed/split not verified,38,results_logs_lora/lora_caltech101_1shot_ce_LAMBDA_O0.03.log,data/result_scan_loss/results_logs_loss_lora/lora_caltech101_1shot_ce_LAMBDA_O0.03.log,DATA-0650,93.67,,
csv_summary,data/result_scan_loss/results_logs_loss_lora/summary_lora.csv,DATA-0744,6159717888C13F8BB10599180087249B9692DD3BCC4C69A5BBD59B06D628EB15,result_scan_loss,lora,caltech101,1,unknown,,,,ce_ls,94.16,,,,,csv_summary_with_log_match,summary row; seed/split not verified,39,results_logs_lora/lora_caltech101_1shot_ce_ls_LAMBDA_O0.03.log,data/result_scan_loss/results_logs_loss_lora/lora_caltech101_1shot_ce_ls_LAMBDA_O0.03.log,DATA-0651,94.16,,
csv_summary,data/result_scan_loss/results_logs_loss_lora/summary_lora.csv,DATA-0744,6159717888C13F8BB10599180087249B9692DD3BCC4C69A5BBD59B06D628EB15,result_scan_loss,lora,caltech101,1,unknown,,,,arcface,94.16,,,,,csv_summary_with_log_match,summary row; seed/split not verified,40,results_logs_lora/lora_caltech101_1shot_arcface_LAMBDA_O0.03.log,data/result_scan_loss/results_logs_loss_lora/lora_caltech101_1shot_arcface_LAMBDA_O0.03.log,DATA-0648,94.16,,
csv_summary,data/result_scan_loss/results_logs_loss_lora/summary_lora.csv,DATA-0744,6159717888C13F8BB10599180087249B9692DD3BCC4C69A5BBD59B06D628EB15,result_scan_loss,lora,caltech101,1,unknown,,,,cosface,93.96,,,,,csv_summary_with_log_match,summary row; seed/split not verified,41,results_logs_lora/lora_caltech101_1shot_cosface_LAMBDA_O0.03.log,data/result_scan_loss/results_logs_loss_lora/lora_caltech101_1shot_cosface_LAMBDA_O0.03.log,DATA-0653,93.96,,
csv_summary,data/result_scan_loss/results_logs_loss_lora/summary_lora.csv,DATA-0744,6159717888C13F8BB10599180087249B9692DD3BCC4C69A5BBD59B06D628EB15,result_scan_loss,lora,caltech101,1,unknown,,,,ce_center,94.16,,,,,csv_summary_with_log_match,summary row; seed/split not verified,42,results_logs_lora/lora_caltech101_1shot_ce_center_LAMBDA_O0.03.log,data/result_scan_loss/results_logs_loss_lora/lora_caltech101_1shot_ce_center_LAMBDA_O0.03.log,DATA-0649,94.16,,
csv_summary,data/result_scan_loss/results_logs_loss_lora/summary_lora.csv,DATA-0744,6159717888C13F8BB10599180087249B9692DD3BCC4C69A5BBD59B06D628EB15,result_scan_loss,lora,caltech101,1,unknown,,,,ce_maxent,93.71,,,,,csv_summary_with_log_match,summary row; seed/split not verified,43,results_logs_lora/lora_caltech101_1shot_ce_maxent_LAMBDA_O0.03.log,data/result_scan_loss/results_logs_loss_lora/lora_caltech101_1shot_ce_maxent_LAMBDA_O0.03.log,DATA-0652,93.71,,
csv_summary,data/result_scan_loss/results_logs_loss_lora/summary_lora.csv,DATA-0744,6159717888C13F8BB10599180087249B9692DD3BCC4C69A5BBD59B06D628EB15,result_scan_loss,lora,dtd,1,unknown,,,,ce,54.61,,,,,csv_summary_with_log_match,summary row; seed/split not verified,44,results_logs_lora/lora_dtd_1shot_ce_LAMBDA_O0.03.log,data/result_scan_loss/results_logs_loss_lora/lora_dtd_1shot_ce_LAMBDA_O0.03.log,DATA-0662,54.61,,
csv_summary,data/result_scan_loss/results_logs_loss_lora/summary_lora.csv,DATA-0744,6159717888C13F8BB10599180087249B9692DD3BCC4C69A5BBD59B06D628EB15,result_scan_loss,lora,dtd,1,unknown,,,,ce_ls,51.65,,,,,csv_summary_with_log_match,summary row; seed/split not verified,45,results_logs_lora/lora_dtd_1shot_ce_ls_LAMBDA_O0.03.log,data/result_scan_loss/results_logs_loss_lora/lora_dtd_1shot_ce_ls_LAMBDA_O0.03.log,DATA-0663,51.65,,
csv_summary,data/result_scan_loss/results_logs_loss_lora/summary_lora.csv,DATA-0744,6159717888C13F8BB10599180087249B9692DD3BCC4C69A5BBD59B06D628EB15,result_scan_loss,lora,dtd,1,unknown,,,,arcface,54.61,,,,,csv_summary_with_log_match,summary row; seed/split not verified,46,results_logs_lora/lora_dtd_1shot_arcface_LAMBDA_O0.03.log,data/result_scan_loss/results_logs_loss_lora/lora_dtd_1shot_arcface_LAMBDA_O0.03.log,DATA-0660,54.61,,
csv_summary,data/result_scan_loss/results_logs_loss_lora/summary_lora.csv,DATA-0744,6159717888C13F8BB10599180087249B9692DD3BCC4C69A5BBD59B06D628EB15,result_scan_loss,lora,dtd,1,unknown,,,,cosface,55.02,,,,,csv_summary_with_log_match,summary row; seed/split not verified,47,results_logs_lora/lora_dtd_1shot_cosface_LAMBDA_O0.03.log,data/result_scan_loss/results_logs_loss_lora/lora_dtd_1shot_cosface_LAMBDA_O0.03.log,DATA-0665,55.02,,
csv_summary,data/result_scan_loss/results_logs_loss_lora/summary_lora.csv,DATA-0744,6159717888C13F8BB10599180087249B9692DD3BCC4C69A5BBD59B06D628EB15,result_scan_loss,lora,dtd,1,unknown,,,,ce_center,54.49,,,,,csv_summary_with_log_match,summary row; seed/split not verified,48,results_logs_lora/lora_dtd_1shot_ce_center_LAMBDA_O0.03.log,data/result_scan_loss/results_logs_loss_lora/lora_dtd_1shot_ce_center_LAMBDA_O0.03.log,DATA-0661,54.49,,
csv_summary,data/result_scan_loss/results_logs_loss_lora/summary_lora.csv,DATA-0744,6159717888C13F8BB10599180087249B9692DD3BCC4C69A5BBD59B06D628EB15,result_scan_loss,lora,dtd,1,unknown,,,,ce_maxent,54.2,,,,,csv_summary_with_log_match,summary row; seed/split not verified,49,results_logs_lora/lora_dtd_1shot_ce_maxent_LAMBDA_O0.03.log,data/result_scan_loss/results_logs_loss_lora/lora_dtd_1shot_ce_maxent_LAMBDA_O0.03.log,DATA-0664,54.2,,
csv_summary,data/result_scan_loss/results_logs_loss_lora/summary_lora.csv,DATA-0744,6159717888C13F8BB10599180087249B9692DD3BCC4C69A5BBD59B06D628EB15,result_scan_loss,lora,ucf101,1,unknown,,,,ce,76.29,,,,,csv_summary_with_log_match,summary row; seed/split not verified,50,results_logs_lora/lora_ucf101_1shot_ce_LAMBDA_O0.03.log,data/result_scan_loss/results_logs_loss_lora/lora_ucf101_1shot_ce_LAMBDA_O0.03.log,DATA-0734,76.29,,
csv_summary,data/result_scan_loss/results_logs_loss_lora/summary_lora.csv,DATA-0744,6159717888C13F8BB10599180087249B9692DD3BCC4C69A5BBD59B06D628EB15,result_scan_loss,lora,ucf101,1,unknown,,,,ce_ls,75.23,,,,,csv_summary_with_log_match,summary row; seed/split not verified,51,results_logs_lora/lora_ucf101_1shot_ce_ls_LAMBDA_O0.03.log,data/result_scan_loss/results_logs_loss_lora/lora_ucf101_1shot_ce_ls_LAMBDA_O0.03.log,DATA-0735,75.23,,
csv_summary,data/result_scan_loss/results_logs_loss_lora/summary_lora.csv,DATA-0744,6159717888C13F8BB10599180087249B9692DD3BCC4C69A5BBD59B06D628EB15,result_scan_loss,lora,ucf101,1,unknown,,,,arcface,74.89,,,,,csv_summary_with_log_match,summary row; seed/split not verified,52,results_logs_lora/lora_ucf101_1shot_arcface_LAMBDA_O0.03.log,data/result_scan_loss/results_logs_loss_lora/lora_ucf101_1shot_arcface_LAMBDA_O0.03.log,DATA-0732,74.89,,
csv_summary,data/result_scan_loss/results_logs_loss_lora/summary_lora.csv,DATA-0744,6159717888C13F8BB10599180087249B9692DD3BCC4C69A5BBD59B06D628EB15,result_scan_loss,lora,ucf101,1,unknown,,,,cosface,74.91,,,,,csv_summary_with_log_match,summary row; seed/split not verified,53,results_logs_lora/lora_ucf101_1shot_cosface_LAMBDA_O0.03.log,data/result_scan_loss/results_logs_loss_lora/lora_ucf101_1shot_cosface_LAMBDA_O0.03.log,DATA-0737,74.91,,
csv_summary,data/result_scan_loss/results_logs_loss_lora/summary_lora.csv,DATA-0744,6159717888C13F8BB10599180087249B9692DD3BCC4C69A5BBD59B06D628EB15,result_scan_loss,lora,ucf101,1,unknown,,,,ce_center,76.0,,,,,csv_summary_with_log_match,summary row; seed/split not verified,54,results_logs_lora/lora_ucf101_1shot_ce_center_LAMBDA_O0.03.log,data/result_scan_loss/results_logs_loss_lora/lora_ucf101_1shot_ce_center_LAMBDA_O0.03.log,DATA-0733,76.0,,
csv_summary,data/result_scan_loss/results_logs_loss_lora/summary_lora.csv,DATA-0744,6159717888C13F8BB10599180087249B9692DD3BCC4C69A5BBD59B06D628EB15,result_scan_loss,lora,ucf101,1,unknown,,,,ce_maxent,76.34,,,,,csv_summary_with_log_match,summary row; seed/split not verified,55,results_logs_lora/lora_ucf101_1shot_ce_maxent_LAMBDA_O0.03.log,data/result_scan_loss/results_logs_loss_lora/lora_ucf101_1shot_ce_maxent_LAMBDA_O0.03.log,DATA-0736,76.34,,
csv_summary,data/results_ablation_heads_lambda/summary_ablation_ohsinglora_16shot.csv,DATA-0907,CD9363483F484AB35147C83DC9555A0F93DB1DAC8A9EBC59715AAD9657A101E5,results_ablation_heads_lambda,ohsinglora,eurosat,16,unknown,4,1,0.0,,91.01,,,,,csv_summary_with_log_match,summary row; seed/split not verified,2,ohsinglora_eurosat_16shot_R4_H1_Lo0.log,data/results_ablation_heads_lambda/ohsinglora_eurosat_16shot_R4_H1_Lo0.log,DATA-0874,91.01,230400,3155.56
csv_summary,data/results_ablation_heads_lambda/summary_ablation_ohsinglora_16shot.csv,DATA-0907,CD9363483F484AB35147C83DC9555A0F93DB1DAC8A9EBC59715AAD9657A101E5,results_ablation_heads_lambda,ohsinglora,caltech101,16,unknown,4,1,0.0,,96.35,,,,,csv_summary_with_log_match,summary row; seed/split not verified,3,ohsinglora_caltech101_16shot_R4_H1_Lo0.log,data/results_ablation_heads_lambda/ohsinglora_caltech101_16shot_R4_H1_Lo0.log,DATA-0841,96.35,230400,2512.67
csv_summary,data/results_ablation_heads_lambda/summary_ablation_ohsinglora_16shot.csv,DATA-0907,CD9363483F484AB35147C83DC9555A0F93DB1DAC8A9EBC59715AAD9657A101E5,results_ablation_heads_lambda,ohsinglora,eurosat,16,unknown,4,2,0.0,,91.27,,,,,csv_summary_with_log_match,summary row; seed/split not verified,4,ohsinglora_eurosat_16shot_R4_H2_Lo0.log,data/results_ablation_heads_lambda/ohsinglora_eurosat_16shot_R4_H2_Lo0.log,DATA-0879,91.27,276480,3382.24
csv_summary,data/results_ablation_heads_lambda/summary_ablation_ohsinglora_16shot.csv,DATA-0907,CD9363483F484AB35147C83DC9555A0F93DB1DAC8A9EBC59715AAD9657A101E5,results_ablation_heads_lambda,ohsinglora,caltech101,16,unknown,4,2,0.0,,96.27,,,,,csv_summary_with_log_match,summary row; seed/split not verified,5,ohsinglora_caltech101_16shot_R4_H2_Lo0.log,data/results_ablation_heads_lambda/ohsinglora_caltech101_16shot_R4_H2_Lo0.log,DATA-0846,96.27,276480,2647.63
csv_summary,data/results_ablation_heads_lambda/summary_ablation_ohsinglora_16shot.csv,DATA-0907,CD9363483F484AB35147C83DC9555A0F93DB1DAC8A9EBC59715AAD9657A101E5,results_ablation_heads_lambda,ohsinglora,eurosat,16,unknown,4,2,0.01,,91.44,,,,,csv_summary_with_log_match,summary row; seed/split not verified,6,ohsinglora_eurosat_16shot_R4_H2_Lo0.01.log,data/results_ablation_heads_lambda/ohsinglora_eurosat_16shot_R4_H2_Lo0.01.log,DATA-0875,91.44,276480,3905.56
csv_summary,data/results_ablation_heads_lambda/summary_ablation_ohsinglora_16shot.csv,DATA-0907,CD9363483F484AB35147C83DC9555A0F93DB1DAC8A9EBC59715AAD9657A101E5,results_ablation_heads_lambda,ohsinglora,caltech101,16,unknown,4,2,0.01,,96.27,,,,,csv_summary_with_log_match,summary row; seed/split not verified,7,ohsinglora_caltech101_16shot_R4_H2_Lo0.01.log,data/results_ablation_heads_lambda/ohsinglora_caltech101_16shot_R4_H2_Lo0.01.log,DATA-0842,96.27,276480,3230.68
csv_summary,data/results_ablation_heads_lambda/summary_ablation_ohsinglora_16shot.csv,DATA-0907,CD9363483F484AB35147C83DC9555A0F93DB1DAC8A9EBC59715AAD9657A101E5,results_ablation_heads_lambda,ohsinglora,eurosat,16,unknown,4,2,0.03,,91.41,,,,,csv_summary_with_log_match,summary row; seed/split not verified,8,ohsinglora_eurosat_16shot_R4_H2_Lo0.03.log,data/results_ablation_heads_lambda/ohsinglora_eurosat_16shot_R4_H2_Lo0.03.log,DATA-0876,91.41,276480,3917.9
csv_summary,data/results_ablation_heads_lambda/summary_ablation_ohsinglora_16shot.csv,DATA-0907,CD9363483F484AB35147C83DC9555A0F93DB1DAC8A9EBC59715AAD9657A101E5,results_ablation_heads_lambda,ohsinglora,caltech101,16,unknown,4,2,0.03,,96.15,,,,,csv_summary_with_log_match,summary row; seed/split not verified,9,ohsinglora_caltech101_16shot_R4_H2_Lo0.03.log,data/results_ablation_heads_lambda/ohsinglora_caltech101_16shot_R4_H2_Lo0.03.log,DATA-0843,96.15,276480,3197.22
csv_summary,data/results_ablation_heads_lambda/summary_ablation_ohsinglora_16shot.csv,DATA-0907,CD9363483F484AB35147C83DC9555A0F93DB1DAC8A9EBC59715AAD9657A101E5,results_ablation_heads_lambda,ohsinglora,eurosat,16,unknown,4,2,0.05,,91.54,,,,,csv_summary_with_log_match,summary row; seed/split not verified,10,ohsinglora_eurosat_16shot_R4_H2_Lo0.05.log,data/results_ablation_heads_lambda/ohsinglora_eurosat_16shot_R4_H2_Lo0.05.log,DATA-0877,91.54,276480,3958.13
csv_summary,data/results_ablation_heads_lambda/summary_ablation_ohsinglora_16shot.csv,DATA-0907,CD9363483F484AB35147C83DC9555A0F93DB1DAC8A9EBC59715AAD9657A101E5,results_ablation_heads_lambda,ohsinglora,caltech101,16,unknown,4,2,0.05,,96.15,,,,,csv_summary_with_log_match,summary row; seed/split not verified,11,ohsinglora_caltech101_16shot_R4_H2_Lo0.05.log,data/results_ablation_heads_lambda/ohsinglora_caltech101_16shot_R4_H2_Lo0.05.log,DATA-0844,96.15,276480,3270.71
csv_summary,data/results_ablation_heads_lambda/summary_ablation_ohsinglora_16shot.csv,DATA-0907,CD9363483F484AB35147C83DC9555A0F93DB1DAC8A9EBC59715AAD9657A101E5,results_ablation_heads_lambda,ohsinglora,eurosat,16,unknown,4,2,0.1,,91.46,,,,,csv_summary_with_log_match,summary row; seed/split not verified,12,ohsinglora_eurosat_16shot_R4_H2_Lo0.1.log,data/results_ablation_heads_lambda/ohsinglora_eurosat_16shot_R4_H2_Lo0.1.log,DATA-0878,91.46,276480,3935.56
csv_summary,data/results_ablation_heads_lambda/summary_ablation_ohsinglora_16shot.csv,DATA-0907,CD9363483F484AB35147C83DC9555A0F93DB1DAC8A9EBC59715AAD9657A101E5,results_ablation_heads_lambda,ohsinglora,caltech101,16,unknown,4,2,0.1,,96.15,,,,,csv_summary_with_log_match,summary row; seed/split not verified,13,ohsinglora_caltech101_16shot_R4_H2_Lo0.1.log,data/results_ablation_heads_lambda/ohsinglora_caltech101_16shot_R4_H2_Lo0.1.log,DATA-0845,96.15,276480,3195.34
csv_summary,data/results_ablation_heads_lambda/summary_ablation_ohsinglora_16shot.csv,DATA-0907,CD9363483F484AB35147C83DC9555A0F93DB1DAC8A9EBC59715AAD9657A101E5,results_ablation_heads_lambda,ohsinglora,eurosat,16,unknown,4,4,0.0,,90.74,,,,,csv_summary_with_log_match,summary row; seed/split not verified,14,ohsinglora_eurosat_16shot_R4_H4_Lo0.log,data/results_ablation_heads_lambda/ohsinglora_eurosat_16shot_R4_H4_Lo0.log,DATA-0884,90.74,368640,3492.32
csv_summary,data/results_ablation_heads_lambda/summary_ablation_ohsinglora_16shot.csv,DATA-0907,CD9363483F484AB35147C83DC9555A0F93DB1DAC8A9EBC59715AAD9657A101E5,results_ablation_heads_lambda,ohsinglora,caltech101,16,unknown,4,4,0.0,,96.43,,,,,csv_summary_with_log_match,summary row; seed/split not verified,15,ohsinglora_caltech101_16shot_R4_H4_Lo0.log,data/results_ablation_heads_lambda/ohsinglora_caltech101_16shot_R4_H4_Lo0.log,DATA-0851,96.43,368640,2715.21
csv_summary,data/results_ablation_heads_lambda/summary_ablation_ohsinglora_16shot.csv,DATA-0907,CD9363483F484AB35147C83DC9555A0F93DB1DAC8A9EBC59715AAD9657A101E5,results_ablation_heads_lambda,ohsinglora,eurosat,16,unknown,4,4,0.01,,90.64,,,,,csv_summary_with_log_match,summary row; seed/split not verified,16,ohsinglora_eurosat_16shot_R4_H4_Lo0.01.log,data/results_ablation_heads_lambda/ohsinglora_eurosat_16shot_R4_H4_Lo0.01.log,DATA-0880,90.64,368640,6217.59
csv_summary,data/results_ablation_heads_lambda/summary_ablation_ohsinglora_16shot.csv,DATA-0907,CD9363483F484AB35147C83DC9555A0F93DB1DAC8A9EBC59715AAD9657A101E5,results_ablation_heads_lambda,ohsinglora,caltech101,16,unknown,4,4,0.01,,96.51,,,,,csv_summary_with_log_match,summary row; seed/split not verified,17,ohsinglora_caltech101_16shot_R4_H4_Lo0.01.log,data/results_ablation_heads_lambda/ohsinglora_caltech101_16shot_R4_H4_Lo0.01.log,DATA-0847,96.51,368640,5497.01
csv_summary,data/results_ablation_heads_lambda/summary_ablation_ohsinglora_16shot.csv,DATA-0907,CD9363483F484AB35147C83DC9555A0F93DB1DAC8A9EBC59715AAD9657A101E5,results_ablation_heads_lambda,ohsinglora,eurosat,16,unknown,4,4,0.03,,90.59,,,,,csv_summary_with_log_match,summary row; seed/split not verified,18,ohsinglora_eurosat_16shot_R4_H4_Lo0.03.log,data/results_ablation_heads_lambda/ohsinglora_eurosat_16shot_R4_H4_Lo0.03.log,DATA-0881,90.59,368640,6143.79
csv_summary,data/results_ablation_heads_lambda/summary_ablation_ohsinglora_16shot.csv,DATA-0907,CD9363483F484AB35147C83DC9555A0F93DB1DAC8A9EBC59715AAD9657A101E5,results_ablation_heads_lambda,ohsinglora,caltech101,16,unknown,4,4,0.03,,96.55,,,,,csv_summary_with_log_match,summary row; seed/split not verified,19,ohsinglora_caltech101_16shot_R4_H4_Lo0.03.log,data/results_ablation_heads_lambda/ohsinglora_caltech101_16shot_R4_H4_Lo0.03.log,DATA-0848,96.55,368640,5452.38
csv_summary,data/results_ablation_heads_lambda/summary_ablation_ohsinglora_16shot.csv,DATA-0907,CD9363483F484AB35147C83DC9555A0F93DB1DAC8A9EBC59715AAD9657A101E5,results_ablation_heads_lambda,ohsinglora,eurosat,16,unknown,4,4,0.05,,90.48,,,,,csv_summary_with_log_match,summary row; seed/split not verified,20,ohsinglora_eurosat_16shot_R4_H4_Lo0.05.log,data/results_ablation_heads_lambda/ohsinglora_eurosat_16shot_R4_H4_Lo0.05.log,DATA-0882,90.48,368640,6169.12
csv_summary,data/results_ablation_heads_lambda/summary_ablation_ohsinglora_16shot.csv,DATA-0907,CD9363483F484AB35147C83DC9555A0F93DB1DAC8A9EBC59715AAD9657A101E5,results_ablation_heads_lambda,ohsinglora,caltech101,16,unknown,4,4,0.05,,96.55,,,,,csv_summary_with_log_match,summary row; seed/split not verified,21,ohsinglora_caltech101_16shot_R4_H4_Lo0.05.log,data/results_ablation_heads_lambda/ohsinglora_caltech101_16shot_R4_H4_Lo0.05.log,DATA-0849,96.55,368640,5429.47
csv_summary,data/results_ablation_heads_lambda/summary_ablation_ohsinglora_16shot.csv,DATA-0907,CD9363483F484AB35147C83DC9555A0F93DB1DAC8A9EBC59715AAD9657A101E5,results_ablation_heads_lambda,ohsinglora,eurosat,16,unknown,4,4,0.1,,90.65,,,,,csv_summary_with_log_match,summary row; seed/split not verified,22,ohsinglora_eurosat_16shot_R4_H4_Lo0.1.log,data/results_ablation_heads_lambda/ohsinglora_eurosat_16shot_R4_H4_Lo0.1.log,DATA-0883,90.65,368640,6204.02
csv_summary,data/results_ablation_heads_lambda/summary_ablation_ohsinglora_16shot.csv,DATA-0907,CD9363483F484AB35147C83DC9555A0F93DB1DAC8A9EBC59715AAD9657A101E5,results_ablation_heads_lambda,ohsinglora,caltech101,16,unknown,4,4,0.1,,96.47,,,,,csv_summary_with_log_match,summary row; seed/split not verified,23,ohsinglora_caltech101_16shot_R4_H4_Lo0.1.log,data/results_ablation_heads_lambda/ohsinglora_caltech101_16shot_R4_H4_Lo0.1.log,DATA-0850,96.47,368640,5413.56
csv_summary,data/results_ablation_heads_lambda/summary_ablation_ohsinglora_1shot.csv,DATA-0908,D20D53CD70D53C68E39F5389475F3BEF04AA3613730F5984E21EB9CF2CDE2ACD,results_ablation_heads_lambda,ohsinglora,eurosat,1,unknown,4,1,0.0,,74.22,,,,,csv_summary_with_log_match,summary row; seed/split not verified,2,ohsinglora_eurosat_1shot_R4_H1_Lo0.log,data/results_ablation_heads_lambda/ohsinglora_eurosat_1shot_R4_H1_Lo0.log,DATA-0885,74.22,230400,369.27
csv_summary,data/results_ablation_heads_lambda/summary_ablation_ohsinglora_1shot.csv,DATA-0908,D20D53CD70D53C68E39F5389475F3BEF04AA3613730F5984E21EB9CF2CDE2ACD,results_ablation_heads_lambda,ohsinglora,caltech101,1,unknown,4,1,0.0,,93.83,,,,,csv_summary_with_log_match,summary row; seed/split not verified,3,ohsinglora_caltech101_1shot_R4_H1_Lo0.log,data/results_ablation_heads_lambda/ohsinglora_caltech101_1shot_R4_H1_Lo0.log,DATA-0852,93.83,230400,258.49
csv_summary,data/results_ablation_heads_lambda/summary_ablation_ohsinglora_1shot.csv,DATA-0908,D20D53CD70D53C68E39F5389475F3BEF04AA3613730F5984E21EB9CF2CDE2ACD,results_ablation_heads_lambda,ohsinglora,eurosat,1,unknown,4,2,0.0,,73.27,,,,,csv_summary_with_log_match,summary row; seed/split not verified,4,ohsinglora_eurosat_1shot_R4_H2_Lo0.log,data/results_ablation_heads_lambda/ohsinglora_eurosat_1shot_R4_H2_Lo0.log,DATA-0890,73.27,276480,342.18
csv_summary,data/results_ablation_heads_lambda/summary_ablation_ohsinglora_1shot.csv,DATA-0908,D20D53CD70D53C68E39F5389475F3BEF04AA3613730F5984E21EB9CF2CDE2ACD,results_ablation_heads_lambda,ohsinglora,caltech101,1,unknown,4,2,0.0,,94.16,,,,,csv_summary_with_log_match,summary row; seed/split not verified,5,ohsinglora_caltech101_1shot_R4_H2_Lo0.log,data/results_ablation_heads_lambda/ohsinglora_caltech101_1shot_R4_H2_Lo0.log,DATA-0857,94.16,276480,278.68
csv_summary,data/results_ablation_heads_lambda/summary_ablation_ohsinglora_1shot.csv,DATA-0908,D20D53CD70D53C68E39F5389475F3BEF04AA3613730F5984E21EB9CF2CDE2ACD,results_ablation_heads_lambda,ohsinglora,eurosat,1,unknown,4,2,0.01,,73.28,,,,,csv_summary_with_log_match,summary row; seed/split not verified,6,ohsinglora_eurosat_1shot_R4_H2_Lo0.01.log,data/results_ablation_heads_lambda/ohsinglora_eurosat_1shot_R4_H2_Lo0.01.log,DATA-0886,73.28,276480,489.44
csv_summary,data/results_ablation_heads_lambda/summary_ablation_ohsinglora_1shot.csv,DATA-0908,D20D53CD70D53C68E39F5389475F3BEF04AA3613730F5984E21EB9CF2CDE2ACD,results_ablation_heads_lambda,ohsinglora,caltech101,1,unknown,4,2,0.01,,94.16,,,,,csv_summary_with_log_match,summary row; seed/split not verified,7,ohsinglora_caltech101_1shot_R4_H2_Lo0.01.log,data/results_ablation_heads_lambda/ohsinglora_caltech101_1shot_R4_H2_Lo0.01.log,DATA-0853,94.16,276480,307.19
csv_summary,data/results_ablation_heads_lambda/summary_ablation_ohsinglora_1shot.csv,DATA-0908,D20D53CD70D53C68E39F5389475F3BEF04AA3613730F5984E21EB9CF2CDE2ACD,results_ablation_heads_lambda,ohsinglora,eurosat,1,unknown,4,2,0.03,,73.2,,,,,csv_summary_with_log_match,summary row; seed/split not verified,8,ohsinglora_eurosat_1shot_R4_H2_Lo0.03.log,data/results_ablation_heads_lambda/ohsinglora_eurosat_1shot_R4_H2_Lo0.03.log,DATA-0887,73.2,276480,406.23
csv_summary,data/results_ablation_heads_lambda/summary_ablation_ohsinglora_1shot.csv,DATA-0908,D20D53CD70D53C68E39F5389475F3BEF04AA3613730F5984E21EB9CF2CDE2ACD,results_ablation_heads_lambda,ohsinglora,caltech101,1,unknown,4,2,0.03,,94.16,,,,,csv_summary_with_log_match,summary row; seed/split not verified,9,ohsinglora_caltech101_1shot_R4_H2_Lo0.03.log,data/results_ablation_heads_lambda/ohsinglora_caltech101_1shot_R4_H2_Lo0.03.log,DATA-0854,94.16,276480,264.47
csv_summary,data/results_ablation_heads_lambda/summary_ablation_ohsinglora_1shot.csv,DATA-0908,D20D53CD70D53C68E39F5389475F3BEF04AA3613730F5984E21EB9CF2CDE2ACD,results_ablation_heads_lambda,ohsinglora,eurosat,1,unknown,4,2,0.05,,73.15,,,,,csv_summary_with_log_match,summary row; seed/split not verified,10,ohsinglora_eurosat_1shot_R4_H2_Lo0.05.log,data/results_ablation_heads_lambda/ohsinglora_eurosat_1shot_R4_H2_Lo0.05.log,DATA-0888,73.15,276480,503.94
csv_summary,data/results_ablation_heads_lambda/summary_ablation_ohsinglora_1shot.csv,DATA-0908,D20D53CD70D53C68E39F5389475F3BEF04AA3613730F5984E21EB9CF2CDE2ACD,results_ablation_heads_lambda,ohsinglora,caltech101,1,unknown,4,2,0.05,,94.16,,,,,csv_summary_with_log_match,summary row; seed/split not verified,11,ohsinglora_caltech101_1shot_R4_H2_Lo0.05.log,data/results_ablation_heads_lambda/ohsinglora_caltech101_1shot_R4_H2_Lo0.05.log,DATA-0855,94.16,276480,283.9
csv_summary,data/results_ablation_heads_lambda/summary_ablation_ohsinglora_1shot.csv,DATA-0908,D20D53CD70D53C68E39F5389475F3BEF04AA3613730F5984E21EB9CF2CDE2ACD,results_ablation_heads_lambda,ohsinglora,eurosat,1,unknown,4,2,0.1,,72.86,,,,,csv_summary_with_log_match,summary row; seed/split not verified,12,ohsinglora_eurosat_1shot_R4_H2_Lo0.1.log,data/results_ablation_heads_lambda/ohsinglora_eurosat_1shot_R4_H2_Lo0.1.log,DATA-0889,72.86,276480,507.17
csv_summary,data/results_ablation_heads_lambda/summary_ablation_ohsinglora_1shot.csv,DATA-0908,D20D53CD70D53C68E39F5389475F3BEF04AA3613730F5984E21EB9CF2CDE2ACD,results_ablation_heads_lambda,ohsinglora,caltech101,1,unknown,4,2,0.1,,94.16,,,,,csv_summary_with_log_match,summary row; seed/split not verified,13,ohsinglora_caltech101_1shot_R4_H2_Lo0.1.log,data/results_ablation_heads_lambda/ohsinglora_caltech101_1shot_R4_H2_Lo0.1.log,DATA-0856,94.16,276480,327.36
csv_summary,data/results_ablation_heads_lambda/summary_ablation_ohsinglora_1shot.csv,DATA-0908,D20D53CD70D53C68E39F5389475F3BEF04AA3613730F5984E21EB9CF2CDE2ACD,results_ablation_heads_lambda,ohsinglora,eurosat,1,unknown,4,4,0.0,,69.84,,,,,csv_summary_with_log_match,summary row; seed/split not verified,14,ohsinglora_eurosat_1shot_R4_H4_Lo0.log,data/results_ablation_heads_lambda/ohsinglora_eurosat_1shot_R4_H4_Lo0.log,DATA-0895,69.84,368640,462.26
csv_summary,data/results_ablation_heads_lambda/summary_ablation_ohsinglora_1shot.csv,DATA-0908,D20D53CD70D53C68E39F5389475F3BEF04AA3613730F5984E21EB9CF2CDE2ACD,results_ablation_heads_lambda,ohsinglora,caltech101,1,unknown,4,4,0.0,,94.0,,,,,csv_summary_with_log_match,summary row; seed/split not verified,15,ohsinglora_caltech101_1shot_R4_H4_Lo0.log,data/results_ablation_heads_lambda/ohsinglora_caltech101_1shot_R4_H4_Lo0.log,DATA-0862,94.0,368640,242.76
csv_summary,data/results_ablation_heads_lambda/summary_ablation_ohsinglora_1shot.csv,DATA-0908,D20D53CD70D53C68E39F5389475F3BEF04AA3613730F5984E21EB9CF2CDE2ACD,results_ablation_heads_lambda,ohsinglora,eurosat,1,unknown,4,4,0.01,,70.28,,,,,csv_summary_with_log_match,summary row; seed/split not verified,16,ohsinglora_eurosat_1shot_R4_H4_Lo0.01.log,data/results_ablation_heads_lambda/ohsinglora_eurosat_1shot_R4_H4_Lo0.01.log,DATA-0891,70.28,368640,561.06
csv_summary,data/results_ablation_heads_lambda/summary_ablation_ohsinglora_1shot.csv,DATA-0908,D20D53CD70D53C68E39F5389475F3BEF04AA3613730F5984E21EB9CF2CDE2ACD,results_ablation_heads_lambda,ohsinglora,caltech101,1,unknown,4,4,0.01,,93.96,,,,,csv_summary_with_log_match,summary row; seed/split not verified,17,ohsinglora_caltech101_1shot_R4_H4_Lo0.01.log,data/results_ablation_heads_lambda/ohsinglora_caltech101_1shot_R4_H4_Lo0.01.log,DATA-0858,93.96,368640,404.09
csv_summary,data/results_ablation_heads_lambda/summary_ablation_ohsinglora_1shot.csv,DATA-0908,D20D53CD70D53C68E39F5389475F3BEF04AA3613730F5984E21EB9CF2CDE2ACD,results_ablation_heads_lambda,ohsinglora,eurosat,1,unknown,4,4,0.03,,70.27,,,,,csv_summary_with_log_match,summary row; seed/split not verified,18,ohsinglora_eurosat_1shot_R4_H4_Lo0.03.log,data/results_ablation_heads_lambda/ohsinglora_eurosat_1shot_R4_H4_Lo0.03.log,DATA-0892,70.27,368640,585.56
csv_summary,data/results_ablation_heads_lambda/summary_ablation_ohsinglora_1shot.csv,DATA-0908,D20D53CD70D53C68E39F5389475F3BEF04AA3613730F5984E21EB9CF2CDE2ACD,results_ablation_heads_lambda,ohsinglora,caltech101,1,unknown,4,4,0.03,,94.0,,,,,csv_summary_with_log_match,summary row; seed/split not verified,19,ohsinglora_caltech101_1shot_R4_H4_Lo0.03.log,data/results_ablation_heads_lambda/ohsinglora_caltech101_1shot_R4_H4_Lo0.03.log,DATA-0859,94.0,368640,408.65
csv_summary,data/results_ablation_heads_lambda/summary_ablation_ohsinglora_1shot.csv,DATA-0908,D20D53CD70D53C68E39F5389475F3BEF04AA3613730F5984E21EB9CF2CDE2ACD,results_ablation_heads_lambda,ohsinglora,eurosat,1,unknown,4,4,0.05,,70.35,,,,,csv_summary_with_log_match,summary row; seed/split not verified,20,ohsinglora_eurosat_1shot_R4_H4_Lo0.05.log,data/results_ablation_heads_lambda/ohsinglora_eurosat_1shot_R4_H4_Lo0.05.log,DATA-0893,70.35,368640,692.16
csv_summary,data/results_ablation_heads_lambda/summary_ablation_ohsinglora_1shot.csv,DATA-0908,D20D53CD70D53C68E39F5389475F3BEF04AA3613730F5984E21EB9CF2CDE2ACD,results_ablation_heads_lambda,ohsinglora,caltech101,1,unknown,4,4,0.05,,94.04,,,,,csv_summary_with_log_match,summary row; seed/split not verified,21,ohsinglora_caltech101_1shot_R4_H4_Lo0.05.log,data/results_ablation_heads_lambda/ohsinglora_caltech101_1shot_R4_H4_Lo0.05.log,DATA-0860,94.04,368640,404.92
csv_summary,data/results_ablation_heads_lambda/summary_ablation_ohsinglora_1shot.csv,DATA-0908,D20D53CD70D53C68E39F5389475F3BEF04AA3613730F5984E21EB9CF2CDE2ACD,results_ablation_heads_lambda,ohsinglora,eurosat,1,unknown,4,4,0.1,,70.56,,,,,csv_summary_with_log_match,summary row; seed/split not verified,22,ohsinglora_eurosat_1shot_R4_H4_Lo0.1.log,data/results_ablation_heads_lambda/ohsinglora_eurosat_1shot_R4_H4_Lo0.1.log,DATA-0894,70.56,368640,700.35
csv_summary,data/results_ablation_heads_lambda/summary_ablation_ohsinglora_1shot.csv,DATA-0908,D20D53CD70D53C68E39F5389475F3BEF04AA3613730F5984E21EB9CF2CDE2ACD,results_ablation_heads_lambda,ohsinglora,caltech101,1,unknown,4,4,0.1,,94.0,,,,,csv_summary_with_log_match,summary row; seed/split not verified,23,ohsinglora_caltech101_1shot_R4_H4_Lo0.1.log,data/results_ablation_heads_lambda/ohsinglora_caltech101_1shot_R4_H4_Lo0.1.log,DATA-0861,94.0,368640,406.08
csv_summary,data/results_ablation_heads_lambda/summary_ablation_ohsinglora_4shot.csv,DATA-0909,BDF6AF72F3A5F23274AFC6E9C5EF6AB6DCA8AB7BFDC97CF68CBBA03876158609,results_ablation_heads_lambda,ohsinglora,eurosat,4,unknown,4,1,0.0,,87.47,,,,,csv_summary_with_log_match,summary row; seed/split not verified,2,ohsinglora_eurosat_4shot_R4_H1_Lo0.log,data/results_ablation_heads_lambda/ohsinglora_eurosat_4shot_R4_H1_Lo0.log,DATA-0896,87.47,230400,1352.75
csv_summary,data/results_ablation_heads_lambda/summary_ablation_ohsinglora_4shot.csv,DATA-0909,BDF6AF72F3A5F23274AFC6E9C5EF6AB6DCA8AB7BFDC97CF68CBBA03876158609,results_ablation_heads_lambda,ohsinglora,caltech101,4,unknown,4,1,0.0,,95.5,,,,,csv_summary_with_log_match,summary row; seed/split not verified,3,ohsinglora_caltech101_4shot_R4_H1_Lo0.log,data/results_ablation_heads_lambda/ohsinglora_caltech101_4shot_R4_H1_Lo0.log,DATA-0863,95.5,230400,720.78
csv_summary,data/results_ablation_heads_lambda/summary_ablation_ohsinglora_4shot.csv,DATA-0909,BDF6AF72F3A5F23274AFC6E9C5EF6AB6DCA8AB7BFDC97CF68CBBA03876158609,results_ablation_heads_lambda,ohsinglora,eurosat,4,unknown,4,2,0.0,,88.07,,,,,csv_summary_with_log_match,summary row; seed/split not verified,4,ohsinglora_eurosat_4shot_R4_H2_Lo0.log,data/results_ablation_heads_lambda/ohsinglora_eurosat_4shot_R4_H2_Lo0.log,DATA-0901,88.07,276480,1138.75
csv_summary,data/results_ablation_heads_lambda/summary_ablation_ohsinglora_4shot.csv,DATA-0909,BDF6AF72F3A5F23274AFC6E9C5EF6AB6DCA8AB7BFDC97CF68CBBA03876158609,results_ablation_heads_lambda,ohsinglora,caltech101,4,unknown,4,2,0.0,,95.29,,,,,csv_summary_with_log_match,summary row; seed/split not verified,5,ohsinglora_caltech101_4shot_R4_H2_Lo0.log,data/results_ablation_heads_lambda/ohsinglora_caltech101_4shot_R4_H2_Lo0.log,DATA-0868,95.29,276480,726.03
csv_summary,data/results_ablation_heads_lambda/summary_ablation_ohsinglora_4shot.csv,DATA-0909,BDF6AF72F3A5F23274AFC6E9C5EF6AB6DCA8AB7BFDC97CF68CBBA03876158609,results_ablation_heads_lambda,ohsinglora,eurosat,4,unknown,4,2,0.01,,88.64,,,,,csv_summary_with_log_match,summary row; seed/split not verified,6,ohsinglora_eurosat_4shot_R4_H2_Lo0.01.log,data/results_ablation_heads_lambda/ohsinglora_eurosat_4shot_R4_H2_Lo0.01.log,DATA-0897,88.64,276480,1581.91
csv_summary,data/results_ablation_heads_lambda/summary_ablation_ohsinglora_4shot.csv,DATA-0909,BDF6AF72F3A5F23274AFC6E9C5EF6AB6DCA8AB7BFDC97CF68CBBA03876158609,results_ablation_heads_lambda,ohsinglora,caltech101,4,unknown,4,2,0.01,,95.29,,,,,csv_summary_with_log_match,summary row; seed/split not verified,7,ohsinglora_caltech101_4shot_R4_H2_Lo0.01.log,data/results_ablation_heads_lambda/ohsinglora_caltech101_4shot_R4_H2_Lo0.01.log,DATA-0864,95.29,276480,866.16
csv_summary,data/results_ablation_heads_lambda/summary_ablation_ohsinglora_4shot.csv,DATA-0909,BDF6AF72F3A5F23274AFC6E9C5EF6AB6DCA8AB7BFDC97CF68CBBA03876158609,results_ablation_heads_lambda,ohsinglora,eurosat,4,unknown,4,2,0.03,,88.57,,,,,csv_summary_with_log_match,summary row; seed/split not verified,8,ohsinglora_eurosat_4shot_R4_H2_Lo0.03.log,data/results_ablation_heads_lambda/ohsinglora_eurosat_4shot_R4_H2_Lo0.03.log,DATA-0898,88.57,276480,1621.19
csv_summary,data/results_ablation_heads_lambda/summary_ablation_ohsinglora_4shot.csv,DATA-0909,BDF6AF72F3A5F23274AFC6E9C5EF6AB6DCA8AB7BFDC97CF68CBBA03876158609,results_ablation_heads_lambda,ohsinglora,caltech101,4,unknown,4,2,0.03,,95.29,,,,,csv_summary_with_log_match,summary row; seed/split not verified,9,ohsinglora_caltech101_4shot_R4_H2_Lo0.03.log,data/results_ablation_heads_lambda/ohsinglora_caltech101_4shot_R4_H2_Lo0.03.log,DATA-0865,95.29,276480,868.59
csv_summary,data/results_ablation_heads_lambda/summary_ablation_ohsinglora_4shot.csv,DATA-0909,BDF6AF72F3A5F23274AFC6E9C5EF6AB6DCA8AB7BFDC97CF68CBBA03876158609,results_ablation_heads_lambda,ohsinglora,eurosat,4,unknown,4,2,0.05,,88.59,,,,,csv_summary_with_log_match,summary row; seed/split not verified,10,ohsinglora_eurosat_4shot_R4_H2_Lo0.05.log,data/results_ablation_heads_lambda/ohsinglora_eurosat_4shot_R4_H2_Lo0.05.log,DATA-0899,88.59,276480,1308.56
csv_summary,data/results_ablation_heads_lambda/summary_ablation_ohsinglora_4shot.csv,DATA-0909,BDF6AF72F3A5F23274AFC6E9C5EF6AB6DCA8AB7BFDC97CF68CBBA03876158609,results_ablation_heads_lambda,ohsinglora,caltech101,4,unknown,4,2,0.05,,95.33,,,,,csv_summary_with_log_match,summary row; seed/split not verified,11,ohsinglora_caltech101_4shot_R4_H2_Lo0.05.log,data/results_ablation_heads_lambda/ohsinglora_caltech101_4shot_R4_H2_Lo0.05.log,DATA-0866,95.33,276480,859.08
csv_summary,data/results_ablation_heads_lambda/summary_ablation_ohsinglora_4shot.csv,DATA-0909,BDF6AF72F3A5F23274AFC6E9C5EF6AB6DCA8AB7BFDC97CF68CBBA03876158609,results_ablation_heads_lambda,ohsinglora,eurosat,4,unknown,4,2,0.1,,88.52,,,,,csv_summary_with_log_match,summary row; seed/split not verified,12,ohsinglora_eurosat_4shot_R4_H2_Lo0.1.log,data/results_ablation_heads_lambda/ohsinglora_eurosat_4shot_R4_H2_Lo0.1.log,DATA-0900,88.52,276480,1660.09
csv_summary,data/results_ablation_heads_lambda/summary_ablation_ohsinglora_4shot.csv,DATA-0909,BDF6AF72F3A5F23274AFC6E9C5EF6AB6DCA8AB7BFDC97CF68CBBA03876158609,results_ablation_heads_lambda,ohsinglora,caltech101,4,unknown,4,2,0.1,,95.42,,,,,csv_summary_with_log_match,summary row; seed/split not verified,13,ohsinglora_caltech101_4shot_R4_H2_Lo0.1.log,data/results_ablation_heads_lambda/ohsinglora_caltech101_4shot_R4_H2_Lo0.1.log,DATA-0867,95.42,276480,850.45
csv_summary,data/results_ablation_heads_lambda/summary_ablation_ohsinglora_4shot.csv,DATA-0909,BDF6AF72F3A5F23274AFC6E9C5EF6AB6DCA8AB7BFDC97CF68CBBA03876158609,results_ablation_heads_lambda,ohsinglora,eurosat,4,unknown,4,4,0.0,,87.6,,,,,csv_summary_with_log_match,summary row; seed/split not verified,14,ohsinglora_eurosat_4shot_R4_H4_Lo0.log,data/results_ablation_heads_lambda/ohsinglora_eurosat_4shot_R4_H4_Lo0.log,DATA-0906,87.6,368640,1175.17
csv_summary,data/results_ablation_heads_lambda/summary_ablation_ohsinglora_4shot.csv,DATA-0909,BDF6AF72F3A5F23274AFC6E9C5EF6AB6DCA8AB7BFDC97CF68CBBA03876158609,results_ablation_heads_lambda,ohsinglora,caltech101,4,unknown,4,4,0.0,,95.38,,,,,csv_summary_with_log_match,summary row; seed/split not verified,15,ohsinglora_caltech101_4shot_R4_H4_Lo0.log,data/results_ablation_heads_lambda/ohsinglora_caltech101_4shot_R4_H4_Lo0.log,DATA-0873,95.38,368640,758.2
csv_summary,data/results_ablation_heads_lambda/summary_ablation_ohsinglora_4shot.csv,DATA-0909,BDF6AF72F3A5F23274AFC6E9C5EF6AB6DCA8AB7BFDC97CF68CBBA03876158609,results_ablation_heads_lambda,ohsinglora,eurosat,4,unknown,4,4,0.01,,87.83,,,,,csv_summary_with_log_match,summary row; seed/split not verified,16,ohsinglora_eurosat_4shot_R4_H4_Lo0.01.log,data/results_ablation_heads_lambda/ohsinglora_eurosat_4shot_R4_H4_Lo0.01.log,DATA-0902,87.83,368640,1881.27
csv_summary,data/results_ablation_heads_lambda/summary_ablation_ohsinglora_4shot.csv,DATA-0909,BDF6AF72F3A5F23274AFC6E9C5EF6AB6DCA8AB7BFDC97CF68CBBA03876158609,results_ablation_heads_lambda,ohsinglora,caltech101,4,unknown,4,4,0.01,,95.33,,,,,csv_summary_with_log_match,summary row; seed/split not verified,17,ohsinglora_caltech101_4shot_R4_H4_Lo0.01.log,data/results_ablation_heads_lambda/ohsinglora_caltech101_4shot_R4_H4_Lo0.01.log,DATA-0869,95.33,368640,1467.93
csv_summary,data/results_ablation_heads_lambda/summary_ablation_ohsinglora_4shot.csv,DATA-0909,BDF6AF72F3A5F23274AFC6E9C5EF6AB6DCA8AB7BFDC97CF68CBBA03876158609,results_ablation_heads_lambda,ohsinglora,eurosat,4,unknown,4,4,0.03,,87.86,,,,,csv_summary_with_log_match,summary row; seed/split not verified,18,ohsinglora_eurosat_4shot_R4_H4_Lo0.03.log,data/results_ablation_heads_lambda/ohsinglora_eurosat_4shot_R4_H4_Lo0.03.log,DATA-0903,87.86,368640,1870.66
csv_summary,data/results_ablation_heads_lambda/summary_ablation_ohsinglora_4shot.csv,DATA-0909,BDF6AF72F3A5F23274AFC6E9C5EF6AB6DCA8AB7BFDC97CF68CBBA03876158609,results_ablation_heads_lambda,ohsinglora,caltech101,4,unknown,4,4,0.03,,95.25,,,,,csv_summary_with_log_match,summary row; seed/split not verified,19,ohsinglora_caltech101_4shot_R4_H4_Lo0.03.log,data/results_ablation_heads_lambda/ohsinglora_caltech101_4shot_R4_H4_Lo0.03.log,DATA-0870,95.25,368640,1412.07
csv_summary,data/results_ablation_heads_lambda/summary_ablation_ohsinglora_4shot.csv,DATA-0909,BDF6AF72F3A5F23274AFC6E9C5EF6AB6DCA8AB7BFDC97CF68CBBA03876158609,results_ablation_heads_lambda,ohsinglora,eurosat,4,unknown,4,4,0.05,,87.8,,,,,csv_summary_with_log_match,summary row; seed/split not verified,20,ohsinglora_eurosat_4shot_R4_H4_Lo0.05.log,data/results_ablation_heads_lambda/ohsinglora_eurosat_4shot_R4_H4_Lo0.05.log,DATA-0904,87.8,368640,1890.02
csv_summary,data/results_ablation_heads_lambda/summary_ablation_ohsinglora_4shot.csv,DATA-0909,BDF6AF72F3A5F23274AFC6E9C5EF6AB6DCA8AB7BFDC97CF68CBBA03876158609,results_ablation_heads_lambda,ohsinglora,caltech101,4,unknown,4,4,0.05,,95.33,,,,,csv_summary_with_log_match,summary row; seed/split not verified,21,ohsinglora_caltech101_4shot_R4_H4_Lo0.05.log,data/results_ablation_heads_lambda/ohsinglora_caltech101_4shot_R4_H4_Lo0.05.log,DATA-0871,95.33,368640,1434.62
csv_summary,data/results_ablation_heads_lambda/summary_ablation_ohsinglora_4shot.csv,DATA-0909,BDF6AF72F3A5F23274AFC6E9C5EF6AB6DCA8AB7BFDC97CF68CBBA03876158609,results_ablation_heads_lambda,ohsinglora,eurosat,4,unknown,4,4,0.1,,87.51,,,,,csv_summary_with_log_match,summary row; seed/split not verified,22,ohsinglora_eurosat_4shot_R4_H4_Lo0.1.log,data/results_ablation_heads_lambda/ohsinglora_eurosat_4shot_R4_H4_Lo0.1.log,DATA-0905,87.51,368640,1868.01
csv_summary,data/results_ablation_heads_lambda/summary_ablation_ohsinglora_4shot.csv,DATA-0909,BDF6AF72F3A5F23274AFC6E9C5EF6AB6DCA8AB7BFDC97CF68CBBA03876158609,results_ablation_heads_lambda,ohsinglora,caltech101,4,unknown,4,4,0.1,,95.42,,,,,csv_summary_with_log_match,summary row; seed/split not verified,23,ohsinglora_caltech101_4shot_R4_H4_Lo0.1.log,data/results_ablation_heads_lambda/ohsinglora_caltech101_4shot_R4_H4_Lo0.1.log,DATA-0872,95.42,368640,1440.89
