artifact_id,path,extension,size_bytes,modified_utc,sha256,method_hint,dataset_hint,shot_hint,seed_hint,rank_hint,head_hint,lambda_hint,loss_hint,load_status,pt_top_keys,pt_metadata_keys,pt_weight_key_count,pt_metadata_json,log_status,log_line_count,log_final_method,log_final_accuracy,log_zero_shot_accuracy,log_last_accuracy_line,log_saved_checkpoint_line,csv_rows,csv_header
DATA-0001,data/ablation_heads.png,.png,116719,2026-01-06T15:02:07Z,AFA05C0D289BDBCEF8C1DE952A531F4C0C0C2983D95663C315ADA4837E4175AF,,,,,,,,,,,,,,,,,,,,,,
DATA-0002,data/ablation_lambda.png,.png,150825,2026-01-06T14:53:23Z,95DDC2D509EAF5492BCB7696DF3F7E27EE48AD70C5A35BFA3D7D424D1CA9D8FE,,,,,,,,,,,,,,,,,,,,,,
DATA-0003,data/checkpoint_rank16/ohsinglora/ViT-B16/caltech101/16shots/seed1/adapter_weights.pt,.pt,3370319,2025-12-02T08:12:28Z,3EB9E24D7158A903A45524A771339B13FADF63740FEB57A678EA86FC6E4FA8AF,ohsinglora,caltech101,16shot,seed1,16,101,,,loaded,metadata;weights,adapter;alpha;backbone;encoder;params;position;r,144,"{""adapter"": ""ohsinglora"", ""alpha"": 1, ""backbone"": ""ViT-B/16"", ""encoder"": ""both"", ""params"": [""q"", ""k"", ""v""], ""position"": ""all"", ""r"": 16}",,,,,,,,,
DATA-0004,data/checkpoint_rank16/ohsinglora/ViT-B16/caltech101/1shots/seed1/adapter_weights.pt,.pt,3370319,2025-12-01T07:06:05Z,68B2A8C68DE47D94A9DC246C73AAAF170A82B64D140D774D7D8D524F08CCAF8E,ohsinglora,caltech101,1shot,seed1,16,101,,,loaded,metadata;weights,adapter;alpha;expansion_factor;params;r;r_res;vera_rank,144,"{""adapter"": ""ohsinglora"", ""alpha"": 1, ""expansion_factor"": 2.0, ""params"": [""q"", ""k"", ""v""], ""r"": 16, ""r_res"": 2, ""vera_rank"": 256}",,,,,,,,,
DATA-0005,data/checkpoint_rank16/ohsinglora/ViT-B16/caltech101/4shots/seed1/adapter_weights.pt,.pt,3370319,2025-12-02T11:57:54Z,19366EFC4C80C3452EC630FBFC6150DE39FE54631132AB2F2AB5427E0DCAE26C,ohsinglora,caltech101,4shot,seed1,16,101,,,loaded,metadata;weights,adapter;alpha;backbone;encoder;params;position;r,144,"{""adapter"": ""ohsinglora"", ""alpha"": 1, ""backbone"": ""ViT-B/16"", ""encoder"": ""both"", ""params"": [""q"", ""k"", ""v""], ""position"": ""all"", ""r"": 16}",,,,,,,,,
DATA-0006,data/checkpoint_rank16/ohsinglora/ViT-B16/dtd/4shots/seed1/adapter_weights.pt,.pt,3370319,2025-12-02T12:39:26Z,93135ECE050DEA0627D45A6C84779265C253816101FBD9819157A4F9D5784BD7,ohsinglora,dtd,4shot,seed1,16,,,,loaded,metadata;weights,adapter;alpha;backbone;encoder;params;position;r,144,"{""adapter"": ""ohsinglora"", ""alpha"": 1, ""backbone"": ""ViT-B/16"", ""encoder"": ""both"", ""params"": [""q"", ""k"", ""v""], ""position"": ""all"", ""r"": 16}",,,,,,,,,
DATA-0007,data/checkpoint_rank16/ohsinglora/ViT-B16/eurosat/16shots/seed1/adapter_weights.pt,.pt,3370319,2025-12-02T08:12:28Z,3EB9E24D7158A903A45524A771339B13FADF63740FEB57A678EA86FC6E4FA8AF,ohsinglora,eurosat,16shot,seed1,16,,,,loaded,metadata;weights,adapter;alpha;backbone;encoder;params;position;r,144,"{""adapter"": ""ohsinglora"", ""alpha"": 1, ""backbone"": ""ViT-B/16"", ""encoder"": ""both"", ""params"": [""q"", ""k"", ""v""], ""position"": ""all"", ""r"": 16}",,,,,,,,,
DATA-0008,data/checkpoint_rank16/ohsinglora/ViT-B16/eurosat/1shots/seed1/adapter_weights.pt,.pt,3370319,2025-12-01T15:11:47Z,095A595927B7362063009514DA06D5DDA44BF5D1706A57E552AB5D091B2B75C1,ohsinglora,eurosat,1shot,seed1,16,,,,loaded,metadata;weights,adapter;alpha;expansion_factor;params;r;r_res;vera_rank,144,"{""adapter"": ""ohsinglora"", ""alpha"": 1, ""expansion_factor"": 2.0, ""params"": [""q"", ""k"", ""v""], ""r"": 16, ""r_res"": 2, ""vera_rank"": 256}",,,,,,,,,
DATA-0009,data/checkpoint_rank16/ohsinglora/ViT-B16/eurosat/4shots/seed1/adapter_weights.pt,.pt,3370319,2025-12-02T12:03:53Z,44A6F4E4712600DF0341A0F336B2F83E42F6010EC636344FFAED5E56FDD9B058,ohsinglora,eurosat,4shot,seed1,16,,,,loaded,metadata;weights,adapter;alpha;backbone;encoder;params;position;r,144,"{""adapter"": ""ohsinglora"", ""alpha"": 1, ""backbone"": ""ViT-B/16"", ""encoder"": ""both"", ""params"": [""q"", ""k"", ""v""], ""position"": ""all"", ""r"": 16}",,,,,,,,,
DATA-0010,data/checkpoint_rank16/ohsinglora/ViT-B16/oxford_pets/4shots/seed1/adapter_weights.pt,.pt,3370319,2025-12-02T12:34:11Z,81B7ABF3CD70BD149FBD289C3058BAFEE427A4FF1568903248BD52EB96FB922B,ohsinglora,oxford_pets,4shot,seed1,16,,,,loaded,metadata;weights,adapter;alpha;backbone;encoder;params;position;r,144,"{""adapter"": ""ohsinglora"", ""alpha"": 1, ""backbone"": ""ViT-B/16"", ""encoder"": ""both"", ""params"": [""q"", ""k"", ""v""], ""position"": ""all"", ""r"": 16}",,,,,,,,,
DATA-0011,data/checkpoint_rank16/vitb16/caltech101/16shots/seed1/adapter_weights.pt,.pt,5942415,2025-12-02T08:56:38Z,A3FEE038551F38D32A0CA3F41C15FE16ED6689DAE3AEB88C2BA0AA9E0AFAB55A,vitb16,caltech101,16shot,seed1,16,101,,,loaded,metadata;weights,alpha;encoder;params;position;r,24,"{""alpha"": 1, ""encoder"": ""both"", ""params"": [""q"", ""k"", ""v""], ""position"": ""all"", ""r"": 16}",,,,,,,,,
DATA-0012,data/checkpoint_rank16/vitb16/caltech101/1shots/seed1/adapter_weights.pt,.pt,5942415,2025-12-01T07:06:05Z,8D93142DE4FA67BAD588FE24BA9CB26849397C99B302F2D1650A0D03F3FC86DC,vitb16,caltech101,1shot,seed1,16,101,,,loaded,metadata;weights,alpha;encoder;params;position;r,24,"{""alpha"": 1, ""encoder"": ""both"", ""params"": [""q"", ""k"", ""v""], ""position"": ""all"", ""r"": 16}",,,,,,,,,
DATA-0013,data/checkpoint_rank16/vitb16/caltech101/4shots/seed1/adapter_weights.pt,.pt,5942415,2025-12-02T12:09:15Z,1F7C76EDE5BD6ACB7930A8B917ACF06FD26A2A72C362F9077F1CA0CC33188AE4,vitb16,caltech101,4shot,seed1,16,101,,,loaded,metadata;weights,alpha;encoder;params;position;r,24,"{""alpha"": 1, ""encoder"": ""both"", ""params"": [""q"", ""k"", ""v""], ""position"": ""all"", ""r"": 16}",,,,,,,,,
DATA-0014,data/checkpoint_rank16/vitb16/dtd/4shots/seed1/adapter_weights.pt,.pt,5942415,2025-12-02T12:29:01Z,F4C4BD872A01105C7FDE45FDEC4C6CEC48787B114A71F5A98F508DD0229AC2B6,vitb16,dtd,4shot,seed1,16,,,,loaded,metadata;weights,alpha;encoder;params;position;r,24,"{""alpha"": 1, ""encoder"": ""both"", ""params"": [""q"", ""k"", ""v""], ""position"": ""all"", ""r"": 16}",,,,,,,,,
DATA-0015,data/checkpoint_rank16/vitb16/eurosat/16shots/seed1/adapter_weights.pt,.pt,5942415,2025-12-02T08:56:31Z,EC69F80FAE6912160A939B871002443D0AC1EA2C7C009DFB86569302ADA388E0,vitb16,eurosat,16shot,seed1,16,,,,loaded,metadata;weights,alpha;encoder;params;position;r,24,"{""alpha"": 1, ""encoder"": ""both"", ""params"": [""q"", ""k"", ""v""], ""position"": ""all"", ""r"": 16}",,,,,,,,,
DATA-0016,data/checkpoint_rank16/vitb16/eurosat/1shots/seed1/adapter_weights.pt,.pt,5942415,2025-12-01T15:11:47Z,E625D643A8AF3BAC5EF0AB4383407596BE9FE2F280570AED6D846C1C40040856,vitb16,eurosat,1shot,seed1,16,,,,loaded,metadata;weights,alpha;encoder;params;position;r,24,"{""alpha"": 1, ""encoder"": ""both"", ""params"": [""q"", ""k"", ""v""], ""position"": ""all"", ""r"": 16}",,,,,,,,,
DATA-0017,data/checkpoint_rank16/vitb16/eurosat/4shots/seed1/adapter_weights.pt,.pt,5942415,2025-12-02T12:13:30Z,DDDD6C4CC97ABA06AD4ED93C5A0168373C3E4A2CF86F90DE2EE00F8D571A70F1,vitb16,eurosat,4shot,seed1,16,,,,loaded,metadata;weights,alpha;encoder;params;position;r,24,"{""alpha"": 1, ""encoder"": ""both"", ""params"": [""q"", ""k"", ""v""], ""position"": ""all"", ""r"": 16}",,,,,,,,,
DATA-0018,data/checkpoint_rank16/vitb16/oxford_pets/4shots/seed1/adapter_weights.pt,.pt,5942415,2025-12-02T12:25:46Z,6D1723216E9437CE2D4DAA9FC5CC90E4551C6A35567CB9C573E77092C3C48796,vitb16,oxford_pets,4shot,seed1,16,,,,loaded,metadata;weights,alpha;encoder;params;position;r,24,"{""alpha"": 1, ""encoder"": ""both"", ""params"": [""q"", ""k"", ""v""], ""position"": ""all"", ""r"": 16}",,,,,,,,,
DATA-0019,data/checkpoint_rank4/ohsinglora/ViT-B16/caltech101/1shots/seed1/adapter_weights.pt,.pt,1158479,2025-12-01T06:47:44Z,23CCB37D4B025BEF96A5EA6E257D8BE06C129EEF7829EFF37148FFFA344C9E7C,ohsinglora,caltech101,1shot,seed1,4,101,,,loaded,metadata;weights,adapter;alpha;expansion_factor;params;r;r_res;vera_rank,144,"{""adapter"": ""ohsinglora"", ""alpha"": 1, ""expansion_factor"": 2.0, ""params"": [""q"", ""k"", ""v""], ""r"": 4, ""r_res"": 2, ""vera_rank"": 256}",,,,,,,,,
DATA-0020,data/checkpoint_rank4/ohsinglora/ViT-B16/dtd/4shots/seed1/adapter_weights.pt,.pt,1158479,2025-12-02T13:09:31Z,D97BC536A6C340BD1A04E5C375C089C00BC0C1FA5F2A9009776145245C581882,ohsinglora,dtd,4shot,seed1,4,,,,loaded,metadata;weights,adapter;alpha;backbone;encoder;params;position;r,144,"{""adapter"": ""ohsinglora"", ""alpha"": 1, ""backbone"": ""ViT-B/16"", ""encoder"": ""both"", ""params"": [""q"", ""k"", ""v""], ""position"": ""all"", ""r"": 4}",,,,,,,,,
DATA-0021,data/checkpoint_rank4/ohsinglora/ViT-B16/eurosat/4shots/seed1/adapter_weights.pt,.pt,1158479,2025-12-02T12:58:59Z,350A4B29FEB7F28F451FE719F04B09E517EE4601AFCFF7D3A19181409E3B646A,ohsinglora,eurosat,4shot,seed1,4,,,,loaded,metadata;weights,adapter;alpha;backbone;encoder;params;position;r,144,"{""adapter"": ""ohsinglora"", ""alpha"": 1, ""backbone"": ""ViT-B/16"", ""encoder"": ""both"", ""params"": [""q"", ""k"", ""v""], ""position"": ""all"", ""r"": 4}",,,,,,,,,
DATA-0022,data/checkpoint_rank4/ohsinglora/ViT-B16/oxford_pets/4shots/seed1/adapter_weights.pt,.pt,1158479,2025-12-02T13:04:15Z,B08E291ECD95FFFE5ABDBA4F4EBB1BACA840E3F9288EDCA64A0875C96EEADDC2,ohsinglora,oxford_pets,4shot,seed1,4,,,,loaded,metadata;weights,adapter;alpha;backbone;encoder;params;position;r,144,"{""adapter"": ""ohsinglora"", ""alpha"": 1, ""backbone"": ""ViT-B/16"", ""encoder"": ""both"", ""params"": [""q"", ""k"", ""v""], ""position"": ""all"", ""r"": 4}",,,,,,,,,
DATA-0023,data/checkpoint_rank4/vitb16/caltech101/1shots/seed1/adapter_weights.pt,.pt,1518735,2025-12-01T06:47:44Z,E39D15CD77E10B61FBFF3BB9ADC12755EAA0BA249AD0C78C049ACB9206DE21CB,vitb16,caltech101,1shot,seed1,4,101,,,loaded,metadata;weights,alpha;encoder;params;position;r,24,"{""alpha"": 1, ""encoder"": ""both"", ""params"": [""q"", ""k"", ""v""], ""position"": ""all"", ""r"": 4}",,,,,,,,,
DATA-0024,data/checkpoint_rank4/vitb16/dtd/4shots/seed1/adapter_weights.pt,.pt,1518735,2025-12-02T12:52:58Z,9397BF14B3B87BC5A0A07FAB2205104A13399FFDBB744A2A5F9718632F8E9D47,vitb16,dtd,4shot,seed1,4,,,,loaded,metadata;weights,alpha;encoder;params;position;r,24,"{""alpha"": 1, ""encoder"": ""both"", ""params"": [""q"", ""k"", ""v""], ""position"": ""all"", ""r"": 4}",,,,,,,,,
DATA-0025,data/checkpoint_rank4/vitb16/eurosat/4shots/seed1/adapter_weights.pt,.pt,1518735,2025-12-02T12:46:17Z,27C6D2ACF13CFD4900D909064847E10ACAF974F98872C8B303DCAE48AEF51A91,vitb16,eurosat,4shot,seed1,4,,,,loaded,metadata;weights,alpha;encoder;params;position;r,24,"{""alpha"": 1, ""encoder"": ""both"", ""params"": [""q"", ""k"", ""v""], ""position"": ""all"", ""r"": 4}",,,,,,,,,
DATA-0026,data/checkpoint_rank4/vitb16/oxford_pets/4shots/seed1/adapter_weights.pt,.pt,1518735,2025-12-02T12:49:40Z,76EA8058761C7D3EAF45B5E62159188C52B158ED9B1812D1AD570BDEFEB68EE6,vitb16,oxford_pets,4shot,seed1,4,,,,loaded,metadata;weights,alpha;encoder;params;position;r,24,"{""alpha"": 1, ""encoder"": ""both"", ""params"": [""q"", ""k"", ""v""], ""position"": ""all"", ""r"": 4}",,,,,,,,,
DATA-0027,data/checkpoints_16shot/caltech101/16shot/ohsinglora_R2_H1/ohsinglora/ViT-B16/caltech101/16shots/seed1/adapter_weights.pt,.pt,605519,2025-12-11T17:35:11Z,78906906C12D956FA6081EA8609B25E3DF0603603843F06CCDFB1327CF40FA89,ohsinglora,caltech101,16shot,seed1,2,101,,,loaded,metadata;weights,adapter;alpha;backbone;encoder;params;position;r,144,"{""adapter"": ""ohsinglora"", ""alpha"": 1, ""backbone"": ""ViT-B/16"", ""encoder"": ""both"", ""params"": [""q"", ""k"", ""v""], ""position"": ""all"", ""r"": 2}",,,,,,,,,
DATA-0028,data/checkpoints_16shot/caltech101/16shot/ohsinglora_R2_H2/ohsinglora/ViT-B16/caltech101/16shots/seed1/adapter_weights.pt,.pt,789839,2025-12-10T18:42:54Z,9F831EF4635A795BC25E0EC61EC88192590EEC586CE357E250A208BF1AEF6FAA,ohsinglora,caltech101,16shot,seed1,2,101,,,loaded,metadata;weights,adapter;alpha;backbone;encoder;params;position;r,144,"{""adapter"": ""ohsinglora"", ""alpha"": 1, ""backbone"": ""ViT-B/16"", ""encoder"": ""both"", ""params"": [""q"", ""k"", ""v""], ""position"": ""all"", ""r"": 2}",,,,,,,,,
DATA-0029,data/checkpoints_16shot/caltech101/16shot/ohsinglora_R2_H2/ohsinglora/ViT-B16/dtd/16shots/seed1/adapter_weights.pt,.pt,789839,2025-12-10T19:21:55Z,9D7E8C5C7368D15289150E64D55A1B562CE084D8025A33E03DC6F343657EB2FE,ohsinglora,caltech101,16shot,seed1,2,101,,,loaded,metadata;weights,adapter;alpha;backbone;encoder;params;position;r,144,"{""adapter"": ""ohsinglora"", ""alpha"": 1, ""backbone"": ""ViT-B/16"", ""encoder"": ""both"", ""params"": [""q"", ""k"", ""v""], ""position"": ""all"", ""r"": 2}",,,,,,,,,
DATA-0030,data/checkpoints_16shot/caltech101/16shot/ohsinglora_R2_H2/ohsinglora/ViT-B16/eurosat/16shots/seed1/adapter_weights.pt,.pt,789839,2025-12-10T16:12:31Z,72E775727A744F849405B9631D08C840C077E740A99B1BA9CD938526B42D83FA,ohsinglora,caltech101,16shot,seed1,2,101,,,loaded,metadata;weights,adapter;alpha;backbone;encoder;params;position;r,144,"{""adapter"": ""ohsinglora"", ""alpha"": 1, ""backbone"": ""ViT-B/16"", ""encoder"": ""both"", ""params"": [""q"", ""k"", ""v""], ""position"": ""all"", ""r"": 2}",,,,,,,,,
DATA-0031,data/checkpoints_16shot/caltech101/16shot/ohsinglora_R2_H2/ohsinglora/ViT-B16/eurosat/1shots/seed1/adapter_weights.pt,.pt,605519,2025-12-10T10:19:38Z,643F25492717CA0D915AD06D84C0744906BFECF6758BFDA073E3E8E364A8566F,ohsinglora,caltech101,16shot,seed1,2,101,,,loaded,metadata;weights,adapter;alpha;backbone;encoder;params;position;r,144,"{""adapter"": ""ohsinglora"", ""alpha"": 1, ""backbone"": ""ViT-B/16"", ""encoder"": ""both"", ""params"": [""q"", ""k"", ""v""], ""position"": ""all"", ""r"": 2}",,,,,,,,,
DATA-0032,data/checkpoints_16shot/caltech101/16shot/ohsinglora_R2_H2/ohsinglora/ViT-B16/fgvc/16shots/seed1/adapter_weights.pt,.pt,789839,2025-12-10T15:23:07Z,ACA61D95F734D0E97A71DC30498AFF4015E0ABA09F24F51D7392029C00EB70B8,ohsinglora,caltech101,16shot,seed1,2,101,,,loaded,metadata;weights,adapter;alpha;backbone;encoder;params;position;r,144,"{""adapter"": ""ohsinglora"", ""alpha"": 1, ""backbone"": ""ViT-B/16"", ""encoder"": ""both"", ""params"": [""q"", ""k"", ""v""], ""position"": ""all"", ""r"": 2}",,,,,,,,,
DATA-0033,data/checkpoints_16shot/caltech101/16shot/ohsinglora_R2_H2/ohsinglora/ViT-B16/food101/16shots/seed1/adapter_weights.pt,.pt,789839,2025-12-10T16:49:21Z,1038C063C3526F2717053DBCA9A69C1E415A87896B66DBE6F20A3D883FF42C39,ohsinglora,caltech101,16shot,seed1,2,101,,,loaded,metadata;weights,adapter;alpha;backbone;encoder;params;position;r,144,"{""adapter"": ""ohsinglora"", ""alpha"": 1, ""backbone"": ""ViT-B/16"", ""encoder"": ""both"", ""params"": [""q"", ""k"", ""v""], ""position"": ""all"", ""r"": 2}",,,,,,,,,
DATA-0034,data/checkpoints_16shot/caltech101/16shot/ohsinglora_R2_H2/ohsinglora/ViT-B16/oxford_flowers/16shots/seed1/adapter_weights.pt,.pt,789839,2025-12-10T18:03:26Z,63ABDFA847A2F1492B76B3585BCF2AB11ABFB0D656A3BC0A21036E6617A9D51C,ohsinglora,caltech101,16shot,seed1,2,101,,,loaded,metadata;weights,adapter;alpha;backbone;encoder;params;position;r,144,"{""adapter"": ""ohsinglora"", ""alpha"": 1, ""backbone"": ""ViT-B/16"", ""encoder"": ""both"", ""params"": [""q"", ""k"", ""v""], ""position"": ""all"", ""r"": 2}",,,,,,,,,
DATA-0035,data/checkpoints_16shot/caltech101/16shot/ohsinglora_R2_H2/ohsinglora/ViT-B16/oxford_pets/16shots/seed1/adapter_weights.pt,.pt,789839,2025-12-10T17:27:51Z,736CD182F041886BE199EF78F17A41F381DB92B42E80F209137A6A337F9D7ABC,ohsinglora,caltech101,16shot,seed1,2,101,,,loaded,metadata;weights,adapter;alpha;backbone;encoder;params;position;r,144,"{""adapter"": ""ohsinglora"", ""alpha"": 1, ""backbone"": ""ViT-B/16"", ""encoder"": ""both"", ""params"": [""q"", ""k"", ""v""], ""position"": ""all"", ""r"": 2}",,,,,,,,,
DATA-0036,data/checkpoints_16shot/caltech101/16shot/ohsinglora_R2_H2/ohsinglora/ViT-B16/ucf101/16shots/seed1/adapter_weights.pt,.pt,789839,2025-12-10T19:57:56Z,5A62EB55C10161B4C139CD6D8DDBCAB702CCB47313338AB87271B82A98B1AEF3,ohsinglora,caltech101,16shot,seed1,2,101,,,loaded,metadata;weights,adapter;alpha;backbone;encoder;params;position;r,144,"{""adapter"": ""ohsinglora"", ""alpha"": 1, ""backbone"": ""ViT-B/16"", ""encoder"": ""both"", ""params"": [""q"", ""k"", ""v""], ""position"": ""all"", ""r"": 2}",,,,,,,,,
DATA-0037,data/checkpoints_16shot/caltech101/16shot/ohsinglora_R4_H1/ohsinglora/ViT-B16/caltech101/16shots/seed1/adapter_weights.pt,.pt,974159,2025-12-11T21:46:03Z,93EC42975675EB6F738AD1A2B1BA6C30113F5E895F4203E1A6E273502417F3E0,ohsinglora,caltech101,16shot,seed1,4,101,,,loaded,metadata;weights,adapter;alpha;backbone;encoder;params;position;r,144,"{""adapter"": ""ohsinglora"", ""alpha"": 1, ""backbone"": ""ViT-B/16"", ""encoder"": ""both"", ""params"": [""q"", ""k"", ""v""], ""position"": ""all"", ""r"": 4}",,,,,,,,,
DATA-0038,data/checkpoints_16shot/caltech101/16shot/ohsinglora_R4_H2/ohsinglora/ViT-B16/caltech101/16shots/seed1/adapter_weights.pt,.pt,1158479,2025-12-12T03:00:25Z,8A48E696A99280881C6C8B2A69CC190710EF7F09322CF366D0CD01E0F45C62C3,ohsinglora,caltech101,16shot,seed1,4,101,,,loaded,metadata;weights,adapter;alpha;backbone;encoder;params;position;r,144,"{""adapter"": ""ohsinglora"", ""alpha"": 1, ""backbone"": ""ViT-B/16"", ""encoder"": ""both"", ""params"": [""q"", ""k"", ""v""], ""position"": ""all"", ""r"": 4}",,,,,,,,,
DATA-0039,data/checkpoints_16shot/caltech101/16shot/ohsinglora_R4_H4/ohsinglora/ViT-B16/caltech101/16shots/seed1/adapter_weights.pt,.pt,1527119,2025-12-12T11:00:25Z,97EA362AFD46C7A1EA9A5288F9F1F8310FABB99A8CA8F40D3BFC859D089E0CBA,ohsinglora,caltech101,16shot,seed1,4,101,,,loaded,metadata;weights,adapter;alpha;backbone;encoder;params;position;r,144,"{""adapter"": ""ohsinglora"", ""alpha"": 1, ""backbone"": ""ViT-B/16"", ""encoder"": ""both"", ""params"": [""q"", ""k"", ""v""], ""position"": ""all"", ""r"": 4}",,,,,,,,,
DATA-0040,data/checkpoints_16shot/dtd/16shot/ohsinglora_R2_H1/ohsinglora/ViT-B16/dtd/16shots/seed1/adapter_weights.pt,.pt,605519,2025-12-11T18:04:11Z,0CDABE60D27E697854A5CF8386F59DBCA8853AB6032B77A9A71CFBC4D7710D32,ohsinglora,dtd,16shot,seed1,2,1,,,loaded,metadata;weights,adapter;alpha;backbone;encoder;params;position;r,144,"{""adapter"": ""ohsinglora"", ""alpha"": 1, ""backbone"": ""ViT-B/16"", ""encoder"": ""both"", ""params"": [""q"", ""k"", ""v""], ""position"": ""all"", ""r"": 2}",,,,,,,,,
DATA-0041,data/checkpoints_16shot/dtd/16shot/ohsinglora_R2_H2/ohsinglora/ViT-B16/caltech101/16shots/seed1/adapter_weights.pt,.pt,789839,2025-12-10T18:42:54Z,9F831EF4635A795BC25E0EC61EC88192590EEC586CE357E250A208BF1AEF6FAA,ohsinglora,caltech101,16shot,seed1,2,2,,,loaded,metadata;weights,adapter;alpha;backbone;encoder;params;position;r,144,"{""adapter"": ""ohsinglora"", ""alpha"": 1, ""backbone"": ""ViT-B/16"", ""encoder"": ""both"", ""params"": [""q"", ""k"", ""v""], ""position"": ""all"", ""r"": 2}",,,,,,,,,
DATA-0042,data/checkpoints_16shot/dtd/16shot/ohsinglora_R2_H2/ohsinglora/ViT-B16/dtd/16shots/seed1/adapter_weights.pt,.pt,789839,2025-12-10T19:21:55Z,9D7E8C5C7368D15289150E64D55A1B562CE084D8025A33E03DC6F343657EB2FE,ohsinglora,dtd,16shot,seed1,2,2,,,loaded,metadata;weights,adapter;alpha;backbone;encoder;params;position;r,144,"{""adapter"": ""ohsinglora"", ""alpha"": 1, ""backbone"": ""ViT-B/16"", ""encoder"": ""both"", ""params"": [""q"", ""k"", ""v""], ""position"": ""all"", ""r"": 2}",,,,,,,,,
DATA-0043,data/checkpoints_16shot/dtd/16shot/ohsinglora_R2_H2/ohsinglora/ViT-B16/eurosat/16shots/seed1/adapter_weights.pt,.pt,789839,2025-12-10T16:12:31Z,72E775727A744F849405B9631D08C840C077E740A99B1BA9CD938526B42D83FA,ohsinglora,dtd,16shot,seed1,2,2,,,loaded,metadata;weights,adapter;alpha;backbone;encoder;params;position;r,144,"{""adapter"": ""ohsinglora"", ""alpha"": 1, ""backbone"": ""ViT-B/16"", ""encoder"": ""both"", ""params"": [""q"", ""k"", ""v""], ""position"": ""all"", ""r"": 2}",,,,,,,,,
DATA-0044,data/checkpoints_16shot/dtd/16shot/ohsinglora_R2_H2/ohsinglora/ViT-B16/eurosat/1shots/seed1/adapter_weights.pt,.pt,605519,2025-12-10T10:19:38Z,643F25492717CA0D915AD06D84C0744906BFECF6758BFDA073E3E8E364A8566F,ohsinglora,dtd,16shot,seed1,2,2,,,loaded,metadata;weights,adapter;alpha;backbone;encoder;params;position;r,144,"{""adapter"": ""ohsinglora"", ""alpha"": 1, ""backbone"": ""ViT-B/16"", ""encoder"": ""both"", ""params"": [""q"", ""k"", ""v""], ""position"": ""all"", ""r"": 2}",,,,,,,,,
DATA-0045,data/checkpoints_16shot/dtd/16shot/ohsinglora_R2_H2/ohsinglora/ViT-B16/fgvc/16shots/seed1/adapter_weights.pt,.pt,789839,2025-12-10T15:23:07Z,ACA61D95F734D0E97A71DC30498AFF4015E0ABA09F24F51D7392029C00EB70B8,ohsinglora,dtd,16shot,seed1,2,2,,,loaded,metadata;weights,adapter;alpha;backbone;encoder;params;position;r,144,"{""adapter"": ""ohsinglora"", ""alpha"": 1, ""backbone"": ""ViT-B/16"", ""encoder"": ""both"", ""params"": [""q"", ""k"", ""v""], ""position"": ""all"", ""r"": 2}",,,,,,,,,
DATA-0046,data/checkpoints_16shot/dtd/16shot/ohsinglora_R2_H2/ohsinglora/ViT-B16/food101/16shots/seed1/adapter_weights.pt,.pt,789839,2025-12-10T16:49:21Z,1038C063C3526F2717053DBCA9A69C1E415A87896B66DBE6F20A3D883FF42C39,ohsinglora,dtd,16shot,seed1,2,2,,,loaded,metadata;weights,adapter;alpha;backbone;encoder;params;position;r,144,"{""adapter"": ""ohsinglora"", ""alpha"": 1, ""backbone"": ""ViT-B/16"", ""encoder"": ""both"", ""params"": [""q"", ""k"", ""v""], ""position"": ""all"", ""r"": 2}",,,,,,,,,
DATA-0047,data/checkpoints_16shot/dtd/16shot/ohsinglora_R2_H2/ohsinglora/ViT-B16/oxford_flowers/16shots/seed1/adapter_weights.pt,.pt,789839,2025-12-10T18:03:26Z,63ABDFA847A2F1492B76B3585BCF2AB11ABFB0D656A3BC0A21036E6617A9D51C,ohsinglora,dtd,16shot,seed1,2,2,,,loaded,metadata;weights,adapter;alpha;backbone;encoder;params;position;r,144,"{""adapter"": ""ohsinglora"", ""alpha"": 1, ""backbone"": ""ViT-B/16"", ""encoder"": ""both"", ""params"": [""q"", ""k"", ""v""], ""position"": ""all"", ""r"": 2}",,,,,,,,,
DATA-0048,data/checkpoints_16shot/dtd/16shot/ohsinglora_R2_H2/ohsinglora/ViT-B16/oxford_pets/16shots/seed1/adapter_weights.pt,.pt,789839,2025-12-10T17:27:51Z,736CD182F041886BE199EF78F17A41F381DB92B42E80F209137A6A337F9D7ABC,ohsinglora,dtd,16shot,seed1,2,2,,,loaded,metadata;weights,adapter;alpha;backbone;encoder;params;position;r,144,"{""adapter"": ""ohsinglora"", ""alpha"": 1, ""backbone"": ""ViT-B/16"", ""encoder"": ""both"", ""params"": [""q"", ""k"", ""v""], ""position"": ""all"", ""r"": 2}",,,,,,,,,
DATA-0049,data/checkpoints_16shot/dtd/16shot/ohsinglora_R2_H2/ohsinglora/ViT-B16/ucf101/16shots/seed1/adapter_weights.pt,.pt,789839,2025-12-10T19:57:56Z,5A62EB55C10161B4C139CD6D8DDBCAB702CCB47313338AB87271B82A98B1AEF3,ohsinglora,dtd,16shot,seed1,2,2,,,loaded,metadata;weights,adapter;alpha;backbone;encoder;params;position;r,144,"{""adapter"": ""ohsinglora"", ""alpha"": 1, ""backbone"": ""ViT-B/16"", ""encoder"": ""both"", ""params"": [""q"", ""k"", ""v""], ""position"": ""all"", ""r"": 2}",,,,,,,,,
DATA-0050,data/checkpoints_16shot/dtd/16shot/ohsinglora_R4_H1/ohsinglora/ViT-B16/dtd/16shots/seed1/adapter_weights.pt,.pt,974159,2025-12-11T22:15:47Z,595525B266352459860ED82B81C37305D3A9B68F6049B9977175CAC76EE8DA37,ohsinglora,dtd,16shot,seed1,4,1,,,loaded,metadata;weights,adapter;alpha;backbone;encoder;params;position;r,144,"{""adapter"": ""ohsinglora"", ""alpha"": 1, ""backbone"": ""ViT-B/16"", ""encoder"": ""both"", ""params"": [""q"", ""k"", ""v""], ""position"": ""all"", ""r"": 4}",,,,,,,,,
DATA-0051,data/checkpoints_16shot/dtd/16shot/ohsinglora_R4_H2/ohsinglora/ViT-B16/dtd/16shots/seed1/adapter_weights.pt,.pt,1158479,2025-12-12T03:36:32Z,A90B850FAA71CE437E8E1EAB27E6D79BA77728ACDFFAC3DAAA590CE19E78CB54,ohsinglora,dtd,16shot,seed1,4,2,,,loaded,metadata;weights,adapter;alpha;backbone;encoder;params;position;r,144,"{""adapter"": ""ohsinglora"", ""alpha"": 1, ""backbone"": ""ViT-B/16"", ""encoder"": ""both"", ""params"": [""q"", ""k"", ""v""], ""position"": ""all"", ""r"": 4}",,,,,,,,,
DATA-0052,data/checkpoints_16shot/dtd/16shot/ohsinglora_R4_H4/ohsinglora/ViT-B16/dtd/16shots/seed1/adapter_weights.pt,.pt,1527119,2025-12-12T12:06:26Z,D5CDE1EF16F064E9915132A1146C9CFD67B013172267A9828443ED927287EFF7,ohsinglora,dtd,16shot,seed1,4,4,,,loaded,metadata;weights,adapter;alpha;backbone;encoder;params;position;r,144,"{""adapter"": ""ohsinglora"", ""alpha"": 1, ""backbone"": ""ViT-B/16"", ""encoder"": ""both"", ""params"": [""q"", ""k"", ""v""], ""position"": ""all"", ""r"": 4}",,,,,,,,,
DATA-0053,data/checkpoints_16shot/eurosat/16shot/ohsinglora_R2_H1/ohsinglora/ViT-B16/eurosat/16shots/seed1/adapter_weights.pt,.pt,605519,2025-12-11T15:32:32Z,2B5354F89192CA66B823DC12DAAE8986EE7E3A73E4104AF04650E8EB11BEA7CD,ohsinglora,eurosat,16shot,seed1,2,1,,,loaded,metadata;weights,adapter;alpha;backbone;encoder;params;position;r,144,"{""adapter"": ""ohsinglora"", ""alpha"": 1, ""backbone"": ""ViT-B/16"", ""encoder"": ""both"", ""params"": [""q"", ""k"", ""v""], ""position"": ""all"", ""r"": 2}",,,,,,,,,
DATA-0054,data/checkpoints_16shot/eurosat/16shot/ohsinglora_R2_H2/ohsinglora/ViT-B16/caltech101/16shots/seed1/adapter_weights.pt,.pt,789839,2025-12-10T18:42:54Z,9F831EF4635A795BC25E0EC61EC88192590EEC586CE357E250A208BF1AEF6FAA,ohsinglora,caltech101,16shot,seed1,2,2,,,loaded,metadata;weights,adapter;alpha;backbone;encoder;params;position;r,144,"{""adapter"": ""ohsinglora"", ""alpha"": 1, ""backbone"": ""ViT-B/16"", ""encoder"": ""both"", ""params"": [""q"", ""k"", ""v""], ""position"": ""all"", ""r"": 2}",,,,,,,,,
DATA-0055,data/checkpoints_16shot/eurosat/16shot/ohsinglora_R2_H2/ohsinglora/ViT-B16/dtd/16shots/seed1/adapter_weights.pt,.pt,789839,2025-12-10T19:21:55Z,9D7E8C5C7368D15289150E64D55A1B562CE084D8025A33E03DC6F343657EB2FE,ohsinglora,dtd,16shot,seed1,2,2,,,loaded,metadata;weights,adapter;alpha;backbone;encoder;params;position;r,144,"{""adapter"": ""ohsinglora"", ""alpha"": 1, ""backbone"": ""ViT-B/16"", ""encoder"": ""both"", ""params"": [""q"", ""k"", ""v""], ""position"": ""all"", ""r"": 2}",,,,,,,,,
DATA-0056,data/checkpoints_16shot/eurosat/16shot/ohsinglora_R2_H2/ohsinglora/ViT-B16/eurosat/16shots/seed1/adapter_weights.pt,.pt,789839,2025-12-10T16:12:31Z,72E775727A744F849405B9631D08C840C077E740A99B1BA9CD938526B42D83FA,ohsinglora,eurosat,16shot,seed1,2,2,,,loaded,metadata;weights,adapter;alpha;backbone;encoder;params;position;r,144,"{""adapter"": ""ohsinglora"", ""alpha"": 1, ""backbone"": ""ViT-B/16"", ""encoder"": ""both"", ""params"": [""q"", ""k"", ""v""], ""position"": ""all"", ""r"": 2}",,,,,,,,,
DATA-0057,data/checkpoints_16shot/eurosat/16shot/ohsinglora_R2_H2/ohsinglora/ViT-B16/eurosat/1shots/seed1/adapter_weights.pt,.pt,605519,2025-12-10T10:19:38Z,643F25492717CA0D915AD06D84C0744906BFECF6758BFDA073E3E8E364A8566F,ohsinglora,eurosat,16shot,seed1,2,2,,,loaded,metadata;weights,adapter;alpha;backbone;encoder;params;position;r,144,"{""adapter"": ""ohsinglora"", ""alpha"": 1, ""backbone"": ""ViT-B/16"", ""encoder"": ""both"", ""params"": [""q"", ""k"", ""v""], ""position"": ""all"", ""r"": 2}",,,,,,,,,
DATA-0058,data/checkpoints_16shot/eurosat/16shot/ohsinglora_R2_H2/ohsinglora/ViT-B16/fgvc/16shots/seed1/adapter_weights.pt,.pt,789839,2025-12-10T15:23:07Z,ACA61D95F734D0E97A71DC30498AFF4015E0ABA09F24F51D7392029C00EB70B8,ohsinglora,eurosat,16shot,seed1,2,2,,,loaded,metadata;weights,adapter;alpha;backbone;encoder;params;position;r,144,"{""adapter"": ""ohsinglora"", ""alpha"": 1, ""backbone"": ""ViT-B/16"", ""encoder"": ""both"", ""params"": [""q"", ""k"", ""v""], ""position"": ""all"", ""r"": 2}",,,,,,,,,
DATA-0059,data/checkpoints_16shot/eurosat/16shot/ohsinglora_R2_H2/ohsinglora/ViT-B16/food101/16shots/seed1/adapter_weights.pt,.pt,789839,2025-12-10T16:49:21Z,1038C063C3526F2717053DBCA9A69C1E415A87896B66DBE6F20A3D883FF42C39,ohsinglora,eurosat,16shot,seed1,2,2,,,loaded,metadata;weights,adapter;alpha;backbone;encoder;params;position;r,144,"{""adapter"": ""ohsinglora"", ""alpha"": 1, ""backbone"": ""ViT-B/16"", ""encoder"": ""both"", ""params"": [""q"", ""k"", ""v""], ""position"": ""all"", ""r"": 2}",,,,,,,,,
DATA-0060,data/checkpoints_16shot/eurosat/16shot/ohsinglora_R2_H2/ohsinglora/ViT-B16/oxford_flowers/16shots/seed1/adapter_weights.pt,.pt,789839,2025-12-10T18:03:26Z,63ABDFA847A2F1492B76B3585BCF2AB11ABFB0D656A3BC0A21036E6617A9D51C,ohsinglora,eurosat,16shot,seed1,2,2,,,loaded,metadata;weights,adapter;alpha;backbone;encoder;params;position;r,144,"{""adapter"": ""ohsinglora"", ""alpha"": 1, ""backbone"": ""ViT-B/16"", ""encoder"": ""both"", ""params"": [""q"", ""k"", ""v""], ""position"": ""all"", ""r"": 2}",,,,,,,,,
DATA-0061,data/checkpoints_16shot/eurosat/16shot/ohsinglora_R2_H2/ohsinglora/ViT-B16/oxford_pets/16shots/seed1/adapter_weights.pt,.pt,789839,2025-12-10T17:27:51Z,736CD182F041886BE199EF78F17A41F381DB92B42E80F209137A6A337F9D7ABC,ohsinglora,eurosat,16shot,seed1,2,2,,,loaded,metadata;weights,adapter;alpha;backbone;encoder;params;position;r,144,"{""adapter"": ""ohsinglora"", ""alpha"": 1, ""backbone"": ""ViT-B/16"", ""encoder"": ""both"", ""params"": [""q"", ""k"", ""v""], ""position"": ""all"", ""r"": 2}",,,,,,,,,
DATA-0062,data/checkpoints_16shot/eurosat/16shot/ohsinglora_R2_H2/ohsinglora/ViT-B16/ucf101/16shots/seed1/adapter_weights.pt,.pt,789839,2025-12-10T19:57:56Z,5A62EB55C10161B4C139CD6D8DDBCAB702CCB47313338AB87271B82A98B1AEF3,ohsinglora,eurosat,16shot,seed1,2,2,,,loaded,metadata;weights,adapter;alpha;backbone;encoder;params;position;r,144,"{""adapter"": ""ohsinglora"", ""alpha"": 1, ""backbone"": ""ViT-B/16"", ""encoder"": ""both"", ""params"": [""q"", ""k"", ""v""], ""position"": ""all"", ""r"": 2}",,,,,,,,,
DATA-0063,data/checkpoints_16shot/eurosat/16shot/ohsinglora_R4_H1/ohsinglora/ViT-B16/eurosat/16shots/seed1/adapter_weights.pt,.pt,974159,2025-12-11T19:44:58Z,0749AC08AAE7199B6ACF2219EE6271F39DB6D6C7DFC9A2F3CC3EAC60C6F36654,ohsinglora,eurosat,16shot,seed1,4,1,,,loaded,metadata;weights,adapter;alpha;backbone;encoder;params;position;r,144,"{""adapter"": ""ohsinglora"", ""alpha"": 1, ""backbone"": ""ViT-B/16"", ""encoder"": ""both"", ""params"": [""q"", ""k"", ""v""], ""position"": ""all"", ""r"": 4}",,,,,,,,,
DATA-0064,data/checkpoints_16shot/eurosat/16shot/ohsinglora_R4_H2/ohsinglora/ViT-B16/eurosat/16shots/seed1/adapter_weights.pt,.pt,1158479,2025-12-12T00:18:24Z,D088F074674B17EDEE253754651C3B4E38778E6FD067F768FB5CDC809460D917,ohsinglora,eurosat,16shot,seed1,4,2,,,loaded,metadata;weights,adapter;alpha;backbone;encoder;params;position;r,144,"{""adapter"": ""ohsinglora"", ""alpha"": 1, ""backbone"": ""ViT-B/16"", ""encoder"": ""both"", ""params"": [""q"", ""k"", ""v""], ""position"": ""all"", ""r"": 4}",,,,,,,,,
DATA-0065,data/checkpoints_16shot/eurosat/16shot/ohsinglora_R4_H4/ohsinglora/ViT-B16/eurosat/16shots/seed1/adapter_weights.pt,.pt,1527119,2025-12-12T06:33:40Z,28477D2E804843ECA38B20485CFB4ADEE50A552771A2183AA39F548AE91C5B1A,ohsinglora,eurosat,16shot,seed1,4,4,,,loaded,metadata;weights,adapter;alpha;backbone;encoder;params;position;r,144,"{""adapter"": ""ohsinglora"", ""alpha"": 1, ""backbone"": ""ViT-B/16"", ""encoder"": ""both"", ""params"": [""q"", ""k"", ""v""], ""position"": ""all"", ""r"": 4}",,,,,,,,,
DATA-0066,data/checkpoints_16shot/fgvc/16shot/ohsinglora_R2_H1/ohsinglora/ViT-B16/fgvc/16shots/seed1/adapter_weights.pt,.pt,605519,2025-12-11T14:49:08Z,0771330C64000988BBBD5F0DCA8446FF40E64DF8E4A989F0C6E4326DED4F2B03,ohsinglora,fgvc,16shot,seed1,2,1,,,loaded,metadata;weights,adapter;alpha;backbone;encoder;params;position;r,144,"{""adapter"": ""ohsinglora"", ""alpha"": 1, ""backbone"": ""ViT-B/16"", ""encoder"": ""both"", ""params"": [""q"", ""k"", ""v""], ""position"": ""all"", ""r"": 2}",,,,,,,,,
DATA-0067,data/checkpoints_16shot/fgvc/16shot/ohsinglora_R2_H2/ohsinglora/ViT-B16/caltech101/16shots/seed1/adapter_weights.pt,.pt,789839,2025-12-10T18:42:54Z,9F831EF4635A795BC25E0EC61EC88192590EEC586CE357E250A208BF1AEF6FAA,ohsinglora,caltech101,16shot,seed1,2,2,,,loaded,metadata;weights,adapter;alpha;backbone;encoder;params;position;r,144,"{""adapter"": ""ohsinglora"", ""alpha"": 1, ""backbone"": ""ViT-B/16"", ""encoder"": ""both"", ""params"": [""q"", ""k"", ""v""], ""position"": ""all"", ""r"": 2}",,,,,,,,,
DATA-0068,data/checkpoints_16shot/fgvc/16shot/ohsinglora_R2_H2/ohsinglora/ViT-B16/dtd/16shots/seed1/adapter_weights.pt,.pt,789839,2025-12-10T19:21:55Z,9D7E8C5C7368D15289150E64D55A1B562CE084D8025A33E03DC6F343657EB2FE,ohsinglora,dtd,16shot,seed1,2,2,,,loaded,metadata;weights,adapter;alpha;backbone;encoder;params;position;r,144,"{""adapter"": ""ohsinglora"", ""alpha"": 1, ""backbone"": ""ViT-B/16"", ""encoder"": ""both"", ""params"": [""q"", ""k"", ""v""], ""position"": ""all"", ""r"": 2}",,,,,,,,,
DATA-0069,data/checkpoints_16shot/fgvc/16shot/ohsinglora_R2_H2/ohsinglora/ViT-B16/eurosat/16shots/seed1/adapter_weights.pt,.pt,789839,2025-12-10T16:12:31Z,72E775727A744F849405B9631D08C840C077E740A99B1BA9CD938526B42D83FA,ohsinglora,eurosat,16shot,seed1,2,2,,,loaded,metadata;weights,adapter;alpha;backbone;encoder;params;position;r,144,"{""adapter"": ""ohsinglora"", ""alpha"": 1, ""backbone"": ""ViT-B/16"", ""encoder"": ""both"", ""params"": [""q"", ""k"", ""v""], ""position"": ""all"", ""r"": 2}",,,,,,,,,
DATA-0070,data/checkpoints_16shot/fgvc/16shot/ohsinglora_R2_H2/ohsinglora/ViT-B16/eurosat/1shots/seed1/adapter_weights.pt,.pt,605519,2025-12-10T10:19:38Z,643F25492717CA0D915AD06D84C0744906BFECF6758BFDA073E3E8E364A8566F,ohsinglora,eurosat,16shot,seed1,2,2,,,loaded,metadata;weights,adapter;alpha;backbone;encoder;params;position;r,144,"{""adapter"": ""ohsinglora"", ""alpha"": 1, ""backbone"": ""ViT-B/16"", ""encoder"": ""both"", ""params"": [""q"", ""k"", ""v""], ""position"": ""all"", ""r"": 2}",,,,,,,,,
DATA-0071,data/checkpoints_16shot/fgvc/16shot/ohsinglora_R2_H2/ohsinglora/ViT-B16/fgvc/16shots/seed1/adapter_weights.pt,.pt,789839,2025-12-10T15:23:07Z,ACA61D95F734D0E97A71DC30498AFF4015E0ABA09F24F51D7392029C00EB70B8,ohsinglora,fgvc,16shot,seed1,2,2,,,loaded,metadata;weights,adapter;alpha;backbone;encoder;params;position;r,144,"{""adapter"": ""ohsinglora"", ""alpha"": 1, ""backbone"": ""ViT-B/16"", ""encoder"": ""both"", ""params"": [""q"", ""k"", ""v""], ""position"": ""all"", ""r"": 2}",,,,,,,,,
DATA-0072,data/checkpoints_16shot/fgvc/16shot/ohsinglora_R2_H2/ohsinglora/ViT-B16/food101/16shots/seed1/adapter_weights.pt,.pt,789839,2025-12-10T16:49:21Z,1038C063C3526F2717053DBCA9A69C1E415A87896B66DBE6F20A3D883FF42C39,ohsinglora,fgvc,16shot,seed1,2,2,,,loaded,metadata;weights,adapter;alpha;backbone;encoder;params;position;r,144,"{""adapter"": ""ohsinglora"", ""alpha"": 1, ""backbone"": ""ViT-B/16"", ""encoder"": ""both"", ""params"": [""q"", ""k"", ""v""], ""position"": ""all"", ""r"": 2}",,,,,,,,,
DATA-0073,data/checkpoints_16shot/fgvc/16shot/ohsinglora_R2_H2/ohsinglora/ViT-B16/oxford_flowers/16shots/seed1/adapter_weights.pt,.pt,789839,2025-12-10T18:03:26Z,63ABDFA847A2F1492B76B3585BCF2AB11ABFB0D656A3BC0A21036E6617A9D51C,ohsinglora,fgvc,16shot,seed1,2,2,,,loaded,metadata;weights,adapter;alpha;backbone;encoder;params;position;r,144,"{""adapter"": ""ohsinglora"", ""alpha"": 1, ""backbone"": ""ViT-B/16"", ""encoder"": ""both"", ""params"": [""q"", ""k"", ""v""], ""position"": ""all"", ""r"": 2}",,,,,,,,,
DATA-0074,data/checkpoints_16shot/fgvc/16shot/ohsinglora_R2_H2/ohsinglora/ViT-B16/oxford_pets/16shots/seed1/adapter_weights.pt,.pt,789839,2025-12-10T17:27:51Z,736CD182F041886BE199EF78F17A41F381DB92B42E80F209137A6A337F9D7ABC,ohsinglora,fgvc,16shot,seed1,2,2,,,loaded,metadata;weights,adapter;alpha;backbone;encoder;params;position;r,144,"{""adapter"": ""ohsinglora"", ""alpha"": 1, ""backbone"": ""ViT-B/16"", ""encoder"": ""both"", ""params"": [""q"", ""k"", ""v""], ""position"": ""all"", ""r"": 2}",,,,,,,,,
DATA-0075,data/checkpoints_16shot/fgvc/16shot/ohsinglora_R2_H2/ohsinglora/ViT-B16/ucf101/16shots/seed1/adapter_weights.pt,.pt,789839,2025-12-10T19:57:56Z,5A62EB55C10161B4C139CD6D8DDBCAB702CCB47313338AB87271B82A98B1AEF3,ohsinglora,fgvc,16shot,seed1,2,2,,,loaded,metadata;weights,adapter;alpha;backbone;encoder;params;position;r,144,"{""adapter"": ""ohsinglora"", ""alpha"": 1, ""backbone"": ""ViT-B/16"", ""encoder"": ""both"", ""params"": [""q"", ""k"", ""v""], ""position"": ""all"", ""r"": 2}",,,,,,,,,
DATA-0076,data/checkpoints_16shot/fgvc/16shot/ohsinglora_R4_H1/ohsinglora/ViT-B16/fgvc/16shots/seed1/adapter_weights.pt,.pt,974159,2025-12-11T19:03:57Z,062FE35812105700988B2D1CB497318F146BA14C0FE0309394283337DDE2C9CE,ohsinglora,fgvc,16shot,seed1,4,1,,,loaded,metadata;weights,adapter;alpha;backbone;encoder;params;position;r,144,"{""adapter"": ""ohsinglora"", ""alpha"": 1, ""backbone"": ""ViT-B/16"", ""encoder"": ""both"", ""params"": [""q"", ""k"", ""v""], ""position"": ""all"", ""r"": 4}",,,,,,,,,
DATA-0077,data/checkpoints_16shot/fgvc/16shot/ohsinglora_R4_H2/ohsinglora/ViT-B16/fgvc/16shots/seed1/adapter_weights.pt,.pt,1158479,2025-12-11T23:28:01Z,074F480388653A05ABDDBD8A8D8F06E6CFEECCBAADD0D598F9AEC89819A9F9BE,ohsinglora,fgvc,16shot,seed1,4,2,,,loaded,metadata;weights,adapter;alpha;backbone;encoder;params;position;r,144,"{""adapter"": ""ohsinglora"", ""alpha"": 1, ""backbone"": ""ViT-B/16"", ""encoder"": ""both"", ""params"": [""q"", ""k"", ""v""], ""position"": ""all"", ""r"": 4}",,,,,,,,,
DATA-0078,data/checkpoints_16shot/fgvc/16shot/ohsinglora_R4_H4/ohsinglora/ViT-B16/fgvc/16shots/seed1/adapter_weights.pt,.pt,1527119,2025-12-12T05:16:03Z,DBA20096F36A1B0CCB65F98A9BB6EED488EE8AFC257C20AB91D0233E588A0D46,ohsinglora,fgvc,16shot,seed1,4,4,,,loaded,metadata;weights,adapter;alpha;backbone;encoder;params;position;r,144,"{""adapter"": ""ohsinglora"", ""alpha"": 1, ""backbone"": ""ViT-B/16"", ""encoder"": ""both"", ""params"": [""q"", ""k"", ""v""], ""position"": ""all"", ""r"": 4}",,,,,,,,,
DATA-0079,data/checkpoints_16shot/food101/16shot/ohsinglora_R2_H1/ohsinglora/ViT-B16/food101/16shots/seed1/adapter_weights.pt,.pt,605519,2025-12-11T16:06:35Z,7FDB6D4655E41768CAE6A833F036817FF32559504FECFF3DA14FB61192F5EC94,ohsinglora,food101,16shot,seed1,2,1,,,loaded,metadata;weights,adapter;alpha;backbone;encoder;params;position;r,144,"{""adapter"": ""ohsinglora"", ""alpha"": 1, ""backbone"": ""ViT-B/16"", ""encoder"": ""both"", ""params"": [""q"", ""k"", ""v""], ""position"": ""all"", ""r"": 2}",,,,,,,,,
DATA-0080,data/checkpoints_16shot/food101/16shot/ohsinglora_R2_H2/ohsinglora/ViT-B16/caltech101/16shots/seed1/adapter_weights.pt,.pt,789839,2025-12-10T18:42:54Z,9F831EF4635A795BC25E0EC61EC88192590EEC586CE357E250A208BF1AEF6FAA,ohsinglora,caltech101,16shot,seed1,2,2,,,loaded,metadata;weights,adapter;alpha;backbone;encoder;params;position;r,144,"{""adapter"": ""ohsinglora"", ""alpha"": 1, ""backbone"": ""ViT-B/16"", ""encoder"": ""both"", ""params"": [""q"", ""k"", ""v""], ""position"": ""all"", ""r"": 2}",,,,,,,,,
DATA-0081,data/checkpoints_16shot/food101/16shot/ohsinglora_R2_H2/ohsinglora/ViT-B16/dtd/16shots/seed1/adapter_weights.pt,.pt,789839,2025-12-10T19:21:55Z,9D7E8C5C7368D15289150E64D55A1B562CE084D8025A33E03DC6F343657EB2FE,ohsinglora,dtd,16shot,seed1,2,2,,,loaded,metadata;weights,adapter;alpha;backbone;encoder;params;position;r,144,"{""adapter"": ""ohsinglora"", ""alpha"": 1, ""backbone"": ""ViT-B/16"", ""encoder"": ""both"", ""params"": [""q"", ""k"", ""v""], ""position"": ""all"", ""r"": 2}",,,,,,,,,
DATA-0082,data/checkpoints_16shot/food101/16shot/ohsinglora_R2_H2/ohsinglora/ViT-B16/eurosat/16shots/seed1/adapter_weights.pt,.pt,789839,2025-12-10T16:12:31Z,72E775727A744F849405B9631D08C840C077E740A99B1BA9CD938526B42D83FA,ohsinglora,eurosat,16shot,seed1,2,2,,,loaded,metadata;weights,adapter;alpha;backbone;encoder;params;position;r,144,"{""adapter"": ""ohsinglora"", ""alpha"": 1, ""backbone"": ""ViT-B/16"", ""encoder"": ""both"", ""params"": [""q"", ""k"", ""v""], ""position"": ""all"", ""r"": 2}",,,,,,,,,
DATA-0083,data/checkpoints_16shot/food101/16shot/ohsinglora_R2_H2/ohsinglora/ViT-B16/eurosat/1shots/seed1/adapter_weights.pt,.pt,605519,2025-12-10T10:19:38Z,643F25492717CA0D915AD06D84C0744906BFECF6758BFDA073E3E8E364A8566F,ohsinglora,eurosat,16shot,seed1,2,2,,,loaded,metadata;weights,adapter;alpha;backbone;encoder;params;position;r,144,"{""adapter"": ""ohsinglora"", ""alpha"": 1, ""backbone"": ""ViT-B/16"", ""encoder"": ""both"", ""params"": [""q"", ""k"", ""v""], ""position"": ""all"", ""r"": 2}",,,,,,,,,
DATA-0084,data/checkpoints_16shot/food101/16shot/ohsinglora_R2_H2/ohsinglora/ViT-B16/fgvc/16shots/seed1/adapter_weights.pt,.pt,789839,2025-12-10T15:23:07Z,ACA61D95F734D0E97A71DC30498AFF4015E0ABA09F24F51D7392029C00EB70B8,ohsinglora,fgvc,16shot,seed1,2,2,,,loaded,metadata;weights,adapter;alpha;backbone;encoder;params;position;r,144,"{""adapter"": ""ohsinglora"", ""alpha"": 1, ""backbone"": ""ViT-B/16"", ""encoder"": ""both"", ""params"": [""q"", ""k"", ""v""], ""position"": ""all"", ""r"": 2}",,,,,,,,,
DATA-0085,data/checkpoints_16shot/food101/16shot/ohsinglora_R2_H2/ohsinglora/ViT-B16/food101/16shots/seed1/adapter_weights.pt,.pt,789839,2025-12-10T16:49:21Z,1038C063C3526F2717053DBCA9A69C1E415A87896B66DBE6F20A3D883FF42C39,ohsinglora,food101,16shot,seed1,2,2,,,loaded,metadata;weights,adapter;alpha;backbone;encoder;params;position;r,144,"{""adapter"": ""ohsinglora"", ""alpha"": 1, ""backbone"": ""ViT-B/16"", ""encoder"": ""both"", ""params"": [""q"", ""k"", ""v""], ""position"": ""all"", ""r"": 2}",,,,,,,,,
DATA-0086,data/checkpoints_16shot/food101/16shot/ohsinglora_R2_H2/ohsinglora/ViT-B16/oxford_flowers/16shots/seed1/adapter_weights.pt,.pt,789839,2025-12-10T18:03:26Z,63ABDFA847A2F1492B76B3585BCF2AB11ABFB0D656A3BC0A21036E6617A9D51C,ohsinglora,food101,16shot,seed1,2,2,,,loaded,metadata;weights,adapter;alpha;backbone;encoder;params;position;r,144,"{""adapter"": ""ohsinglora"", ""alpha"": 1, ""backbone"": ""ViT-B/16"", ""encoder"": ""both"", ""params"": [""q"", ""k"", ""v""], ""position"": ""all"", ""r"": 2}",,,,,,,,,
DATA-0087,data/checkpoints_16shot/food101/16shot/ohsinglora_R2_H2/ohsinglora/ViT-B16/oxford_pets/16shots/seed1/adapter_weights.pt,.pt,789839,2025-12-10T17:27:51Z,736CD182F041886BE199EF78F17A41F381DB92B42E80F209137A6A337F9D7ABC,ohsinglora,food101,16shot,seed1,2,2,,,loaded,metadata;weights,adapter;alpha;backbone;encoder;params;position;r,144,"{""adapter"": ""ohsinglora"", ""alpha"": 1, ""backbone"": ""ViT-B/16"", ""encoder"": ""both"", ""params"": [""q"", ""k"", ""v""], ""position"": ""all"", ""r"": 2}",,,,,,,,,
DATA-0088,data/checkpoints_16shot/food101/16shot/ohsinglora_R2_H2/ohsinglora/ViT-B16/ucf101/16shots/seed1/adapter_weights.pt,.pt,789839,2025-12-10T19:57:56Z,5A62EB55C10161B4C139CD6D8DDBCAB702CCB47313338AB87271B82A98B1AEF3,ohsinglora,food101,16shot,seed1,2,2,,,loaded,metadata;weights,adapter;alpha;backbone;encoder;params;position;r,144,"{""adapter"": ""ohsinglora"", ""alpha"": 1, ""backbone"": ""ViT-B/16"", ""encoder"": ""both"", ""params"": [""q"", ""k"", ""v""], ""position"": ""all"", ""r"": 2}",,,,,,,,,
DATA-0089,data/checkpoints_16shot/food101/16shot/ohsinglora_R4_H1/ohsinglora/ViT-B16/food101/16shots/seed1/adapter_weights.pt,.pt,974159,2025-12-11T20:19:07Z,ED7D435C356F64B992E3CB6FB5974ADAF7E2EACA50F9F6844D50F4CCAC2213BA,ohsinglora,food101,16shot,seed1,4,1,,,loaded,metadata;weights,adapter;alpha;backbone;encoder;params;position;r,144,"{""adapter"": ""ohsinglora"", ""alpha"": 1, ""backbone"": ""ViT-B/16"", ""encoder"": ""both"", ""params"": [""q"", ""k"", ""v""], ""position"": ""all"", ""r"": 4}",,,,,,,,,
DATA-0090,data/checkpoints_16shot/food101/16shot/ohsinglora_R4_H2/ohsinglora/ViT-B16/food101/16shots/seed1/adapter_weights.pt,.pt,1158479,2025-12-12T00:58:41Z,C24287985B9C8505E61C7ED76E60FC4646A2002F694BDDA217034901FEB417ED,ohsinglora,food101,16shot,seed1,4,2,,,loaded,metadata;weights,adapter;alpha;backbone;encoder;params;position;r,144,"{""adapter"": ""ohsinglora"", ""alpha"": 1, ""backbone"": ""ViT-B/16"", ""encoder"": ""both"", ""params"": [""q"", ""k"", ""v""], ""position"": ""all"", ""r"": 4}",,,,,,,,,
DATA-0091,data/checkpoints_16shot/food101/16shot/ohsinglora_R4_H4/ohsinglora/ViT-B16/food101/16shots/seed1/adapter_weights.pt,.pt,1527119,2025-12-12T07:38:51Z,E46AB6BB974AF748E27169B607C0A31FCE19040445CE07B4DF880236AC399F36,ohsinglora,food101,16shot,seed1,4,4,,,loaded,metadata;weights,adapter;alpha;backbone;encoder;params;position;r,144,"{""adapter"": ""ohsinglora"", ""alpha"": 1, ""backbone"": ""ViT-B/16"", ""encoder"": ""both"", ""params"": [""q"", ""k"", ""v""], ""position"": ""all"", ""r"": 4}",,,,,,,,,
DATA-0092,data/checkpoints_16shot/oxford_flowers/16shot/ohsinglora_R2_H1/ohsinglora/ViT-B16/oxford_flowers/16shots/seed1/adapter_weights.pt,.pt,605519,2025-12-11T17:05:23Z,190BF73E714B1798825F3A46B77A8A00CC15355B4F57AED54A15A0A154668595,ohsinglora,oxford_flowers,16shot,seed1,2,1,,,loaded,metadata;weights,adapter;alpha;backbone;encoder;params;position;r,144,"{""adapter"": ""ohsinglora"", ""alpha"": 1, ""backbone"": ""ViT-B/16"", ""encoder"": ""both"", ""params"": [""q"", ""k"", ""v""], ""position"": ""all"", ""r"": 2}",,,,,,,,,
DATA-0093,data/checkpoints_16shot/oxford_flowers/16shot/ohsinglora_R2_H2/ohsinglora/ViT-B16/caltech101/16shots/seed1/adapter_weights.pt,.pt,789839,2025-12-10T18:42:54Z,9F831EF4635A795BC25E0EC61EC88192590EEC586CE357E250A208BF1AEF6FAA,ohsinglora,caltech101,16shot,seed1,2,2,,,loaded,metadata;weights,adapter;alpha;backbone;encoder;params;position;r,144,"{""adapter"": ""ohsinglora"", ""alpha"": 1, ""backbone"": ""ViT-B/16"", ""encoder"": ""both"", ""params"": [""q"", ""k"", ""v""], ""position"": ""all"", ""r"": 2}",,,,,,,,,
DATA-0094,data/checkpoints_16shot/oxford_flowers/16shot/ohsinglora_R2_H2/ohsinglora/ViT-B16/dtd/16shots/seed1/adapter_weights.pt,.pt,789839,2025-12-10T19:21:55Z,9D7E8C5C7368D15289150E64D55A1B562CE084D8025A33E03DC6F343657EB2FE,ohsinglora,dtd,16shot,seed1,2,2,,,loaded,metadata;weights,adapter;alpha;backbone;encoder;params;position;r,144,"{""adapter"": ""ohsinglora"", ""alpha"": 1, ""backbone"": ""ViT-B/16"", ""encoder"": ""both"", ""params"": [""q"", ""k"", ""v""], ""position"": ""all"", ""r"": 2}",,,,,,,,,
DATA-0095,data/checkpoints_16shot/oxford_flowers/16shot/ohsinglora_R2_H2/ohsinglora/ViT-B16/eurosat/16shots/seed1/adapter_weights.pt,.pt,789839,2025-12-10T16:12:31Z,72E775727A744F849405B9631D08C840C077E740A99B1BA9CD938526B42D83FA,ohsinglora,eurosat,16shot,seed1,2,2,,,loaded,metadata;weights,adapter;alpha;backbone;encoder;params;position;r,144,"{""adapter"": ""ohsinglora"", ""alpha"": 1, ""backbone"": ""ViT-B/16"", ""encoder"": ""both"", ""params"": [""q"", ""k"", ""v""], ""position"": ""all"", ""r"": 2}",,,,,,,,,
DATA-0096,data/checkpoints_16shot/oxford_flowers/16shot/ohsinglora_R2_H2/ohsinglora/ViT-B16/eurosat/1shots/seed1/adapter_weights.pt,.pt,605519,2025-12-10T10:19:38Z,643F25492717CA0D915AD06D84C0744906BFECF6758BFDA073E3E8E364A8566F,ohsinglora,eurosat,16shot,seed1,2,2,,,loaded,metadata;weights,adapter;alpha;backbone;encoder;params;position;r,144,"{""adapter"": ""ohsinglora"", ""alpha"": 1, ""backbone"": ""ViT-B/16"", ""encoder"": ""both"", ""params"": [""q"", ""k"", ""v""], ""position"": ""all"", ""r"": 2}",,,,,,,,,
DATA-0097,data/checkpoints_16shot/oxford_flowers/16shot/ohsinglora_R2_H2/ohsinglora/ViT-B16/fgvc/16shots/seed1/adapter_weights.pt,.pt,789839,2025-12-10T15:23:07Z,ACA61D95F734D0E97A71DC30498AFF4015E0ABA09F24F51D7392029C00EB70B8,ohsinglora,fgvc,16shot,seed1,2,2,,,loaded,metadata;weights,adapter;alpha;backbone;encoder;params;position;r,144,"{""adapter"": ""ohsinglora"", ""alpha"": 1, ""backbone"": ""ViT-B/16"", ""encoder"": ""both"", ""params"": [""q"", ""k"", ""v""], ""position"": ""all"", ""r"": 2}",,,,,,,,,
DATA-0098,data/checkpoints_16shot/oxford_flowers/16shot/ohsinglora_R2_H2/ohsinglora/ViT-B16/food101/16shots/seed1/adapter_weights.pt,.pt,789839,2025-12-10T16:49:21Z,1038C063C3526F2717053DBCA9A69C1E415A87896B66DBE6F20A3D883FF42C39,ohsinglora,food101,16shot,seed1,2,2,,,loaded,metadata;weights,adapter;alpha;backbone;encoder;params;position;r,144,"{""adapter"": ""ohsinglora"", ""alpha"": 1, ""backbone"": ""ViT-B/16"", ""encoder"": ""both"", ""params"": [""q"", ""k"", ""v""], ""position"": ""all"", ""r"": 2}",,,,,,,,,
DATA-0099,data/checkpoints_16shot/oxford_flowers/16shot/ohsinglora_R2_H2/ohsinglora/ViT-B16/oxford_flowers/16shots/seed1/adapter_weights.pt,.pt,789839,2025-12-10T18:03:26Z,63ABDFA847A2F1492B76B3585BCF2AB11ABFB0D656A3BC0A21036E6617A9D51C,ohsinglora,oxford_flowers,16shot,seed1,2,2,,,loaded,metadata;weights,adapter;alpha;backbone;encoder;params;position;r,144,"{""adapter"": ""ohsinglora"", ""alpha"": 1, ""backbone"": ""ViT-B/16"", ""encoder"": ""both"", ""params"": [""q"", ""k"", ""v""], ""position"": ""all"", ""r"": 2}",,,,,,,,,
DATA-0100,data/checkpoints_16shot/oxford_flowers/16shot/ohsinglora_R2_H2/ohsinglora/ViT-B16/oxford_pets/16shots/seed1/adapter_weights.pt,.pt,789839,2025-12-10T17:27:51Z,736CD182F041886BE199EF78F17A41F381DB92B42E80F209137A6A337F9D7ABC,ohsinglora,oxford_flowers,16shot,seed1,2,2,,,loaded,metadata;weights,adapter;alpha;backbone;encoder;params;position;r,144,"{""adapter"": ""ohsinglora"", ""alpha"": 1, ""backbone"": ""ViT-B/16"", ""encoder"": ""both"", ""params"": [""q"", ""k"", ""v""], ""position"": ""all"", ""r"": 2}",,,,,,,,,
DATA-0101,data/checkpoints_16shot/oxford_flowers/16shot/ohsinglora_R2_H2/ohsinglora/ViT-B16/ucf101/16shots/seed1/adapter_weights.pt,.pt,789839,2025-12-10T19:57:56Z,5A62EB55C10161B4C139CD6D8DDBCAB702CCB47313338AB87271B82A98B1AEF3,ohsinglora,oxford_flowers,16shot,seed1,2,2,,,loaded,metadata;weights,adapter;alpha;backbone;encoder;params;position;r,144,"{""adapter"": ""ohsinglora"", ""alpha"": 1, ""backbone"": ""ViT-B/16"", ""encoder"": ""both"", ""params"": [""q"", ""k"", ""v""], ""position"": ""all"", ""r"": 2}",,,,,,,,,
DATA-0102,data/checkpoints_16shot/oxford_flowers/16shot/ohsinglora_R4_H1/ohsinglora/ViT-B16/oxford_flowers/16shots/seed1/adapter_weights.pt,.pt,974159,2025-12-11T21:17:43Z,C21CFCBD022AD2B479BD2A29C64A829B74977AC60361855939A087C1BDDAABFA,ohsinglora,oxford_flowers,16shot,seed1,4,1,,,loaded,metadata;weights,adapter;alpha;backbone;encoder;params;position;r,144,"{""adapter"": ""ohsinglora"", ""alpha"": 1, ""backbone"": ""ViT-B/16"", ""encoder"": ""both"", ""params"": [""q"", ""k"", ""v""], ""position"": ""all"", ""r"": 4}",,,,,,,,,
DATA-0103,data/checkpoints_16shot/oxford_flowers/16shot/ohsinglora_R4_H2/ohsinglora/ViT-B16/oxford_flowers/16shots/seed1/adapter_weights.pt,.pt,1158479,2025-12-12T02:20:24Z,A6B03459DAEB99E760D477E59CC279BBDD40AE4B79A73E24036CADCA84E398A2,ohsinglora,oxford_flowers,16shot,seed1,4,2,,,loaded,metadata;weights,adapter;alpha;backbone;encoder;params;position;r,144,"{""adapter"": ""ohsinglora"", ""alpha"": 1, ""backbone"": ""ViT-B/16"", ""encoder"": ""both"", ""params"": [""q"", ""k"", ""v""], ""position"": ""all"", ""r"": 4}",,,,,,,,,
DATA-0104,data/checkpoints_16shot/oxford_flowers/16shot/ohsinglora_R4_H4/ohsinglora/ViT-B16/oxford_flowers/16shots/seed1/adapter_weights.pt,.pt,1527119,2025-12-12T09:52:21Z,FD321B6F2874AE183F9B5CE0A0B5390C62D75BBA7E60ED319E106F39853C7382,ohsinglora,oxford_flowers,16shot,seed1,4,4,,,loaded,metadata;weights,adapter;alpha;backbone;encoder;params;position;r,144,"{""adapter"": ""ohsinglora"", ""alpha"": 1, ""backbone"": ""ViT-B/16"", ""encoder"": ""both"", ""params"": [""q"", ""k"", ""v""], ""position"": ""all"", ""r"": 4}",,,,,,,,,
DATA-0105,data/checkpoints_16shot/oxford_pets/16shot/ohsinglora_R2_H1/ohsinglora/ViT-B16/oxford_pets/16shots/seed1/adapter_weights.pt,.pt,605519,2025-12-11T16:36:14Z,671F5822D1CE7C9F153C056F7B871CD6FF9CFFACC1574295B116284B5E2AEF1B,ohsinglora,oxford_pets,16shot,seed1,2,1,,,loaded,metadata;weights,adapter;alpha;backbone;encoder;params;position;r,144,"{""adapter"": ""ohsinglora"", ""alpha"": 1, ""backbone"": ""ViT-B/16"", ""encoder"": ""both"", ""params"": [""q"", ""k"", ""v""], ""position"": ""all"", ""r"": 2}",,,,,,,,,
DATA-0106,data/checkpoints_16shot/oxford_pets/16shot/ohsinglora_R2_H2/ohsinglora/ViT-B16/caltech101/16shots/seed1/adapter_weights.pt,.pt,789839,2025-12-10T18:42:54Z,9F831EF4635A795BC25E0EC61EC88192590EEC586CE357E250A208BF1AEF6FAA,ohsinglora,caltech101,16shot,seed1,2,2,,,loaded,metadata;weights,adapter;alpha;backbone;encoder;params;position;r,144,"{""adapter"": ""ohsinglora"", ""alpha"": 1, ""backbone"": ""ViT-B/16"", ""encoder"": ""both"", ""params"": [""q"", ""k"", ""v""], ""position"": ""all"", ""r"": 2}",,,,,,,,,
DATA-0107,data/checkpoints_16shot/oxford_pets/16shot/ohsinglora_R2_H2/ohsinglora/ViT-B16/dtd/16shots/seed1/adapter_weights.pt,.pt,789839,2025-12-10T19:21:55Z,9D7E8C5C7368D15289150E64D55A1B562CE084D8025A33E03DC6F343657EB2FE,ohsinglora,dtd,16shot,seed1,2,2,,,loaded,metadata;weights,adapter;alpha;backbone;encoder;params;position;r,144,"{""adapter"": ""ohsinglora"", ""alpha"": 1, ""backbone"": ""ViT-B/16"", ""encoder"": ""both"", ""params"": [""q"", ""k"", ""v""], ""position"": ""all"", ""r"": 2}",,,,,,,,,
DATA-0108,data/checkpoints_16shot/oxford_pets/16shot/ohsinglora_R2_H2/ohsinglora/ViT-B16/eurosat/16shots/seed1/adapter_weights.pt,.pt,789839,2025-12-10T16:12:31Z,72E775727A744F849405B9631D08C840C077E740A99B1BA9CD938526B42D83FA,ohsinglora,eurosat,16shot,seed1,2,2,,,loaded,metadata;weights,adapter;alpha;backbone;encoder;params;position;r,144,"{""adapter"": ""ohsinglora"", ""alpha"": 1, ""backbone"": ""ViT-B/16"", ""encoder"": ""both"", ""params"": [""q"", ""k"", ""v""], ""position"": ""all"", ""r"": 2}",,,,,,,,,
DATA-0109,data/checkpoints_16shot/oxford_pets/16shot/ohsinglora_R2_H2/ohsinglora/ViT-B16/eurosat/1shots/seed1/adapter_weights.pt,.pt,605519,2025-12-10T10:19:38Z,643F25492717CA0D915AD06D84C0744906BFECF6758BFDA073E3E8E364A8566F,ohsinglora,eurosat,16shot,seed1,2,2,,,loaded,metadata;weights,adapter;alpha;backbone;encoder;params;position;r,144,"{""adapter"": ""ohsinglora"", ""alpha"": 1, ""backbone"": ""ViT-B/16"", ""encoder"": ""both"", ""params"": [""q"", ""k"", ""v""], ""position"": ""all"", ""r"": 2}",,,,,,,,,
DATA-0110,data/checkpoints_16shot/oxford_pets/16shot/ohsinglora_R2_H2/ohsinglora/ViT-B16/fgvc/16shots/seed1/adapter_weights.pt,.pt,789839,2025-12-10T15:23:07Z,ACA61D95F734D0E97A71DC30498AFF4015E0ABA09F24F51D7392029C00EB70B8,ohsinglora,fgvc,16shot,seed1,2,2,,,loaded,metadata;weights,adapter;alpha;backbone;encoder;params;position;r,144,"{""adapter"": ""ohsinglora"", ""alpha"": 1, ""backbone"": ""ViT-B/16"", ""encoder"": ""both"", ""params"": [""q"", ""k"", ""v""], ""position"": ""all"", ""r"": 2}",,,,,,,,,
DATA-0111,data/checkpoints_16shot/oxford_pets/16shot/ohsinglora_R2_H2/ohsinglora/ViT-B16/food101/16shots/seed1/adapter_weights.pt,.pt,789839,2025-12-10T16:49:21Z,1038C063C3526F2717053DBCA9A69C1E415A87896B66DBE6F20A3D883FF42C39,ohsinglora,food101,16shot,seed1,2,2,,,loaded,metadata;weights,adapter;alpha;backbone;encoder;params;position;r,144,"{""adapter"": ""ohsinglora"", ""alpha"": 1, ""backbone"": ""ViT-B/16"", ""encoder"": ""both"", ""params"": [""q"", ""k"", ""v""], ""position"": ""all"", ""r"": 2}",,,,,,,,,
DATA-0112,data/checkpoints_16shot/oxford_pets/16shot/ohsinglora_R2_H2/ohsinglora/ViT-B16/oxford_flowers/16shots/seed1/adapter_weights.pt,.pt,789839,2025-12-10T18:03:26Z,63ABDFA847A2F1492B76B3585BCF2AB11ABFB0D656A3BC0A21036E6617A9D51C,ohsinglora,oxford_flowers,16shot,seed1,2,2,,,loaded,metadata;weights,adapter;alpha;backbone;encoder;params;position;r,144,"{""adapter"": ""ohsinglora"", ""alpha"": 1, ""backbone"": ""ViT-B/16"", ""encoder"": ""both"", ""params"": [""q"", ""k"", ""v""], ""position"": ""all"", ""r"": 2}",,,,,,,,,
DATA-0113,data/checkpoints_16shot/oxford_pets/16shot/ohsinglora_R2_H2/ohsinglora/ViT-B16/oxford_pets/16shots/seed1/adapter_weights.pt,.pt,789839,2025-12-10T17:27:51Z,736CD182F041886BE199EF78F17A41F381DB92B42E80F209137A6A337F9D7ABC,ohsinglora,oxford_pets,16shot,seed1,2,2,,,loaded,metadata;weights,adapter;alpha;backbone;encoder;params;position;r,144,"{""adapter"": ""ohsinglora"", ""alpha"": 1, ""backbone"": ""ViT-B/16"", ""encoder"": ""both"", ""params"": [""q"", ""k"", ""v""], ""position"": ""all"", ""r"": 2}",,,,,,,,,
DATA-0114,data/checkpoints_16shot/oxford_pets/16shot/ohsinglora_R2_H2/ohsinglora/ViT-B16/ucf101/16shots/seed1/adapter_weights.pt,.pt,789839,2025-12-10T19:57:56Z,5A62EB55C10161B4C139CD6D8DDBCAB702CCB47313338AB87271B82A98B1AEF3,ohsinglora,oxford_pets,16shot,seed1,2,2,,,loaded,metadata;weights,adapter;alpha;backbone;encoder;params;position;r,144,"{""adapter"": ""ohsinglora"", ""alpha"": 1, ""backbone"": ""ViT-B/16"", ""encoder"": ""both"", ""params"": [""q"", ""k"", ""v""], ""position"": ""all"", ""r"": 2}",,,,,,,,,
DATA-0115,data/checkpoints_16shot/oxford_pets/16shot/ohsinglora_R4_H1/ohsinglora/ViT-B16/oxford_pets/16shots/seed1/adapter_weights.pt,.pt,974159,2025-12-11T20:48:21Z,8E93D0CBA24C34A8190810688BE3DF1ADE73FCF8BC8AB252CB4038B8F5468B95,ohsinglora,oxford_pets,16shot,seed1,4,1,,,loaded,metadata;weights,adapter;alpha;backbone;encoder;params;position;r,144,"{""adapter"": ""ohsinglora"", ""alpha"": 1, ""backbone"": ""ViT-B/16"", ""encoder"": ""both"", ""params"": [""q"", ""k"", ""v""], ""position"": ""all"", ""r"": 4}",,,,,,,,,
DATA-0116,data/checkpoints_16shot/oxford_pets/16shot/ohsinglora_R4_H2/ohsinglora/ViT-B16/oxford_pets/16shots/seed1/adapter_weights.pt,.pt,1158479,2025-12-12T01:42:58Z,4BD5D3CD0C1F17CCA21CF740C2FB6F66AAF48A51D836C38319CB98E322F47D3B,ohsinglora,oxford_pets,16shot,seed1,4,2,,,loaded,metadata;weights,adapter;alpha;backbone;encoder;params;position;r,144,"{""adapter"": ""ohsinglora"", ""alpha"": 1, ""backbone"": ""ViT-B/16"", ""encoder"": ""both"", ""params"": [""q"", ""k"", ""v""], ""position"": ""all"", ""r"": 4}",,,,,,,,,
DATA-0117,data/checkpoints_16shot/oxford_pets/16shot/ohsinglora_R4_H4/ohsinglora/ViT-B16/oxford_pets/16shots/seed1/adapter_weights.pt,.pt,1527119,2025-12-12T08:46:17Z,2092546F01AB72E0389129140E7F83443DE0258EA10CE21E0D103FD23F17C93D,ohsinglora,oxford_pets,16shot,seed1,4,4,,,loaded,metadata;weights,adapter;alpha;backbone;encoder;params;position;r,144,"{""adapter"": ""ohsinglora"", ""alpha"": 1, ""backbone"": ""ViT-B/16"", ""encoder"": ""both"", ""params"": [""q"", ""k"", ""v""], ""position"": ""all"", ""r"": 4}",,,,,,,,,
DATA-0118,data/checkpoints_16shot/ucf101/16shot/ohsinglora_R2_H1/ohsinglora/ViT-B16/ucf101/16shots/seed1/adapter_weights.pt,.pt,605519,2025-12-11T18:32:48Z,8A3D3A1D227722094373CC1340F9A76E7BBFB84205446B3E4FF2789BDA0F5AD7,ohsinglora,ucf101,16shot,seed1,2,1,,,loaded,metadata;weights,adapter;alpha;backbone;encoder;params;position;r,144,"{""adapter"": ""ohsinglora"", ""alpha"": 1, ""backbone"": ""ViT-B/16"", ""encoder"": ""both"", ""params"": [""q"", ""k"", ""v""], ""position"": ""all"", ""r"": 2}",,,,,,,,,
DATA-0119,data/checkpoints_16shot/ucf101/16shot/ohsinglora_R2_H2/ohsinglora/ViT-B16/caltech101/16shots/seed1/adapter_weights.pt,.pt,789839,2025-12-10T18:42:54Z,9F831EF4635A795BC25E0EC61EC88192590EEC586CE357E250A208BF1AEF6FAA,ohsinglora,caltech101,16shot,seed1,2,2,,,loaded,metadata;weights,adapter;alpha;backbone;encoder;params;position;r,144,"{""adapter"": ""ohsinglora"", ""alpha"": 1, ""backbone"": ""ViT-B/16"", ""encoder"": ""both"", ""params"": [""q"", ""k"", ""v""], ""position"": ""all"", ""r"": 2}",,,,,,,,,
DATA-0120,data/checkpoints_16shot/ucf101/16shot/ohsinglora_R2_H2/ohsinglora/ViT-B16/dtd/16shots/seed1/adapter_weights.pt,.pt,789839,2025-12-10T19:21:55Z,9D7E8C5C7368D15289150E64D55A1B562CE084D8025A33E03DC6F343657EB2FE,ohsinglora,dtd,16shot,seed1,2,2,,,loaded,metadata;weights,adapter;alpha;backbone;encoder;params;position;r,144,"{""adapter"": ""ohsinglora"", ""alpha"": 1, ""backbone"": ""ViT-B/16"", ""encoder"": ""both"", ""params"": [""q"", ""k"", ""v""], ""position"": ""all"", ""r"": 2}",,,,,,,,,
DATA-0121,data/checkpoints_16shot/ucf101/16shot/ohsinglora_R2_H2/ohsinglora/ViT-B16/eurosat/16shots/seed1/adapter_weights.pt,.pt,789839,2025-12-10T16:12:31Z,72E775727A744F849405B9631D08C840C077E740A99B1BA9CD938526B42D83FA,ohsinglora,eurosat,16shot,seed1,2,2,,,loaded,metadata;weights,adapter;alpha;backbone;encoder;params;position;r,144,"{""adapter"": ""ohsinglora"", ""alpha"": 1, ""backbone"": ""ViT-B/16"", ""encoder"": ""both"", ""params"": [""q"", ""k"", ""v""], ""position"": ""all"", ""r"": 2}",,,,,,,,,
DATA-0122,data/checkpoints_16shot/ucf101/16shot/ohsinglora_R2_H2/ohsinglora/ViT-B16/eurosat/1shots/seed1/adapter_weights.pt,.pt,605519,2025-12-10T10:19:38Z,643F25492717CA0D915AD06D84C0744906BFECF6758BFDA073E3E8E364A8566F,ohsinglora,eurosat,16shot,seed1,2,2,,,loaded,metadata;weights,adapter;alpha;backbone;encoder;params;position;r,144,"{""adapter"": ""ohsinglora"", ""alpha"": 1, ""backbone"": ""ViT-B/16"", ""encoder"": ""both"", ""params"": [""q"", ""k"", ""v""], ""position"": ""all"", ""r"": 2}",,,,,,,,,
DATA-0123,data/checkpoints_16shot/ucf101/16shot/ohsinglora_R2_H2/ohsinglora/ViT-B16/fgvc/16shots/seed1/adapter_weights.pt,.pt,789839,2025-12-10T15:23:07Z,ACA61D95F734D0E97A71DC30498AFF4015E0ABA09F24F51D7392029C00EB70B8,ohsinglora,fgvc,16shot,seed1,2,2,,,loaded,metadata;weights,adapter;alpha;backbone;encoder;params;position;r,144,"{""adapter"": ""ohsinglora"", ""alpha"": 1, ""backbone"": ""ViT-B/16"", ""encoder"": ""both"", ""params"": [""q"", ""k"", ""v""], ""position"": ""all"", ""r"": 2}",,,,,,,,,
DATA-0124,data/checkpoints_16shot/ucf101/16shot/ohsinglora_R2_H2/ohsinglora/ViT-B16/food101/16shots/seed1/adapter_weights.pt,.pt,789839,2025-12-10T16:49:21Z,1038C063C3526F2717053DBCA9A69C1E415A87896B66DBE6F20A3D883FF42C39,ohsinglora,food101,16shot,seed1,2,2,,,loaded,metadata;weights,adapter;alpha;backbone;encoder;params;position;r,144,"{""adapter"": ""ohsinglora"", ""alpha"": 1, ""backbone"": ""ViT-B/16"", ""encoder"": ""both"", ""params"": [""q"", ""k"", ""v""], ""position"": ""all"", ""r"": 2}",,,,,,,,,
DATA-0125,data/checkpoints_16shot/ucf101/16shot/ohsinglora_R2_H2/ohsinglora/ViT-B16/oxford_flowers/16shots/seed1/adapter_weights.pt,.pt,789839,2025-12-10T18:03:26Z,63ABDFA847A2F1492B76B3585BCF2AB11ABFB0D656A3BC0A21036E6617A9D51C,ohsinglora,oxford_flowers,16shot,seed1,2,2,,,loaded,metadata;weights,adapter;alpha;backbone;encoder;params;position;r,144,"{""adapter"": ""ohsinglora"", ""alpha"": 1, ""backbone"": ""ViT-B/16"", ""encoder"": ""both"", ""params"": [""q"", ""k"", ""v""], ""position"": ""all"", ""r"": 2}",,,,,,,,,
DATA-0126,data/checkpoints_16shot/ucf101/16shot/ohsinglora_R2_H2/ohsinglora/ViT-B16/oxford_pets/16shots/seed1/adapter_weights.pt,.pt,789839,2025-12-10T17:27:51Z,736CD182F041886BE199EF78F17A41F381DB92B42E80F209137A6A337F9D7ABC,ohsinglora,oxford_pets,16shot,seed1,2,2,,,loaded,metadata;weights,adapter;alpha;backbone;encoder;params;position;r,144,"{""adapter"": ""ohsinglora"", ""alpha"": 1, ""backbone"": ""ViT-B/16"", ""encoder"": ""both"", ""params"": [""q"", ""k"", ""v""], ""position"": ""all"", ""r"": 2}",,,,,,,,,
DATA-0127,data/checkpoints_16shot/ucf101/16shot/ohsinglora_R2_H2/ohsinglora/ViT-B16/ucf101/16shots/seed1/adapter_weights.pt,.pt,789839,2025-12-10T19:57:56Z,5A62EB55C10161B4C139CD6D8DDBCAB702CCB47313338AB87271B82A98B1AEF3,ohsinglora,ucf101,16shot,seed1,2,2,,,loaded,metadata;weights,adapter;alpha;backbone;encoder;params;position;r,144,"{""adapter"": ""ohsinglora"", ""alpha"": 1, ""backbone"": ""ViT-B/16"", ""encoder"": ""both"", ""params"": [""q"", ""k"", ""v""], ""position"": ""all"", ""r"": 2}",,,,,,,,,
DATA-0128,data/checkpoints_16shot/ucf101/16shot/ohsinglora_R4_H1/ohsinglora/ViT-B16/ucf101/16shots/seed1/adapter_weights.pt,.pt,974159,2025-12-11T22:44:47Z,648BCB3CB39130CA83AE6EAD09B4077D2B2C216A6FD4595A95E961509D358342,ohsinglora,ucf101,16shot,seed1,4,1,,,loaded,metadata;weights,adapter;alpha;backbone;encoder;params;position;r,144,"{""adapter"": ""ohsinglora"", ""alpha"": 1, ""backbone"": ""ViT-B/16"", ""encoder"": ""both"", ""params"": [""q"", ""k"", ""v""], ""position"": ""all"", ""r"": 4}",,,,,,,,,
DATA-0129,data/checkpoints_16shot/ucf101/16shot/ohsinglora_R4_H2/ohsinglora/ViT-B16/ucf101/16shots/seed1/adapter_weights.pt,.pt,1158479,2025-12-12T04:12:42Z,EE228F67DAEC0809A5958AF47B0C2BE75BB5E2AE94B5F2399EAC5D5F7DC8112F,ohsinglora,ucf101,16shot,seed1,4,2,,,loaded,metadata;weights,adapter;alpha;backbone;encoder;params;position;r,144,"{""adapter"": ""ohsinglora"", ""alpha"": 1, ""backbone"": ""ViT-B/16"", ""encoder"": ""both"", ""params"": [""q"", ""k"", ""v""], ""position"": ""all"", ""r"": 4}",,,,,,,,,
DATA-0130,data/checkpoints_16shot/ucf101/16shot/ohsinglora_R4_H4/ohsinglora/ViT-B16/ucf101/16shots/seed1/adapter_weights.pt,.pt,1527119,2025-12-12T13:12:34Z,D727CF8E8C11D4B36DD36EE851BB87434B53C3779070690A41907324F99A9804,ohsinglora,ucf101,16shot,seed1,4,4,,,loaded,metadata;weights,adapter;alpha;backbone;encoder;params;position;r,144,"{""adapter"": ""ohsinglora"", ""alpha"": 1, ""backbone"": ""ViT-B/16"", ""encoder"": ""both"", ""params"": [""q"", ""k"", ""v""], ""position"": ""all"", ""r"": 4}",,,,,,,,,
DATA-0131,data/checkpoints_ablation_heads_lambda/ohsinglora/ViT-B16/caltech101/16shots/seed1/adapter_weights.pt,.pt,1527119,2026-01-03T03:28:05Z,243AEBF55A210B1BF8FCC1ACDE0D743BDFC01B5AA53AFA4EBD979A53796B5FB6,ohsinglora,caltech101,16shot,seed1,,101,,,loaded,metadata;weights,adapter;alpha;backbone;encoder;params;position;r,144,"{""adapter"": ""ohsinglora"", ""alpha"": 1, ""backbone"": ""ViT-B/16"", ""encoder"": ""both"", ""params"": [""q"", ""k"", ""v""], ""position"": ""all"", ""r"": 4}",,,,,,,,,
DATA-0132,data/checkpoints_ablation_heads_lambda/ohsinglora/ViT-B16/caltech101/1shots/seed1/adapter_weights.pt,.pt,1527119,2026-01-01T17:19:19Z,5B399DADF2FFE2238BD8573604F6F36A337C297CD092E9A97015BAD99BE43579,ohsinglora,caltech101,1shot,seed1,,101,,,loaded,metadata;weights,adapter;alpha;backbone;encoder;params;position;r,144,"{""adapter"": ""ohsinglora"", ""alpha"": 1, ""backbone"": ""ViT-B/16"", ""encoder"": ""both"", ""params"": [""q"", ""k"", ""v""], ""position"": ""all"", ""r"": 4}",,,,,,,,,
DATA-0133,data/checkpoints_ablation_heads_lambda/ohsinglora/ViT-B16/caltech101/4shots/seed1/adapter_weights.pt,.pt,1527119,2026-01-02T01:27:56Z,B3DED6852D543BBCC4256A249E63526F1BF8926014092504D721ACB2F01B3EC3,ohsinglora,caltech101,4shot,seed1,,101,,,loaded,metadata;weights,adapter;alpha;backbone;encoder;params;position;r,144,"{""adapter"": ""ohsinglora"", ""alpha"": 1, ""backbone"": ""ViT-B/16"", ""encoder"": ""both"", ""params"": [""q"", ""k"", ""v""], ""position"": ""all"", ""r"": 4}",,,,,,,,,
DATA-0134,data/checkpoints_ablation_heads_lambda/ohsinglora/ViT-B16/eurosat/16shots/seed1/adapter_weights.pt,.pt,1527119,2026-01-03T01:57:29Z,F881C0A9EC677F6D300547416600AA7769FB7AC1B3D3B9D46505C03B1D5E652A,ohsinglora,eurosat,16shot,seed1,,,,,loaded,metadata;weights,adapter;alpha;backbone;encoder;params;position;r,144,"{""adapter"": ""ohsinglora"", ""alpha"": 1, ""backbone"": ""ViT-B/16"", ""encoder"": ""both"", ""params"": [""q"", ""k"", ""v""], ""position"": ""all"", ""r"": 4}",,,,,,,,,
DATA-0135,data/checkpoints_ablation_heads_lambda/ohsinglora/ViT-B16/eurosat/1shots/seed1/adapter_weights.pt,.pt,1527119,2026-01-01T17:12:11Z,E77CE5B60CE932F597EF53891BD9857B0A6A98BB9A5C01A67E860A1DA51A051D,ohsinglora,eurosat,1shot,seed1,,,,,loaded,metadata;weights,adapter;alpha;backbone;encoder;params;position;r,144,"{""adapter"": ""ohsinglora"", ""alpha"": 1, ""backbone"": ""ViT-B/16"", ""encoder"": ""both"", ""params"": [""q"", ""k"", ""v""], ""position"": ""all"", ""r"": 4}",,,,,,,,,
DATA-0136,data/checkpoints_ablation_heads_lambda/ohsinglora/ViT-B16/eurosat/4shots/seed1/adapter_weights.pt,.pt,1527119,2026-01-02T01:03:33Z,91148F9D20537E5028ABAAC23938D87A859FC1202B73E5C6E39325E513FA33CD,ohsinglora,eurosat,4shot,seed1,,,,,loaded,metadata;weights,adapter;alpha;backbone;encoder;params;position;r,144,"{""adapter"": ""ohsinglora"", ""alpha"": 1, ""backbone"": ""ViT-B/16"", ""encoder"": ""both"", ""params"": [""q"", ""k"", ""v""], ""position"": ""all"", ""r"": 4}",,,,,,,,,
DATA-0137,data/checkpoints_rank2/cp_16_shot.zip,.zip,5927077,2025-12-10T19:59:03Z,2B681CD66C8A139FC3E26252D4ED5540EAAB1FACEF69A388F9865BB7C93B7F78,,,,,2,,,,,,,,,,,,,,,,,
DATA-0138,data/checkpoints_rank2/ohsinglora/ViT-B16/caltech101/16shots/seed1/adapter_weights.pt,.pt,789839,2025-12-02T04:32:52Z,9F831EF4635A795BC25E0EC61EC88192590EEC586CE357E250A208BF1AEF6FAA,ohsinglora,caltech101,16shot,seed1,2,101,,,loaded,metadata;weights,adapter;alpha;backbone;encoder;params;position;r,144,"{""adapter"": ""ohsinglora"", ""alpha"": 1, ""backbone"": ""ViT-B/16"", ""encoder"": ""both"", ""params"": [""q"", ""k"", ""v""], ""position"": ""all"", ""r"": 2}",,,,,,,,,
DATA-0139,data/checkpoints_rank2/ohsinglora/ViT-B16/caltech101/1shots/seed1/adapter_weights.pt,.pt,789839,2025-12-02T04:10:57Z,C2BC8069DF58D804774D7F819BDFA7CC6290CC9B0289E41E3F6656D273BE4F60,ohsinglora,caltech101,1shot,seed1,2,101,,,loaded,metadata;weights,adapter;alpha;backbone;encoder;params;position;r,144,"{""adapter"": ""ohsinglora"", ""alpha"": 1, ""backbone"": ""ViT-B/16"", ""encoder"": ""both"", ""params"": [""q"", ""k"", ""v""], ""position"": ""all"", ""r"": 2}",,,,,,,,,
DATA-0140,data/checkpoints_rank2/ohsinglora/ViT-B16/dtd/4shots/seed1/adapter_weights.pt,.pt,789839,2025-12-02T17:02:45Z,33162FA5C1CC2DF4BF9C74CF98CB79F25764D197EC5EE98B185B73E68AA21EE1,ohsinglora,dtd,4shot,seed1,2,,,,loaded,metadata;weights,adapter;alpha;backbone;encoder;params;position;r,144,"{""adapter"": ""ohsinglora"", ""alpha"": 1, ""backbone"": ""ViT-B/16"", ""encoder"": ""both"", ""params"": [""q"", ""k"", ""v""], ""position"": ""all"", ""r"": 2}",,,,,,,,,
DATA-0141,data/checkpoints_rank2/ohsinglora/ViT-B16/eurosat/16shots/seed1/adapter_weights.pt,.pt,789839,2025-12-02T04:53:02Z,72E775727A744F849405B9631D08C840C077E740A99B1BA9CD938526B42D83FA,ohsinglora,eurosat,16shot,seed1,2,,,,loaded,metadata;weights,adapter;alpha;backbone;encoder;params;position;r,144,"{""adapter"": ""ohsinglora"", ""alpha"": 1, ""backbone"": ""ViT-B/16"", ""encoder"": ""both"", ""params"": [""q"", ""k"", ""v""], ""position"": ""all"", ""r"": 2}",,,,,,,,,
DATA-0142,data/checkpoints_rank2/ohsinglora/ViT-B16/eurosat/1shots/seed1/adapter_weights.pt,.pt,789839,2025-12-02T04:12:59Z,5317B689D1C51D38E2588A376A82DE6A8E868CA0E2886411B8322F77419D3A61,ohsinglora,eurosat,1shot,seed1,2,,,,loaded,metadata;weights,adapter;alpha;backbone;encoder;params;position;r,144,"{""adapter"": ""ohsinglora"", ""alpha"": 1, ""backbone"": ""ViT-B/16"", ""encoder"": ""both"", ""params"": [""q"", ""k"", ""v""], ""position"": ""all"", ""r"": 2}",,,,,,,,,
DATA-0143,data/checkpoints_rank2/ohsinglora/ViT-B16/eurosat/4shots/seed1/adapter_weights.pt,.pt,789839,2025-12-02T17:02:45Z,EBD654432B7A46AF4EC3A74F90D77716561DF030EE42CEA99104F1FE84EEE521,ohsinglora,eurosat,4shot,seed1,2,,,,loaded,metadata;weights,adapter;alpha;backbone;encoder;params;position;r,144,"{""adapter"": ""ohsinglora"", ""alpha"": 1, ""backbone"": ""ViT-B/16"", ""encoder"": ""both"", ""params"": [""q"", ""k"", ""v""], ""position"": ""all"", ""r"": 2}",,,,,,,,,
DATA-0144,data/checkpoints_rank2/ohsinglora/ViT-B16/oxford_pets/4shots/seed1/adapter_weights.pt,.pt,789839,2025-12-02T17:02:45Z,5CE91C5AAC20F6F473F6805BB3DAB625193103F8EB2BEE3CDFCFC99F7BAE3B56,ohsinglora,oxford_pets,4shot,seed1,2,,,,loaded,metadata;weights,adapter;alpha;backbone;encoder;params;position;r,144,"{""adapter"": ""ohsinglora"", ""alpha"": 1, ""backbone"": ""ViT-B/16"", ""encoder"": ""both"", ""params"": [""q"", ""k"", ""v""], ""position"": ""all"", ""r"": 2}",,,,,,,,,
DATA-0145,data/checkpoints_rank2/ohsinglora_16/ViT-B16/caltech101/16shots/seed1/adapter_weights.pt,.pt,789839,2025-12-10T18:42:54Z,9F831EF4635A795BC25E0EC61EC88192590EEC586CE357E250A208BF1AEF6FAA,ohsinglora,caltech101,16shot,seed1,2,101,,,loaded,metadata;weights,adapter;alpha;backbone;encoder;params;position;r,144,"{""adapter"": ""ohsinglora"", ""alpha"": 1, ""backbone"": ""ViT-B/16"", ""encoder"": ""both"", ""params"": [""q"", ""k"", ""v""], ""position"": ""all"", ""r"": 2}",,,,,,,,,
DATA-0146,data/checkpoints_rank2/ohsinglora_16/ViT-B16/dtd/16shots/seed1/adapter_weights.pt,.pt,789839,2025-12-10T19:21:55Z,9D7E8C5C7368D15289150E64D55A1B562CE084D8025A33E03DC6F343657EB2FE,ohsinglora,dtd,16shot,seed1,2,,,,loaded,metadata;weights,adapter;alpha;backbone;encoder;params;position;r,144,"{""adapter"": ""ohsinglora"", ""alpha"": 1, ""backbone"": ""ViT-B/16"", ""encoder"": ""both"", ""params"": [""q"", ""k"", ""v""], ""position"": ""all"", ""r"": 2}",,,,,,,,,
DATA-0147,data/checkpoints_rank2/ohsinglora_16/ViT-B16/eurosat/16shots/seed1/adapter_weights.pt,.pt,789839,2025-12-10T16:12:31Z,72E775727A744F849405B9631D08C840C077E740A99B1BA9CD938526B42D83FA,ohsinglora,eurosat,16shot,seed1,2,,,,loaded,metadata;weights,adapter;alpha;backbone;encoder;params;position;r,144,"{""adapter"": ""ohsinglora"", ""alpha"": 1, ""backbone"": ""ViT-B/16"", ""encoder"": ""both"", ""params"": [""q"", ""k"", ""v""], ""position"": ""all"", ""r"": 2}",,,,,,,,,
DATA-0148,data/checkpoints_rank2/ohsinglora_16/ViT-B16/eurosat/1shots/seed1/adapter_weights.pt,.pt,605519,2025-12-10T10:19:38Z,643F25492717CA0D915AD06D84C0744906BFECF6758BFDA073E3E8E364A8566F,ohsinglora,eurosat,1shot,seed1,2,,,,loaded,metadata;weights,adapter;alpha;backbone;encoder;params;position;r,144,"{""adapter"": ""ohsinglora"", ""alpha"": 1, ""backbone"": ""ViT-B/16"", ""encoder"": ""both"", ""params"": [""q"", ""k"", ""v""], ""position"": ""all"", ""r"": 2}",,,,,,,,,
DATA-0149,data/checkpoints_rank2/ohsinglora_16/ViT-B16/fgvc/16shots/seed1/adapter_weights.pt,.pt,789839,2025-12-10T15:23:07Z,ACA61D95F734D0E97A71DC30498AFF4015E0ABA09F24F51D7392029C00EB70B8,ohsinglora,fgvc,16shot,seed1,2,,,,loaded,metadata;weights,adapter;alpha;backbone;encoder;params;position;r,144,"{""adapter"": ""ohsinglora"", ""alpha"": 1, ""backbone"": ""ViT-B/16"", ""encoder"": ""both"", ""params"": [""q"", ""k"", ""v""], ""position"": ""all"", ""r"": 2}",,,,,,,,,
DATA-0150,data/checkpoints_rank2/ohsinglora_16/ViT-B16/food101/16shots/seed1/adapter_weights.pt,.pt,789839,2025-12-10T16:49:21Z,1038C063C3526F2717053DBCA9A69C1E415A87896B66DBE6F20A3D883FF42C39,ohsinglora,food101,16shot,seed1,2,,,,loaded,metadata;weights,adapter;alpha;backbone;encoder;params;position;r,144,"{""adapter"": ""ohsinglora"", ""alpha"": 1, ""backbone"": ""ViT-B/16"", ""encoder"": ""both"", ""params"": [""q"", ""k"", ""v""], ""position"": ""all"", ""r"": 2}",,,,,,,,,
DATA-0151,data/checkpoints_rank2/ohsinglora_16/ViT-B16/oxford_flowers/16shots/seed1/adapter_weights.pt,.pt,789839,2025-12-10T18:03:26Z,63ABDFA847A2F1492B76B3585BCF2AB11ABFB0D656A3BC0A21036E6617A9D51C,ohsinglora,oxford_flowers,16shot,seed1,2,,,,loaded,metadata;weights,adapter;alpha;backbone;encoder;params;position;r,144,"{""adapter"": ""ohsinglora"", ""alpha"": 1, ""backbone"": ""ViT-B/16"", ""encoder"": ""both"", ""params"": [""q"", ""k"", ""v""], ""position"": ""all"", ""r"": 2}",,,,,,,,,
DATA-0152,data/checkpoints_rank2/ohsinglora_16/ViT-B16/oxford_pets/16shots/seed1/adapter_weights.pt,.pt,789839,2025-12-10T17:27:51Z,736CD182F041886BE199EF78F17A41F381DB92B42E80F209137A6A337F9D7ABC,ohsinglora,oxford_pets,16shot,seed1,2,,,,loaded,metadata;weights,adapter;alpha;backbone;encoder;params;position;r,144,"{""adapter"": ""ohsinglora"", ""alpha"": 1, ""backbone"": ""ViT-B/16"", ""encoder"": ""both"", ""params"": [""q"", ""k"", ""v""], ""position"": ""all"", ""r"": 2}",,,,,,,,,
DATA-0153,data/checkpoints_rank2/ohsinglora_16/ViT-B16/ucf101/16shots/seed1/adapter_weights.pt,.pt,789839,2025-12-10T19:57:56Z,5A62EB55C10161B4C139CD6D8DDBCAB702CCB47313338AB87271B82A98B1AEF3,ohsinglora,ucf101,16shot,seed1,2,,,,loaded,metadata;weights,adapter;alpha;backbone;encoder;params;position;r,144,"{""adapter"": ""ohsinglora"", ""alpha"": 1, ""backbone"": ""ViT-B/16"", ""encoder"": ""both"", ""params"": [""q"", ""k"", ""v""], ""position"": ""all"", ""r"": 2}",,,,,,,,,
DATA-0154,data/checkpoints_rank2/vitb16/dtd/4shots/seed1/adapter_weights.pt,.pt,781455,2025-12-02T17:02:39Z,1D6244352DC4F21E7F8C35781B4BC38E56DF2786813886A0BA5F1E0A85DBD3D9,vitb16,dtd,4shot,seed1,2,,,,loaded,metadata;weights,alpha;encoder;params;position;r,24,"{""alpha"": 1, ""encoder"": ""both"", ""params"": [""q"", ""k"", ""v""], ""position"": ""all"", ""r"": 2}",,,,,,,,,
DATA-0155,data/checkpoints_rank2/vitb16/eurosat/4shots/seed1/adapter_weights.pt,.pt,781455,2025-12-02T17:02:40Z,DFAE11F2A3CC407657DB2EA0C2927AA4EC9B918048D782E26A00831E47D21B4E,vitb16,eurosat,4shot,seed1,2,,,,loaded,metadata;weights,alpha;encoder;params;position;r,24,"{""alpha"": 1, ""encoder"": ""both"", ""params"": [""q"", ""k"", ""v""], ""position"": ""all"", ""r"": 2}",,,,,,,,,
DATA-0156,data/checkpoints_rank2/vitb16/oxford_pets/4shots/seed1/adapter_weights.pt,.pt,781455,2025-12-02T17:02:41Z,0ACAEE475DA0B75A91A5ACF0F27E285E676AECB88A3D24F80828F6901F7CD2FD,vitb16,oxford_pets,4shot,seed1,2,,,,loaded,metadata;weights,alpha;encoder;params;position;r,24,"{""alpha"": 1, ""encoder"": ""both"", ""params"": [""q"", ""k"", ""v""], ""position"": ""all"", ""r"": 2}",,,,,,,,,
DATA-0157,data/clip_fewshot_results.xlsx,.xlsx,60416,2026-06-15T13:33:38Z,9AD16895CE4C8EE449581CD62B7F4FB11484AE0BEA1E191B49E117801C770B21,,,,,,,,,,,,,,,,,,,,,,
DATA-0158,data/compare.drawio,.drawio,20426,2026-01-09T18:20:44Z,1E5C432ACAF691FD185A4BA320AA4B10DBE2717E368B786432CF309E1342581D,,,,,,,,,,,,,,,,,,,,,,
DATA-0159,data/corruption_visualization.png,.png,1378873,2025-12-01T16:16:45Z,3C74B1AB891E79DE7E6D3A16E2AABE851B517200E613AFD9070035F4D1118A0E,,,,,,,,,,,,,,,,,,,,,,
DATA-0160,data/dataset_samples.pdf,.pdf,1065415,2026-01-06T14:18:42Z,A25781AEFC34D3C10444CDCBA6AAAA9E4E6AB2824713DA17AD587ADB2D48F778,,,,,,,,,,,,,,,,,,,,,,
DATA-0161,data/old_result/results_logs_gmhsinglora/gmhsinglora_caltech101_16shot.log,.log,628471,2025-07-27T07:53:29Z,310C88FF4301CF7A9DAB0F7FF68E4AC8B4E0A109058DB9E2B785E311832C038A,gmhsinglora,caltech101,16shot,,,101,,,,,,,,read,8693,GMHSINGLORA,96.43,93.31,**** Final test accuracy with GMHSINGLORA: 96.43. ****,Saving GMHSINGLORA weights to ./checkpoints...,,
DATA-0162,data/old_result/results_logs_gmhsinglora/gmhsinglora_caltech101_16shot_heads4.log,.log,628578,2025-07-27T17:09:12Z,E2C75C4171F5EB5380596D0B557A44A419A1C7DF00B13C2B14060458B89075A6,gmhsinglora,caltech101,16shot,,,101,,,,,,,,read,8694,GMHSINGLORA,96.47,93.31,**** Final test accuracy with GMHSINGLORA: 96.47. ****,GMHSINGLORA weights saved to ./checkpoints/gmhsinglora/ViT-B16/caltech101/16shots/seed1/adapter_weights.pt,,
DATA-0163,data/old_result/results_logs_gmhsinglora/gmhsinglora_caltech101_1shot.log,.log,60226,2025-07-27T07:53:29Z,FB17E83EC5C8161E119E55B0514906ADC83B7C34BD527BDAEC12D328A8B01100,gmhsinglora,caltech101,1shot,,,101,,,,,,,,read,1053,GMHSINGLORA,94.20,93.31,**** Final test accuracy with GMHSINGLORA: 94.20. ****,Saving GMHSINGLORA weights to ./checkpoints...,,
DATA-0164,data/old_result/results_logs_gmhsinglora/gmhsinglora_caltech101_1shot_heads1.log,.log,50439,2025-07-26T18:26:33Z,9C20EFBED0648B7317B4E467C795BC5D72C1413ABD41ACB28BB6CEDB854A5939,gmhsinglora,caltech101,1shot,,,101,,,,,,,,read,930,GMHSINGLORA,93.75,93.31,**** Final test accuracy with GMHSINGLORA: 93.75. ****,GMHSINGLORA weights saved to ./checkpoints/gmhsinglora/ViT-B16/caltech101/1shots/seed1/adapter_weights.pt,,
DATA-0165,data/old_result/results_logs_gmhsinglora/gmhsinglora_caltech101_1shot_heads2.log,.log,50439,2025-07-26T18:26:39Z,5428C02DD697A221E147C7675BE31B84E195FD4E30A94445B8B0A9E0CF1B8601,gmhsinglora,caltech101,1shot,,,101,,,,,,,,read,930,GMHSINGLORA,94.16,93.31,**** Final test accuracy with GMHSINGLORA: 94.16. ****,GMHSINGLORA weights saved to ./checkpoints/gmhsinglora/ViT-B16/caltech101/1shots/seed1/adapter_weights.pt,,
DATA-0166,data/old_result/results_logs_gmhsinglora/gmhsinglora_caltech101_1shot_heads4.log,.log,50439,2025-07-26T18:26:45Z,971A7EDA434EA08E36721C989A06558A1C74D84CDBAFA8E5DB8AB9B544C92E7B,gmhsinglora,caltech101,1shot,,,101,,,,,,,,read,930,GMHSINGLORA,93.91,93.31,**** Final test accuracy with GMHSINGLORA: 93.91. ****,GMHSINGLORA weights saved to ./checkpoints/gmhsinglora/ViT-B16/caltech101/1shots/seed1/adapter_weights.pt,,
DATA-0167,data/old_result/results_logs_gmhsinglora/gmhsinglora_caltech101_1shot_r4_a1.log,.log,60331,2025-07-27T07:53:29Z,AFD625EA6BAC4E41B6117C2B0E78EF6751BF3F446AC7345F46E47492C884B4EF,gmhsinglora,caltech101,1shot,,4,101,,,,,,,,read,1054,GMHSINGLORA,94.16,93.31,**** Final test accuracy with GMHSINGLORA: 94.16. ****,GMHSINGLORA weights saved to ./checkpoints/gmhsinglora/ViT-B16/caltech101/1shots/seed1/adapter_weights.pt,,
DATA-0168,data/old_result/results_logs_gmhsinglora/gmhsinglora_caltech101_1shot_r4_a16.log,.log,60336,2025-07-27T07:53:29Z,C654CB538C045D83A6D6DD355FEFDA8E073815D7905F4379BAE3E4AADAB94ABD,gmhsinglora,caltech101,1shot,,4,101,,,,,,,,read,1054,GMHSINGLORA,93.27,93.31,**** Final test accuracy with GMHSINGLORA: 93.27. ****,GMHSINGLORA weights saved to ./checkpoints/gmhsinglora/ViT-B16/caltech101/1shots/seed1/adapter_weights.pt,,
DATA-0169,data/old_result/results_logs_gmhsinglora/gmhsinglora_caltech101_1shot_r4_a2.log,.log,60331,2025-07-27T07:53:29Z,D916F7EC6CBE66E320316D98221B9D259E375CFABAFB28CB9AB51D8AB9592D14,gmhsinglora,caltech101,1shot,,4,101,,,,,,,,read,1054,GMHSINGLORA,93.83,93.31,**** Final test accuracy with GMHSINGLORA: 93.83. ****,GMHSINGLORA weights saved to ./checkpoints/gmhsinglora/ViT-B16/caltech101/1shots/seed1/adapter_weights.pt,,
DATA-0170,data/old_result/results_logs_gmhsinglora/gmhsinglora_caltech101_1shot_r4_a8.log,.log,60331,2025-07-27T07:53:29Z,DDC8F29E62FC391A0ADD8D1EF5F23AEFA2ED651AFDB7BED55C47D04BC5EC0856,gmhsinglora,caltech101,1shot,,4,101,,,,,,,,read,1054,GMHSINGLORA,93.27,93.31,**** Final test accuracy with GMHSINGLORA: 93.27. ****,GMHSINGLORA weights saved to ./checkpoints/gmhsinglora/ViT-B16/caltech101/1shots/seed1/adapter_weights.pt,,
DATA-0171,data/old_result/results_logs_gmhsinglora/gmhsinglora_caltech101_4shot.log,.log,178401,2025-07-27T07:53:29Z,E9A7E3F0D4D2F5987A9C49ADD14DDC240A503D5D9F8844E6C078F4B21AE6A913,gmhsinglora,caltech101,4shot,,,101,,,,,,,,read,2669,GMHSINGLORA,95.58,93.31,**** Final test accuracy with GMHSINGLORA: 95.58. ****,Saving GMHSINGLORA weights to ./checkpoints...,,
DATA-0172,data/old_result/results_logs_gmhsinglora/gmhsinglora_caltech101_4shot_heads1.log,.log,178507,2025-07-27T14:47:04Z,81B352BF3EBC22F7F8E5FB19F8216CA3A06BCABDE06D1F7BB5853C32D7C6D308,gmhsinglora,caltech101,4shot,,,101,,,,,,,,read,2670,GMHSINGLORA,95.42,93.31,**** Final test accuracy with GMHSINGLORA: 95.42. ****,GMHSINGLORA weights saved to ./checkpoints/gmhsinglora/ViT-B16/caltech101/4shots/seed1/adapter_weights.pt,,
DATA-0173,data/old_result/results_logs_gmhsinglora/gmhsinglora_caltech101_4shot_heads2_r4_a1.log,.log,178507,2025-07-27T13:00:51Z,F69E98DCB435D4642FBFDDBCC265284F9B1E4720F18F15A65F5EAC31492BE024,gmhsinglora,caltech101,4shot,,4,101,,,,,,,,read,2670,GMHSINGLORA,95.29,93.31,**** Final test accuracy with GMHSINGLORA: 95.29. ****,GMHSINGLORA weights saved to ./checkpoints/gmhsinglora/ViT-B16/caltech101/4shots/seed1/adapter_weights.pt,,
DATA-0174,data/old_result/results_logs_gmhsinglora/gmhsinglora_caltech101_4shot_heads2_r4_a2.log,.log,178507,2025-07-27T13:06:21Z,A55E1E02FE0D46EC39D95C070328537E1A73B92FBAB76EDF905F3A414A2F9531,gmhsinglora,caltech101,4shot,,4,101,,,,,,,,read,2670,GMHSINGLORA,95.42,93.31,**** Final test accuracy with GMHSINGLORA: 95.42. ****,GMHSINGLORA weights saved to ./checkpoints/gmhsinglora/ViT-B16/caltech101/4shots/seed1/adapter_weights.pt,,
DATA-0175,data/old_result/results_logs_gmhsinglora/gmhsinglora_caltech101_4shot_heads2_r4_a8.log,.log,178507,2025-07-27T13:11:49Z,2156D3951252B138E245E33D3111A1B0AF2B7E7A2D3270138D8218AC453DF473,gmhsinglora,caltech101,4shot,,4,101,,,,,,,,read,2670,GMHSINGLORA,95.17,93.31,**** Final test accuracy with GMHSINGLORA: 95.17. ****,GMHSINGLORA weights saved to ./checkpoints/gmhsinglora/ViT-B16/caltech101/4shots/seed1/adapter_weights.pt,,
DATA-0176,data/old_result/results_logs_gmhsinglora/gmhsinglora_caltech101_4shot_heads4.log,.log,178507,2025-07-27T08:43:28Z,2F23A1EBEC704B9E9134D769BE55F9794AF8D096B9327D9408C82AB9F6ADAEC5,gmhsinglora,caltech101,4shot,,,101,,,,,,,,read,2670,GMHSINGLORA,95.21,93.31,**** Final test accuracy with GMHSINGLORA: 95.21. ****,GMHSINGLORA weights saved to ./checkpoints/gmhsinglora/ViT-B16/caltech101/4shots/seed1/adapter_weights.pt,,
DATA-0177,data/old_result/results_logs_gmhsinglora/gmhsinglora_dtd_16shot.log,.log,659484,2025-07-27T07:53:29Z,C867E2FE00376D27D87CCB78F92B32E27549641B26B239415A901D0061761CFD,gmhsinglora,dtd,16shot,,,,,,,,,,,read,9386,GMHSINGLORA,73.29,44.39,**** Final test accuracy with GMHSINGLORA: 73.29. ****,Saving GMHSINGLORA weights to ./checkpoints...,,
DATA-0178,data/old_result/results_logs_gmhsinglora/gmhsinglora_dtd_16shot_heads4.log,.log,659598,2025-07-27T17:09:19Z,7CFA01BA23B7A13BDBCCACE0A1E5269D90074718F0959041FACA276F3C90371C,gmhsinglora,dtd,16shot,,,4,,,,,,,,read,9387,GMHSINGLORA,73.76,44.39,**** Final test accuracy with GMHSINGLORA: 73.76. ****,GMHSINGLORA weights saved to ./checkpoints/gmhsinglora/ViT-B16/dtd/16shots/seed1/adapter_weights.pt,,
DATA-0179,data/old_result/results_logs_gmhsinglora/gmhsinglora_dtd_1shot.log,.log,82894,2025-07-27T07:53:29Z,43957B2C78045B9B571FC68BAB17892AAD42C27457016626C1A4569F0939D115,gmhsinglora,dtd,1shot,,,,,,,,,,,read,1550,GMHSINGLORA,55.32,44.39,**** Final test accuracy with GMHSINGLORA: 55.32. ****,Saving GMHSINGLORA weights to ./checkpoints...,,
DATA-0180,data/old_result/results_logs_gmhsinglora/gmhsinglora_dtd_1shot_heads1.log,.log,63144,2025-07-26T18:26:51Z,2E119ACCB0A6EC1E852AF476E1972B2B599A361B38335CBA82CDA4D4C6B9005F,gmhsinglora,dtd,1shot,,,1,,,,,,,,read,1302,GMHSINGLORA,54.02,44.39,**** Final test accuracy with GMHSINGLORA: 54.02. ****,GMHSINGLORA weights saved to ./checkpoints/gmhsinglora/ViT-B16/dtd/1shots/seed1/adapter_weights.pt,,
DATA-0181,data/old_result/results_logs_gmhsinglora/gmhsinglora_dtd_1shot_heads2.log,.log,63128,2025-07-26T18:27:09Z,4920AC782AA54C28F1A42E9517AA6EA0DBBA959B4B8EDD6502C3C1850BF01CA4,gmhsinglora,dtd,1shot,,,2,,,,,,,,read,1302,GMHSINGLORA,53.78,44.39,**** Final test accuracy with GMHSINGLORA: 53.78. ****,GMHSINGLORA weights saved to ./checkpoints/gmhsinglora/ViT-B16/dtd/1shots/seed1/adapter_weights.pt,,
DATA-0182,data/old_result/results_logs_gmhsinglora/gmhsinglora_dtd_1shot_heads4.log,.log,82987,2025-07-26T18:27:14Z,BEA2E8AC4D06453EB7173A26E4507F0BDFDA6B9464E548E76F43973EB0002788,gmhsinglora,dtd,1shot,,,4,,,,,,,,read,1551,GMHSINGLORA,54.96,44.39,**** Final test accuracy with GMHSINGLORA: 54.96. ****,GMHSINGLORA weights saved to ./checkpoints/gmhsinglora/ViT-B16/dtd/1shots/seed1/adapter_weights.pt,,
DATA-0183,data/old_result/results_logs_gmhsinglora/gmhsinglora_dtd_1shot_r4_a1.log,.log,82994,2025-07-27T07:53:29Z,4EBA86823DEC28D83180BED207C786C34360DFA80AD8547DEB6C2F0D19F88B96,gmhsinglora,dtd,1shot,,4,,,,,,,,,read,1551,GMHSINGLORA,53.72,44.39,**** Final test accuracy with GMHSINGLORA: 53.72. ****,GMHSINGLORA weights saved to ./checkpoints/gmhsinglora/ViT-B16/dtd/1shots/seed1/adapter_weights.pt,,
DATA-0184,data/old_result/results_logs_gmhsinglora/gmhsinglora_dtd_1shot_r4_a16.log,.log,83054,2025-07-27T07:53:29Z,4C0F3645C9E107FE83A5D205A335A93B8C0F4EC08A75C44DE7201086C80F482F,gmhsinglora,dtd,1shot,,4,,,,,,,,,read,1551,GMHSINGLORA,51.12,44.39,**** Final test accuracy with GMHSINGLORA: 51.12. ****,GMHSINGLORA weights saved to ./checkpoints/gmhsinglora/ViT-B16/dtd/1shots/seed1/adapter_weights.pt,,
DATA-0185,data/old_result/results_logs_gmhsinglora/gmhsinglora_dtd_1shot_r4_a2.log,.log,83020,2025-07-27T07:53:29Z,F76DE4A901D4A86DFF0D9E82A751BC0CD6E7B574356EE5111320AAB503354968,gmhsinglora,dtd,1shot,,4,,,,,,,,,read,1551,GMHSINGLORA,53.13,44.39,**** Final test accuracy with GMHSINGLORA: 53.13. ****,GMHSINGLORA weights saved to ./checkpoints/gmhsinglora/ViT-B16/dtd/1shots/seed1/adapter_weights.pt,,
DATA-0186,data/old_result/results_logs_gmhsinglora/gmhsinglora_dtd_1shot_r4_a8.log,.log,83047,2025-07-27T07:53:29Z,02C0E874CC95A95C094B3474367AC49CF2A74344D9D5E0C7A22371DED8FD551A,gmhsinglora,dtd,1shot,,4,,,,,,,,,read,1551,GMHSINGLORA,51.95,44.39,**** Final test accuracy with GMHSINGLORA: 51.95. ****,GMHSINGLORA weights saved to ./checkpoints/gmhsinglora/ViT-B16/dtd/1shots/seed1/adapter_weights.pt,,
DATA-0187,data/old_result/results_logs_gmhsinglora/gmhsinglora_dtd_4shot.log,.log,208785,2025-07-27T07:53:29Z,0EC50C56E0372235A088D13FE4BA0458CCAF078CAB41084A44B2CBFD4044DF6A,gmhsinglora,dtd,4shot,,,,,,,,,,,read,3386,GMHSINGLORA,65.07,44.39,**** Final test accuracy with GMHSINGLORA: 65.07. ****,Saving GMHSINGLORA weights to ./checkpoints...,,
DATA-0188,data/old_result/results_logs_gmhsinglora/gmhsinglora_dtd_4shot_heads1.log,.log,208906,2025-07-27T14:35:37Z,BAB5C3BCE36B4147AA7C28E90BD645270491798EE1AE19E9DE5491A548202F54,gmhsinglora,dtd,4shot,,,1,,,,,,,,read,3387,GMHSINGLORA,66.61,44.39,**** Final test accuracy with GMHSINGLORA: 66.61. ****,GMHSINGLORA weights saved to ./checkpoints/gmhsinglora/ViT-B16/dtd/4shots/seed1/adapter_weights.pt,,
DATA-0189,data/old_result/results_logs_gmhsinglora/gmhsinglora_dtd_4shot_heads2_r4_a1.log,.log,208906,2025-07-27T12:21:36Z,8C5C7E941FD3C1717C9FF13F3B127174CF6F1CE48D3AF5DF455F28BC919AD1B5,gmhsinglora,dtd,4shot,,4,2,,,,,,,,read,3387,GMHSINGLORA,65.66,44.39,**** Final test accuracy with GMHSINGLORA: 65.66. ****,GMHSINGLORA weights saved to ./checkpoints/gmhsinglora/ViT-B16/dtd/4shots/seed1/adapter_weights.pt,,
DATA-0190,data/old_result/results_logs_gmhsinglora/gmhsinglora_dtd_4shot_heads2_r4_a2.log,.log,208931,2025-07-27T12:27:40Z,30068C16086C81F22EE9FEA90F303C8A9B2FA2E3863352217B4304FE6D073428,gmhsinglora,dtd,4shot,,4,2,,,,,,,,read,3387,GMHSINGLORA,65.90,44.39,**** Final test accuracy with GMHSINGLORA: 65.90. ****,GMHSINGLORA weights saved to ./checkpoints/gmhsinglora/ViT-B16/dtd/4shots/seed1/adapter_weights.pt,,
DATA-0191,data/old_result/results_logs_gmhsinglora/gmhsinglora_dtd_4shot_heads2_r4_a8.log,.log,208962,2025-07-27T12:33:44Z,D1F0ED19E4F5110FA931BC9CE642D2F84298E591F96AD12199A206A760A6D4A5,gmhsinglora,dtd,4shot,,4,2,,,,,,,,read,3387,GMHSINGLORA,65.25,44.39,**** Final test accuracy with GMHSINGLORA: 65.25. ****,GMHSINGLORA weights saved to ./checkpoints/gmhsinglora/ViT-B16/dtd/4shots/seed1/adapter_weights.pt,,
DATA-0192,data/old_result/results_logs_gmhsinglora/gmhsinglora_dtd_4shot_heads4.log,.log,208904,2025-07-27T08:29:53Z,D02B58661089C75653872E6A8DD96E59094083B3CD1BAA033A43A8FBD68B73FC,gmhsinglora,dtd,4shot,,,4,,,,,,,,read,3387,GMHSINGLORA,65.96,44.39,**** Final test accuracy with GMHSINGLORA: 65.96. ****,GMHSINGLORA weights saved to ./checkpoints/gmhsinglora/ViT-B16/dtd/4shots/seed1/adapter_weights.pt,,
DATA-0193,data/old_result/results_logs_gmhsinglora/gmhsinglora_eurosat_16shot.log,.log,879178,2025-07-27T07:53:29Z,9470FA0AE18573D8EF4C6F98012426B2EF4AD855F533AC4DD93087FC10E2E6EE,gmhsinglora,eurosat,16shot,,,,,,,,,,,read,14475,GMHSINGLORA,91.58,42.16,**** Final test accuracy with GMHSINGLORA: 91.58. ****,Saving GMHSINGLORA weights to ./checkpoints...,,
DATA-0194,data/old_result/results_logs_gmhsinglora/gmhsinglora_eurosat_16shot_heads4.log,.log,879266,2025-07-27T17:09:29Z,3FFE506144FE7FE79DFF119913538F14C4D9D7DAA470F0D791310A33DDEA888E,gmhsinglora,eurosat,16shot,,,4,,,,,,,,read,14476,GMHSINGLORA,90.65,42.16,**** Final test accuracy with GMHSINGLORA: 90.65. ****,GMHSINGLORA weights saved to ./checkpoints/gmhsinglora/ViT-B16/eurosat/16shots/seed1/adapter_weights.pt,,
DATA-0195,data/old_result/results_logs_gmhsinglora/gmhsinglora_eurosat_1shot.log,.log,130445,2025-07-27T07:53:29Z,71AFFB89A063E639756909E82803ADC58F15148D282B2EDF6F770142790584C6,gmhsinglora,eurosat,1shot,,,,,,,,,,,read,2575,GMHSINGLORA,72.77,42.16,**** Final test accuracy with GMHSINGLORA: 72.77. ****,Saving GMHSINGLORA weights to ./checkpoints...,,
DATA-0196,data/old_result/results_logs_gmhsinglora/gmhsinglora_eurosat_1shot_heads1.log,.log,130571,2025-07-26T18:26:24Z,1EE9975616C360EBB64BAA3431BC368AF2C272C59A6F75E03835371B7FD6CD8A,gmhsinglora,eurosat,1shot,,,1,,,,,,,,read,2576,GMHSINGLORA,74.22,42.16,**** Final test accuracy with GMHSINGLORA: 74.22. ****,GMHSINGLORA weights saved to ./checkpoints/gmhsinglora/ViT-B16/eurosat/1shots/seed1/adapter_weights.pt,,
DATA-0197,data/old_result/results_logs_gmhsinglora/gmhsinglora_eurosat_1shot_heads2.log,.log,130546,2025-07-26T18:27:20Z,A1BFB07D59311B82AAE17013741F132ACED08310C399CEE55FF6ABCA3369BD7B,gmhsinglora,eurosat,1shot,,,2,,,,,,,,read,2576,GMHSINGLORA,73.30,42.16,**** Final test accuracy with GMHSINGLORA: 73.30. ****,GMHSINGLORA weights saved to ./checkpoints/gmhsinglora/ViT-B16/eurosat/1shots/seed1/adapter_weights.pt,,
DATA-0198,data/old_result/results_logs_gmhsinglora/gmhsinglora_eurosat_1shot_heads4.log,.log,130541,2025-07-26T18:27:27Z,7C092FB023DC28922148764899EDEA3661DA8E5D4B6CDCB39DF964E33B4C1FCA,gmhsinglora,eurosat,1shot,,,4,,,,,,,,read,2576,GMHSINGLORA,69.84,42.16,**** Final test accuracy with GMHSINGLORA: 69.84. ****,GMHSINGLORA weights saved to ./checkpoints/gmhsinglora/ViT-B16/eurosat/1shots/seed1/adapter_weights.pt,,
DATA-0199,data/old_result/results_logs_gmhsinglora/gmhsinglora_eurosat_1shot_r4_a1.log,.log,130615,2025-07-27T07:53:29Z,82F5A6FD6EA858732B61EADF3254B305FBBACF81675D17B04912711F3C036C39,gmhsinglora,eurosat,1shot,,4,,,,,,,,,read,2577,GMHSINGLORA,73.30,42.16,**** Final test accuracy with GMHSINGLORA: 73.30. ****,GMHSINGLORA weights saved to ./checkpoints/gmhsinglora/ViT-B16/eurosat/1shots/seed1/adapter_weights.pt,,
DATA-0200,data/old_result/results_logs_gmhsinglora/gmhsinglora_eurosat_1shot_r4_a16.log,.log,130610,2025-07-27T07:53:29Z,414C6B6C95527961AEEAA9A6CE948B2EC2B774F391B97AA56DCF52DCFB171CDF,gmhsinglora,eurosat,1shot,,4,,,,,,,,,read,2576,GMHSINGLORA,68.65,42.16,**** Final test accuracy with GMHSINGLORA: 68.65. ****,GMHSINGLORA weights saved to ./checkpoints/gmhsinglora/ViT-B16/eurosat/1shots/seed1/adapter_weights.pt,,
DATA-0201,data/old_result/results_logs_gmhsinglora/gmhsinglora_eurosat_1shot_r4_a2.log,.log,130580,2025-07-27T07:53:29Z,EFDCCDB11213E1ABC7D1FE97ADF596C48943C9431488653B24590F9A51DC7A0C,gmhsinglora,eurosat,1shot,,4,,,,,,,,,read,2576,GMHSINGLORA,71.07,42.16,**** Final test accuracy with GMHSINGLORA: 71.07. ****,GMHSINGLORA weights saved to ./checkpoints/gmhsinglora/ViT-B16/eurosat/1shots/seed1/adapter_weights.pt,,
DATA-0202,data/old_result/results_logs_gmhsinglora/gmhsinglora_eurosat_1shot_r4_a8.log,.log,130613,2025-07-27T07:53:29Z,DCB892DF17813F656CE2FB22A33C34B55827ACE15F52B3570ACEFDA3D467A6B6,gmhsinglora,eurosat,1shot,,4,,,,,,,,,read,2576,GMHSINGLORA,68.96,42.16,**** Final test accuracy with GMHSINGLORA: 68.96. ****,GMHSINGLORA weights saved to ./checkpoints/gmhsinglora/ViT-B16/eurosat/1shots/seed1/adapter_weights.pt,,
DATA-0203,data/old_result/results_logs_gmhsinglora/gmhsinglora_eurosat_4shot.log,.log,333858,2025-07-27T07:53:29Z,B9D8B4BEADBC86D4D10016C12E05EBF92479364B55FF63231E1730BBA7A253B2,gmhsinglora,eurosat,4shot,,,,,,,,,,,read,6075,GMHSINGLORA,89.10,42.16,**** Final test accuracy with GMHSINGLORA: 89.10. ****,Saving GMHSINGLORA weights to ./checkpoints...,,
DATA-0204,data/old_result/results_logs_gmhsinglora/gmhsinglora_eurosat_4shot_heads1.log,.log,258150,2025-07-27T14:42:20Z,8DE0FB3400AF3C0AC7ADBC829C5E6B325ACBC8F629FF45D1F5E9DEB640442CDC,gmhsinglora,eurosat,4shot,,,1,,,,,,,,read,5145,GMHSINGLORA,87.58,42.16,**** Final test accuracy with GMHSINGLORA: 87.58. ****,GMHSINGLORA weights saved to ./checkpoints/gmhsinglora/ViT-B16/eurosat/4shots/seed1/adapter_weights.pt,,
DATA-0205,data/old_result/results_logs_gmhsinglora/gmhsinglora_eurosat_4shot_heads2_r4_a1.log,.log,333988,2025-07-27T12:41:00Z,99CF1842FFFEDFD0940EDF52A32DEE5BA7B799F60221D16DCDD61A461F104D66,gmhsinglora,eurosat,4shot,,4,2,,,,,,,,read,6076,GMHSINGLORA,88.28,42.16,**** Final test accuracy with GMHSINGLORA: 88.28. ****,GMHSINGLORA weights saved to ./checkpoints/gmhsinglora/ViT-B16/eurosat/4shots/seed1/adapter_weights.pt,,
DATA-0206,data/old_result/results_logs_gmhsinglora/gmhsinglora_eurosat_4shot_heads2_r4_a2.log,.log,334022,2025-07-27T12:48:14Z,EFFD57B6D8DDCFB42E5AFECA761017427FCDD06B0FDF555975A14F20B3864343,gmhsinglora,eurosat,4shot,,4,2,,,,,,,,read,6076,GMHSINGLORA,88.37,42.16,**** Final test accuracy with GMHSINGLORA: 88.37. ****,GMHSINGLORA weights saved to ./checkpoints/gmhsinglora/ViT-B16/eurosat/4shots/seed1/adapter_weights.pt,,
DATA-0207,data/old_result/results_logs_gmhsinglora/gmhsinglora_eurosat_4shot_heads2_r4_a8.log,.log,334055,2025-07-27T12:55:22Z,6EA1E60BDF1F4466B61DFA74141829BEAC0353EDE6B2E9E7AB5E872EEB5BA91E,gmhsinglora,eurosat,4shot,,4,2,,,,,,,,read,6076,GMHSINGLORA,86.68,42.16,**** Final test accuracy with GMHSINGLORA: 86.68. ****,GMHSINGLORA weights saved to ./checkpoints/gmhsinglora/ViT-B16/eurosat/4shots/seed1/adapter_weights.pt,,
DATA-0208,data/old_result/results_logs_gmhsinglora/gmhsinglora_eurosat_4shot_heads4.log,.log,333978,2025-07-27T08:37:22Z,8159C019F65A46CA8F26BC75D5EF707FCBFDD599D861FA13ADD3958CF982392E,gmhsinglora,eurosat,4shot,,,4,,,,,,,,read,6076,GMHSINGLORA,87.64,42.16,**** Final test accuracy with GMHSINGLORA: 87.64. ****,GMHSINGLORA weights saved to ./checkpoints/gmhsinglora/ViT-B16/eurosat/4shots/seed1/adapter_weights.pt,,
DATA-0209,data/old_result/results_logs_gmhsinglora/gmhsinglora_fgvc_16shot.log,.log,628647,2025-07-27T07:53:29Z,009DFECD7737075A1D2569F9BB6D18DD8E67CED53566CB1E8B902BA48CACB155,gmhsinglora,fgvc,16shot,,,,,,,,,,,read,8696,GMHSINGLORA,54.88,23.73,**** Final test accuracy with GMHSINGLORA: 54.88. ****,Saving GMHSINGLORA weights to ./checkpoints...,,
DATA-0210,data/old_result/results_logs_gmhsinglora/gmhsinglora_fgvc_16shot_heads4.log,.log,628748,2025-07-27T17:09:36Z,67C61299FE0B23BE73E44338C3516B226BE3DC699BC3F6E728DFFD9E42400AC2,gmhsinglora,fgvc,16shot,,,4,,,,,,,,read,8697,GMHSINGLORA,56.35,23.73,**** Final test accuracy with GMHSINGLORA: 56.35. ****,GMHSINGLORA weights saved to ./checkpoints/gmhsinglora/ViT-B16/fgvc/16shots/seed1/adapter_weights.pt,,
DATA-0211,data/old_result/results_logs_gmhsinglora/gmhsinglora_fgvc_1shot.log,.log,60402,2025-07-27T07:53:29Z,48EEB560488D71C7971A590014C4BAE8CB7208F3A266851066896D844F7C1B57,gmhsinglora,fgvc,1shot,,,,,,,,,,,read,1056,GMHSINGLORA,29.73,23.73,**** Final test accuracy with GMHSINGLORA: 29.73. ****,Saving GMHSINGLORA weights to ./checkpoints...,,
DATA-0212,data/old_result/results_logs_gmhsinglora/gmhsinglora_fgvc_1shot_heads1.log,.log,130841,2025-07-26T18:27:33Z,66EB9101BCAE5DFEF1B6CF33A701FED02FC43C85827F5F3993406797F0C0D953,gmhsinglora,fgvc,1shot,,,1,,,,,,,,read,1585,GMHSINGLORA,28.95,23.73,**** Final test accuracy with GMHSINGLORA: 28.95. ****,GMHSINGLORA weights saved to ./checkpoints/gmhsinglora/ViT-B16/fgvc/1shots/seed1/adapter_weights.pt,,
DATA-0213,data/old_result/results_logs_gmhsinglora/gmhsinglora_fgvc_1shot_heads2.log,.log,50609,2025-07-26T18:27:39Z,E23D55FFE72C683E6CC411AC8BDEE5EBB25F244DF0B3BBD2ACE3AA45D631D3C5,gmhsinglora,fgvc,1shot,,,2,,,,,,,,read,933,GMHSINGLORA,29.49,23.73,**** Final test accuracy with GMHSINGLORA: 29.49. ****,GMHSINGLORA weights saved to ./checkpoints/gmhsinglora/ViT-B16/fgvc/1shots/seed1/adapter_weights.pt,,
DATA-0214,data/old_result/results_logs_gmhsinglora/gmhsinglora_fgvc_1shot_heads4.log,.log,50610,2025-07-26T18:27:46Z,7EA90E2934CFA3AA49B07D14587B14CE90C1D9847FD9B1105421307883F09791,gmhsinglora,fgvc,1shot,,,4,,,,,,,,read,933,GMHSINGLORA,29.88,23.73,**** Final test accuracy with GMHSINGLORA: 29.88. ****,GMHSINGLORA weights saved to ./checkpoints/gmhsinglora/ViT-B16/fgvc/1shots/seed1/adapter_weights.pt,,
DATA-0215,data/old_result/results_logs_gmhsinglora/gmhsinglora_fgvc_1shot_r4_a1.log,.log,60502,2025-07-27T07:53:29Z,9BAF34548F67FAFAC911AC7D177E52EFE8ABC2470EB432F6C61D57C58AC7B37B,gmhsinglora,fgvc,1shot,,4,,,,,,,,,read,1057,GMHSINGLORA,29.55,23.73,**** Final test accuracy with GMHSINGLORA: 29.55. ****,GMHSINGLORA weights saved to ./checkpoints/gmhsinglora/ViT-B16/fgvc/1shots/seed1/adapter_weights.pt,,
DATA-0216,data/old_result/results_logs_gmhsinglora/gmhsinglora_fgvc_1shot_r4_a16.log,.log,60505,2025-07-27T07:53:29Z,94CF37D3FBC45576F4E59BE404378DC9688F0E78733C50147530EAE053582A61,gmhsinglora,fgvc,1shot,,4,,,,,,,,,read,1057,GMHSINGLORA,22.89,23.73,**** Final test accuracy with GMHSINGLORA: 22.89. ****,GMHSINGLORA weights saved to ./checkpoints/gmhsinglora/ViT-B16/fgvc/1shots/seed1/adapter_weights.pt,,
DATA-0217,data/old_result/results_logs_gmhsinglora/gmhsinglora_fgvc_1shot_r4_a2.log,.log,60502,2025-07-27T07:53:29Z,5BCE5BA52DEC0E871CB6B329506354084EAD272CBAE92D006F5806A325CFF3CF,gmhsinglora,fgvc,1shot,,4,,,,,,,,,read,1057,GMHSINGLORA,28.38,23.73,**** Final test accuracy with GMHSINGLORA: 28.38. ****,GMHSINGLORA weights saved to ./checkpoints/gmhsinglora/ViT-B16/fgvc/1shots/seed1/adapter_weights.pt,,
DATA-0218,data/old_result/results_logs_gmhsinglora/gmhsinglora_fgvc_1shot_r4_a8.log,.log,60503,2025-07-27T07:53:29Z,C7016DF368C01F61BD4B3D8B35B8C9AC3230B44B67D7A0BF0B005710CF7F816B,gmhsinglora,fgvc,1shot,,4,,,,,,,,,read,1057,GMHSINGLORA,24.06,23.73,**** Final test accuracy with GMHSINGLORA: 24.06. ****,GMHSINGLORA weights saved to ./checkpoints/gmhsinglora/ViT-B16/fgvc/1shots/seed1/adapter_weights.pt,,
DATA-0219,data/old_result/results_logs_gmhsinglora/gmhsinglora_fgvc_4shot.log,.log,178577,2025-07-27T07:53:29Z,6F59ABD7AFC8584E735FF82A0A1E78AF234E7C7317788FD343500EC99745EB71,gmhsinglora,fgvc,4shot,,,,,,,,,,,read,2672,GMHSINGLORA,38.76,23.73,**** Final test accuracy with GMHSINGLORA: 38.76. ****,Saving GMHSINGLORA weights to ./checkpoints...,,
DATA-0220,data/old_result/results_logs_gmhsinglora/gmhsinglora_fgvc_4shot_heads1.log,.log,178593,2025-07-27T14:30:10Z,E4A66F28F8A9FB6AD51CEFBB64A939701F096B67C2848BA295732AF76BC5EAD8,gmhsinglora,fgvc,4shot,,,1,,,,,,,,read,2672,GMHSINGLORA,38.55,23.73,**** Final test accuracy with GMHSINGLORA: 38.55. ****,GMHSINGLORA weights saved to ./checkpoints/gmhsinglora/ViT-B16/fgvc/4shots/seed1/adapter_weights.pt,,
DATA-0221,data/old_result/results_logs_gmhsinglora/gmhsinglora_fgvc_4shot_heads2_r4_a1.log,.log,178677,2025-07-27T12:03:04Z,21694E459B78129FCC6819F063E031ADB66C12083BDF653F46D9854E8AC56173,gmhsinglora,fgvc,4shot,,4,2,,,,,,,,read,2673,GMHSINGLORA,38.16,23.73,**** Final test accuracy with GMHSINGLORA: 38.16. ****,GMHSINGLORA weights saved to ./checkpoints/gmhsinglora/ViT-B16/fgvc/4shots/seed1/adapter_weights.pt,,
DATA-0222,data/old_result/results_logs_gmhsinglora/gmhsinglora_fgvc_4shot_heads2_r4_a2.log,.log,178677,2025-07-27T12:09:18Z,BA101C790A2646A88F6AFECD320D13FEA43B9F81D2E014267C9663211676ED4F,gmhsinglora,fgvc,4shot,,4,2,,,,,,,,read,2673,GMHSINGLORA,37.35,23.73,**** Final test accuracy with GMHSINGLORA: 37.35. ****,GMHSINGLORA weights saved to ./checkpoints/gmhsinglora/ViT-B16/fgvc/4shots/seed1/adapter_weights.pt,,
DATA-0223,data/old_result/results_logs_gmhsinglora/gmhsinglora_fgvc_4shot_heads2_r4_a8.log,.log,178677,2025-07-27T12:15:31Z,5A4FF62CA991108BA0FA5F5584B251E28687F5C38F53404397E1A4FC39CBE701,gmhsinglora,fgvc,4shot,,4,2,,,,,,,,read,2673,GMHSINGLORA,36.48,23.73,**** Final test accuracy with GMHSINGLORA: 36.48. ****,GMHSINGLORA weights saved to ./checkpoints/gmhsinglora/ViT-B16/fgvc/4shots/seed1/adapter_weights.pt,,
DATA-0224,data/old_result/results_logs_gmhsinglora/gmhsinglora_fgvc_4shot_heads4.log,.log,196192,2025-07-27T08:23:28Z,4A9000B6C7D04931EE7524732476E596497874832984232C1D9267588AAD1E24,gmhsinglora,fgvc,4shot,,,4,,,,,,,,read,2828,GMHSINGLORA,39.90,23.73,**** Final test accuracy with GMHSINGLORA: 39.90. ****,GMHSINGLORA weights saved to ./checkpoints/gmhsinglora/ViT-B16/fgvc/4shots/seed1/adapter_weights.pt,,
DATA-0225,data/old_result/results_logs_gmhsinglora/gmhsinglora_food101_16shot.log,.log,633948,2025-07-27T07:53:29Z,99F2E27594AB5BB66AF0AE4F1F79F6E4617C00B53A5841F9F5E01A206163791B,gmhsinglora,food101,16shot,,,,,,,,,,,read,8790,GMHSINGLORA,85.00,85.26,**** Final test accuracy with GMHSINGLORA: 85.00. ****,Saving GMHSINGLORA weights to ./checkpoints...,,
DATA-0226,data/old_result/results_logs_gmhsinglora/gmhsinglora_food101_16shot_heads4.log,.log,634052,2025-07-27T17:09:47Z,8AA8BC770478102C11508C4A7B98C5D1FE76EF2C3B8C6E8C898F7B1CA5D15590,gmhsinglora,food101,16shot,,,4,,,,,,,,read,8791,GMHSINGLORA,85.01,85.26,**** Final test accuracy with GMHSINGLORA: 85.01. ****,GMHSINGLORA weights saved to ./checkpoints/gmhsinglora/ViT-B16/food101/16shots/seed1/adapter_weights.pt,,
DATA-0227,data/old_result/results_logs_gmhsinglora/gmhsinglora_food101_1shot.log,.log,66772,2025-07-27T07:53:29Z,80A2CC978DA80B73721D9ACCE3E250EF26C35EC7BEEBFD4EF079525A40DB8007,gmhsinglora,food101,1shot,,,,,,,,,,,read,1162,GMHSINGLORA,85.31,85.26,**** Final test accuracy with GMHSINGLORA: 85.31. ****,Saving GMHSINGLORA weights to ./checkpoints...,,
DATA-0228,data/old_result/results_logs_gmhsinglora/gmhsinglora_food101_1shot_heads1.log,.log,56982,2025-07-26T18:27:52Z,C9218EF96F8E8C8AC26079BBCC657E40290AFA26639DE97440137FEFCEAAE68D,gmhsinglora,food101,1shot,,,1,,,,,,,,read,1039,GMHSINGLORA,85.70,85.26,**** Final test accuracy with GMHSINGLORA: 85.70. ****,GMHSINGLORA weights saved to ./checkpoints/gmhsinglora/ViT-B16/food101/1shots/seed1/adapter_weights.pt,,
DATA-0229,data/old_result/results_logs_gmhsinglora/gmhsinglora_food101_1shot_heads2.log,.log,57222,2025-07-26T18:27:58Z,2A824FBF3B229995873297B3443B039EE0489BAD213A0442F81D561311E64808,gmhsinglora,food101,1shot,,,2,,,,,,,,read,1042,GMHSINGLORA,85.58,85.26,**** Final test accuracy with GMHSINGLORA: 85.58. ****,GMHSINGLORA weights saved to ./checkpoints/gmhsinglora/ViT-B16/food101/1shots/seed1/adapter_weights.pt,,
DATA-0230,data/old_result/results_logs_gmhsinglora/gmhsinglora_food101_1shot_heads4.log,.log,67009,2025-07-26T18:28:05Z,275E0D0EE2D2E7CFACDF5CD9F8FA7A57E7108D27F3C509A723ADBAFC898EF95D,gmhsinglora,food101,1shot,,,4,,,,,,,,read,1168,GMHSINGLORA,85.83,85.26,**** Final test accuracy with GMHSINGLORA: 85.83. ****,GMHSINGLORA weights saved to ./checkpoints/gmhsinglora/ViT-B16/food101/1shots/seed1/adapter_weights.pt,,
DATA-0231,data/old_result/results_logs_gmhsinglora/gmhsinglora_food101_1shot_r4_a1.log,.log,66875,2025-07-27T07:53:29Z,BAD7533023544A27E3740E02C5B7FC95FFC12A233748AF7B78ED5FA58E495CD8,gmhsinglora,food101,1shot,,4,,,,,,,,,read,1163,GMHSINGLORA,85.58,85.26,**** Final test accuracy with GMHSINGLORA: 85.58. ****,GMHSINGLORA weights saved to ./checkpoints/gmhsinglora/ViT-B16/food101/1shots/seed1/adapter_weights.pt,,
DATA-0232,data/old_result/results_logs_gmhsinglora/gmhsinglora_food101_1shot_r4_a16.log,.log,66888,2025-07-27T07:53:29Z,4833C0512ED391CD6D4FB9A10B4CCFEC9561E791CF484093DEA3F1759282EBAC,gmhsinglora,food101,1shot,,4,,,,,,,,,read,1163,GMHSINGLORA,79.51,85.26,**** Final test accuracy with GMHSINGLORA: 79.51. ****,GMHSINGLORA weights saved to ./checkpoints/gmhsinglora/ViT-B16/food101/1shots/seed1/adapter_weights.pt,,
DATA-0233,data/old_result/results_logs_gmhsinglora/gmhsinglora_food101_1shot_r4_a2.log,.log,66874,2025-07-27T07:53:29Z,A8D9688046D93421DE67D00FA0049E6FBA4B8A54640BDDA53664DF66BB35F749,gmhsinglora,food101,1shot,,4,,,,,,,,,read,1163,GMHSINGLORA,84.90,85.26,**** Final test accuracy with GMHSINGLORA: 84.90. ****,GMHSINGLORA weights saved to ./checkpoints/gmhsinglora/ViT-B16/food101/1shots/seed1/adapter_weights.pt,,
DATA-0234,data/old_result/results_logs_gmhsinglora/gmhsinglora_food101_1shot_r4_a8.log,.log,66881,2025-07-27T07:53:29Z,8B5A10F3391E68AE7FE87385CDA2F7563D927AAE8B2083A2EB788EDBFF98CB26,gmhsinglora,food101,1shot,,4,,,,,,,,,read,1163,GMHSINGLORA,82.41,85.26,**** Final test accuracy with GMHSINGLORA: 82.41. ****,GMHSINGLORA weights saved to ./checkpoints/gmhsinglora/ViT-B16/food101/1shots/seed1/adapter_weights.pt,,
DATA-0235,data/old_result/results_logs_gmhsinglora/gmhsinglora_food101_4shot.log,.log,184947,2025-07-27T07:53:29Z,FBFDA9770B8A6E3991E70F4BE24A49C7BC4A508BE459825C3190DEFDBCBF60E3,gmhsinglora,food101,4shot,,,,,,,,,,,read,2778,GMHSINGLORA,84.18,85.26,**** Final test accuracy with GMHSINGLORA: 84.18. ****,Saving GMHSINGLORA weights to ./checkpoints...,,
DATA-0236,data/old_result/results_logs_gmhsinglora/gmhsinglora_food101_4shot_heads1.log,.log,177959,2025-07-27T14:52:31Z,4E5C2BB034677C9908E20725943E52BD0C72F1F4B103DB53EA9F4E9E44676B34,gmhsinglora,food101,4shot,,,1,,,,,,,,read,2694,GMHSINGLORA,83.97,85.26,**** Final test accuracy with GMHSINGLORA: 83.97. ****,GMHSINGLORA weights saved to ./checkpoints/gmhsinglora/ViT-B16/food101/4shots/seed1/adapter_weights.pt,,
DATA-0237,data/old_result/results_logs_gmhsinglora/gmhsinglora_food101_4shot_heads2_r4_a1.log,.log,185050,2025-07-27T13:18:12Z,A2200674990E3923C34BB2BB6C83F581B5C2B42D9930572CA103D2D28B6686C5,gmhsinglora,food101,4shot,,4,2,,,,,,,,read,2779,GMHSINGLORA,83.84,85.26,**** Final test accuracy with GMHSINGLORA: 83.84. ****,GMHSINGLORA weights saved to ./checkpoints/gmhsinglora/ViT-B16/food101/4shots/seed1/adapter_weights.pt,,
DATA-0238,data/old_result/results_logs_gmhsinglora/gmhsinglora_food101_4shot_heads2_r4_a2.log,.log,185050,2025-07-27T13:24:31Z,C2946EA6C8C4C2383AA5743C439DE9CE9E9F423B795A6A6D211F10FA63400B27,gmhsinglora,food101,4shot,,4,2,,,,,,,,read,2779,GMHSINGLORA,82.86,85.26,**** Final test accuracy with GMHSINGLORA: 82.86. ****,GMHSINGLORA weights saved to ./checkpoints/gmhsinglora/ViT-B16/food101/4shots/seed1/adapter_weights.pt,,
DATA-0239,data/old_result/results_logs_gmhsinglora/gmhsinglora_food101_4shot_heads2_r4_a8.log,.log,185050,2025-07-27T13:30:51Z,628203A3AD28A6966E8688792805E56C631F9F883B9BFE66AAA4A1AF84E8BB52,gmhsinglora,food101,4shot,,4,2,,,,,,,,read,2779,GMHSINGLORA,79.95,85.26,**** Final test accuracy with GMHSINGLORA: 79.95. ****,GMHSINGLORA weights saved to ./checkpoints/gmhsinglora/ViT-B16/food101/4shots/seed1/adapter_weights.pt,,
DATA-0240,data/old_result/results_logs_gmhsinglora/gmhsinglora_food101_4shot_heads4.log,.log,185050,2025-07-27T08:50:28Z,6D0B8BD5F205D6D4CA103B8628A837676F3F5E31CCEF0C73A9F7050BC1C33BCD,gmhsinglora,food101,4shot,,,4,,,,,,,,read,2779,GMHSINGLORA,83.95,85.26,**** Final test accuracy with GMHSINGLORA: 83.95. ****,GMHSINGLORA weights saved to ./checkpoints/gmhsinglora/ViT-B16/food101/4shots/seed1/adapter_weights.pt,,
DATA-0241,data/old_result/results_logs_gmhsinglora/gmhsinglora_oxford_flowers_16shot.log,.log,627404,2025-07-27T07:53:29Z,0B87AFE9FD4672A78B66E5C8DB58BF0BC4CC8E2EB2FA0887EB6EA992130AD4B1,gmhsinglora,oxford_flowers,16shot,,,,,,,,,,,read,8681,GMHSINGLORA,98.29,67.40,**** Final test accuracy with GMHSINGLORA: 98.29. ****,Saving GMHSINGLORA weights to ./checkpoints...,,
DATA-0242,data/old_result/results_logs_gmhsinglora/gmhsinglora_oxford_flowers_16shot_heads4.log,.log,627515,2025-07-27T17:34:12Z,77379A55CAF918475EC8509DF2321CA57BC77EDF6B9DE93C40602F5FC592CE25,gmhsinglora,oxford_flowers,16shot,,,4,,,,,,,,read,8682,GMHSINGLORA,98.01,67.40,**** Final test accuracy with GMHSINGLORA: 98.01. ****,GMHSINGLORA weights saved to ./checkpoints/gmhsinglora/ViT-B16/oxford_flowers/16shots/seed1/adapter_weights.pt,,
DATA-0243,data/old_result/results_logs_gmhsinglora/gmhsinglora_oxford_flowers_1shot.log,.log,60228,2025-07-27T07:53:29Z,6E597295CF31D080FF6587D79BF9D14C333CE4EDB0DCFAEFCC8C6FE64398B91D,gmhsinglora,oxford_flowers,1shot,,,,,,,,,,,read,1053,GMHSINGLORA,82.87,67.40,**** Final test accuracy with GMHSINGLORA: 82.87. ****,Saving GMHSINGLORA weights to ./checkpoints...,,
DATA-0244,data/old_result/results_logs_gmhsinglora/gmhsinglora_oxford_flowers_1shot_heads1.log,.log,50445,2025-07-26T18:28:10Z,CC14577C8F7AADBEA63740284E9791D1643A27EE94CE64AC98EED4EF2B0CF33E,gmhsinglora,oxford_flowers,1shot,,,1,,,,,,,,read,930,GMHSINGLORA,81.81,67.40,**** Final test accuracy with GMHSINGLORA: 81.81. ****,GMHSINGLORA weights saved to ./checkpoints/gmhsinglora/ViT-B16/oxford_flowers/1shots/seed1/adapter_weights.pt,,
DATA-0245,data/old_result/results_logs_gmhsinglora/gmhsinglora_oxford_flowers_1shot_heads2.log,.log,50445,2025-07-26T18:28:16Z,09D27BD3525EABCC442705D231602BE8B6BC77E6A0F5B084DB3131B25BFC8D34,gmhsinglora,oxford_flowers,1shot,,,2,,,,,,,,read,930,GMHSINGLORA,83.35,67.40,**** Final test accuracy with GMHSINGLORA: 83.35. ****,GMHSINGLORA weights saved to ./checkpoints/gmhsinglora/ViT-B16/oxford_flowers/1shots/seed1/adapter_weights.pt,,
DATA-0246,data/old_result/results_logs_gmhsinglora/gmhsinglora_oxford_flowers_1shot_heads4.log,.log,50605,2025-07-26T18:28:21Z,60030615A54A42DCC20043A4E52E8EDDA12D0FD3F930FE114BDCFC97FDA4D2B6,gmhsinglora,oxford_flowers,1shot,,,4,,,,,,,,read,932,GMHSINGLORA,82.95,67.40,**** Final test accuracy with GMHSINGLORA: 82.95. ****,GMHSINGLORA weights saved to ./checkpoints/gmhsinglora/ViT-B16/oxford_flowers/1shots/seed1/adapter_weights.pt,,
DATA-0247,data/old_result/results_logs_gmhsinglora/gmhsinglora_oxford_flowers_1shot_r4_a1.log,.log,60406,2025-07-27T07:53:29Z,07BEC8DADA25558FD76BFFF82166F21E69C37343E6C0BA9C784980A5E50AED4E,gmhsinglora,oxford_flowers,1shot,,4,,,,,,,,,read,1055,GMHSINGLORA,83.31,67.40,**** Final test accuracy with GMHSINGLORA: 83.31. ****,GMHSINGLORA weights saved to ./checkpoints/gmhsinglora/ViT-B16/oxford_flowers/1shots/seed1/adapter_weights.pt,,
DATA-0248,data/old_result/results_logs_gmhsinglora/gmhsinglora_oxford_flowers_1shot_r4_a16.log,.log,60428,2025-07-27T07:53:29Z,5A409959C35C8B201DFA5836F63D3FE274729762CA071FF42DD85FAC2A36C770,gmhsinglora,oxford_flowers,1shot,,4,,,,,,,,,read,1055,GMHSINGLORA,83.84,67.40,**** Final test accuracy with GMHSINGLORA: 83.84. ****,GMHSINGLORA weights saved to ./checkpoints/gmhsinglora/ViT-B16/oxford_flowers/1shots/seed1/adapter_weights.pt,,
DATA-0249,data/old_result/results_logs_gmhsinglora/gmhsinglora_oxford_flowers_1shot_r4_a2.log,.log,60407,2025-07-27T07:53:29Z,4083954D2A1EA14574357813BF818192ED49C2563C1E33662161C47D1576BFB4,gmhsinglora,oxford_flowers,1shot,,4,,,,,,,,,read,1055,GMHSINGLORA,84.77,67.40,**** Final test accuracy with GMHSINGLORA: 84.77. ****,GMHSINGLORA weights saved to ./checkpoints/gmhsinglora/ViT-B16/oxford_flowers/1shots/seed1/adapter_weights.pt,,
DATA-0250,data/old_result/results_logs_gmhsinglora/gmhsinglora_oxford_flowers_1shot_r4_a8.log,.log,60421,2025-07-27T07:53:29Z,AAC21A7AC4E520E00A72C3799B228602E2C1593349D843C81AE74A1D6ADE26BC,gmhsinglora,oxford_flowers,1shot,,4,,,,,,,,,read,1055,GMHSINGLORA,84.49,67.40,**** Final test accuracy with GMHSINGLORA: 84.49. ****,GMHSINGLORA weights saved to ./checkpoints/gmhsinglora/ViT-B16/oxford_flowers/1shots/seed1/adapter_weights.pt,,
DATA-0251,data/old_result/results_logs_gmhsinglora/gmhsinglora_oxford_flowers_4shot.log,.log,178403,2025-07-27T07:53:29Z,69018FE0CD79AC8D8F84E215A75179C0B252BA8C22AF11C2E71393D168E41F9B,gmhsinglora,oxford_flowers,4shot,,,,,,,,,,,read,2669,GMHSINGLORA,93.42,67.40,**** Final test accuracy with GMHSINGLORA: 93.42. ****,Saving GMHSINGLORA weights to ./checkpoints...,,
DATA-0252,data/old_result/results_logs_gmhsinglora/gmhsinglora_oxford_flowers_4shot_heads1.log,.log,178513,2025-07-27T14:57:28Z,EF691F3075CAEF0BE2B615C32ADEEB2F16DF711C8E5B62B9C525F5DFA55CCF05,gmhsinglora,oxford_flowers,4shot,,,1,,,,,,,,read,2670,GMHSINGLORA,93.87,67.40,**** Final test accuracy with GMHSINGLORA: 93.87. ****,GMHSINGLORA weights saved to ./checkpoints/gmhsinglora/ViT-B16/oxford_flowers/4shots/seed1/adapter_weights.pt,,
DATA-0253,data/old_result/results_logs_gmhsinglora/gmhsinglora_oxford_flowers_4shot_heads2_r4_a1.log,.log,178513,2025-07-27T13:36:34Z,699AC3533653A625422D5480F18CD70C2C922522F28A001F5FC97E0BF73980D8,gmhsinglora,oxford_flowers,4shot,,4,2,,,,,,,,read,2670,GMHSINGLORA,93.67,67.40,**** Final test accuracy with GMHSINGLORA: 93.67. ****,GMHSINGLORA weights saved to ./checkpoints/gmhsinglora/ViT-B16/oxford_flowers/4shots/seed1/adapter_weights.pt,,
DATA-0254,data/old_result/results_logs_gmhsinglora/gmhsinglora_oxford_flowers_4shot_heads2_r4_a2.log,.log,178513,2025-07-27T13:42:14Z,20E653E7BE3CDCA8B119EE196EAEB37AFF8EA53E7E0164913197E8CFDB613F79,gmhsinglora,oxford_flowers,4shot,,4,2,,,,,,,,read,2670,GMHSINGLORA,94.03,67.40,**** Final test accuracy with GMHSINGLORA: 94.03. ****,GMHSINGLORA weights saved to ./checkpoints/gmhsinglora/ViT-B16/oxford_flowers/4shots/seed1/adapter_weights.pt,,
DATA-0255,data/old_result/results_logs_gmhsinglora/gmhsinglora_oxford_flowers_4shot_heads2_r4_a8.log,.log,178514,2025-07-27T13:47:57Z,0C5A6E06FAF00D6E249AE9403CA0270FE5C7473F5FFC81291E8C773AE159763F,gmhsinglora,oxford_flowers,4shot,,4,2,,,,,,,,read,2670,GMHSINGLORA,94.52,67.40,**** Final test accuracy with GMHSINGLORA: 94.52. ****,GMHSINGLORA weights saved to ./checkpoints/gmhsinglora/ViT-B16/oxford_flowers/4shots/seed1/adapter_weights.pt,,
DATA-0256,data/old_result/results_logs_gmhsinglora/gmhsinglora_oxford_flowers_4shot_heads4.log,.log,178513,2025-07-27T08:56:50Z,045AEE7AB1A4BE02D71A6649F8A2FC4B5BBA4C94614544B4780E918B6FC19A0F,gmhsinglora,oxford_flowers,4shot,,,4,,,,,,,,read,2670,GMHSINGLORA,93.87,67.40,**** Final test accuracy with GMHSINGLORA: 93.87. ****,GMHSINGLORA weights saved to ./checkpoints/gmhsinglora/ViT-B16/oxford_flowers/4shots/seed1/adapter_weights.pt,,
DATA-0257,data/old_result/results_logs_gmhsinglora/gmhsinglora_oxford_pets_16shot.log,.log,675865,2025-07-27T07:53:29Z,FDA65E894E4E3EF5107FEE38988006B7D9BA8E531BFE31DD658EAA0D151393A0,gmhsinglora,oxford_pets,16shot,,,,,,,,,,,read,9746,GMHSINGLORA,93.08,88.20,**** Final test accuracy with GMHSINGLORA: 93.08. ****,Saving GMHSINGLORA weights to ./checkpoints...,,
DATA-0258,data/old_result/results_logs_gmhsinglora/gmhsinglora_oxford_pets_16shot_heads4.log,.log,675973,2025-07-31T13:22:25Z,F17501062DC0C676342AE1BD46A0472A43BE5E8B4FF4C3B3E878B37C1A98645F,gmhsinglora,oxford_pets,16shot,,,4,,,,,,,,read,9747,GMHSINGLORA,92.83,88.20,**** Final test accuracy with GMHSINGLORA: 92.83. ****,GMHSINGLORA weights saved to ./checkpoints/gmhsinglora/ViT-B16/oxford_pets/16shots/seed1/adapter_weights.pt,,
DATA-0259,data/old_result/results_logs_gmhsinglora/gmhsinglora_oxford_pets_1shot.log,.log,83245,2025-07-27T07:53:29Z,2383C88D5230FEDE6D054281FC9C93FC6DFD216378AD91DFCC65263B0D7717AB,gmhsinglora,oxford_pets,1shot,,,,,,,,,,,read,1558,GMHSINGLORA,92.50,88.20,**** Final test accuracy with GMHSINGLORA: 92.50. ****,Saving GMHSINGLORA weights to ./checkpoints...,,
DATA-0260,data/old_result/results_logs_gmhsinglora/gmhsinglora_oxford_pets_1shot_heads1.log,.log,63566,2025-07-26T18:28:27Z,D18C94D7A5D6C603B3ED90AAFF491C0DA58F3291288E24F0E43EB7D69A14AD9B,gmhsinglora,oxford_pets,1shot,,,1,,,,,,,,read,1311,GMHSINGLORA,92.50,88.20,**** Final test accuracy with GMHSINGLORA: 92.50. ****,GMHSINGLORA weights saved to ./checkpoints/gmhsinglora/ViT-B16/oxford_pets/1shots/seed1/adapter_weights.pt,,
DATA-0261,data/old_result/results_logs_gmhsinglora/gmhsinglora_oxford_pets_1shot_heads2.log,.log,63483,2025-07-26T18:28:33Z,6E363286812B42F25F19367A74704F9FF187FF94F63A6E1E0C06BA8972C7D131,gmhsinglora,oxford_pets,1shot,,,2,,,,,,,,read,1310,GMHSINGLORA,92.64,88.20,**** Final test accuracy with GMHSINGLORA: 92.64. ****,GMHSINGLORA weights saved to ./checkpoints/gmhsinglora/ViT-B16/oxford_pets/1shots/seed1/adapter_weights.pt,,
DATA-0262,data/old_result/results_logs_gmhsinglora/gmhsinglora_oxford_pets_1shot_heads4.log,.log,63486,2025-07-26T18:28:38Z,480B1CF1E4B9B502EFD89D36B878C7F7F4BA41BCCFCEAA18EC316A9735323889,gmhsinglora,oxford_pets,1shot,,,4,,,,,,,,read,1310,GMHSINGLORA,92.56,88.20,**** Final test accuracy with GMHSINGLORA: 92.56. ****,GMHSINGLORA weights saved to ./checkpoints/gmhsinglora/ViT-B16/oxford_pets/1shots/seed1/adapter_weights.pt,,
DATA-0263,data/old_result/results_logs_gmhsinglora/gmhsinglora_oxford_pets_1shot_r4_a1.log,.log,83349,2025-07-27T07:53:29Z,1B7C22759A046B727C6A830D1F60F6C267056F57A81D76956595F238B63DFF8B,gmhsinglora,oxford_pets,1shot,,4,,,,,,,,,read,1559,GMHSINGLORA,92.64,88.20,**** Final test accuracy with GMHSINGLORA: 92.64. ****,GMHSINGLORA weights saved to ./checkpoints/gmhsinglora/ViT-B16/oxford_pets/1shots/seed1/adapter_weights.pt,,
DATA-0264,data/old_result/results_logs_gmhsinglora/gmhsinglora_oxford_pets_1shot_r4_a16.log,.log,83447,2025-07-27T07:53:29Z,C9F4856DBB95B2CD803E8E6CEF38C9120DF26B6175C26EDA0274219E711FA4E4,gmhsinglora,oxford_pets,1shot,,4,,,,,,,,,read,1559,GMHSINGLORA,83.46,88.20,**** Final test accuracy with GMHSINGLORA: 83.46. ****,GMHSINGLORA weights saved to ./checkpoints/gmhsinglora/ViT-B16/oxford_pets/1shots/seed1/adapter_weights.pt,,
DATA-0265,data/old_result/results_logs_gmhsinglora/gmhsinglora_oxford_pets_1shot_r4_a2.log,.log,10812,2025-07-27T07:53:29Z,E245FF0D5B3F74485B3A7414FF5B6F5DA48672F7595D5F0FBA31DD4F4C22485D,gmhsinglora,oxford_pets,1shot,,4,,,,,,,,,read,208,,,88.20,"LR: 0.000196, Acc: 83.7838, Loss: 0.5106",,,
DATA-0266,data/old_result/results_logs_gmhsinglora/gmhsinglora_oxford_pets_1shot_r4_a8.log,.log,83421,2025-07-27T07:53:29Z,A00086870F0B8D37B3E82A83CD829724274B745F4C0122C52182A3BBD128244A,gmhsinglora,oxford_pets,1shot,,4,,,,,,,,,read,1559,GMHSINGLORA,87.27,88.20,**** Final test accuracy with GMHSINGLORA: 87.27. ****,GMHSINGLORA weights saved to ./checkpoints/gmhsinglora/ViT-B16/oxford_pets/1shots/seed1/adapter_weights.pt,,
DATA-0267,data/old_result/results_logs_gmhsinglora/gmhsinglora_oxford_pets_4shot.log,.log,220090,2025-07-27T07:53:29Z,139834F12B0A15E62FB0441A2ABA1756DE7FC8BBEC08F527C4AD4114FBA95748,gmhsinglora,oxford_pets,4shot,,,,,,,,,,,read,3658,GMHSINGLORA,92.18,88.20,**** Final test accuracy with GMHSINGLORA: 92.18. ****,Saving GMHSINGLORA weights to ./checkpoints...,,
DATA-0268,data/old_result/results_logs_gmhsinglora/gmhsinglora_oxford_pets_4shot_heads1.log,.log,195276,2025-07-27T15:07:44Z,C49C981EFF5FA48C3D11D3283AFD006BC436C3B0FBF04F19D73C999C01FC6FA0,gmhsinglora,oxford_pets,4shot,,,1,,,,,,,,read,3353,GMHSINGLORA,91.77,88.20,**** Final test accuracy with GMHSINGLORA: 91.77. ****,GMHSINGLORA weights saved to ./checkpoints/gmhsinglora/ViT-B16/oxford_pets/4shots/seed1/adapter_weights.pt,,
DATA-0269,data/old_result/results_logs_gmhsinglora/gmhsinglora_oxford_pets_4shot_heads2_r4_a1.log,.log,220199,2025-07-27T14:10:40Z,7722B7B2D40A5D6642D510D11C27B439EE96782597F4E199BA0B03C2F0F19650,gmhsinglora,oxford_pets,4shot,,4,2,,,,,,,,read,3659,GMHSINGLORA,91.85,88.20,**** Final test accuracy with GMHSINGLORA: 91.85. ****,GMHSINGLORA weights saved to ./checkpoints/gmhsinglora/ViT-B16/oxford_pets/4shots/seed1/adapter_weights.pt,,
DATA-0270,data/old_result/results_logs_gmhsinglora/gmhsinglora_oxford_pets_4shot_heads2_r4_a2.log,.log,220207,2025-07-27T14:16:47Z,A171CFFA380B0E1A5300951747080E12093CBB2EB4C07E42E869C3FBBEC71AA4,gmhsinglora,oxford_pets,4shot,,4,2,,,,,,,,read,3659,GMHSINGLORA,91.31,88.20,**** Final test accuracy with GMHSINGLORA: 91.31. ****,GMHSINGLORA weights saved to ./checkpoints/gmhsinglora/ViT-B16/oxford_pets/4shots/seed1/adapter_weights.pt,,
DATA-0271,data/old_result/results_logs_gmhsinglora/gmhsinglora_oxford_pets_4shot_heads2_r4_a8.log,.log,220268,2025-07-27T14:22:53Z,511D391F8004FEE47087C0005889DAA0FBBA19C7126A4F0E3F120E389C533C6D,gmhsinglora,oxford_pets,4shot,,4,2,,,,,,,,read,3659,GMHSINGLORA,88.28,88.20,**** Final test accuracy with GMHSINGLORA: 88.28. ****,GMHSINGLORA weights saved to ./checkpoints/gmhsinglora/ViT-B16/oxford_pets/4shots/seed1/adapter_weights.pt,,
DATA-0272,data/old_result/results_logs_gmhsinglora/gmhsinglora_oxford_pets_4shot_heads4.log,.log,220199,2025-07-27T09:09:28Z,76A49A96F14F129FE1F9C091BC2252C6EFF222D6127444E557C59760FBB027C0,gmhsinglora,oxford_pets,4shot,,,4,,,,,,,,read,3659,GMHSINGLORA,91.52,88.20,**** Final test accuracy with GMHSINGLORA: 91.52. ****,GMHSINGLORA weights saved to ./checkpoints/gmhsinglora/ViT-B16/oxford_pets/4shots/seed1/adapter_weights.pt,,
DATA-0273,data/old_result/results_logs_gmhsinglora/gmhsinglora_ucf101_16shot.log,.log,627762,2025-07-27T07:53:29Z,EE0BE0007CB701B2AE5275837E4CFB8195A4D6FBAD08A59056C99847113EFDEE,gmhsinglora,ucf101,16shot,,,,,,,,,,,read,8687,GMHSINGLORA,85.65,65.21,**** Final test accuracy with GMHSINGLORA: 85.65. ****,Saving GMHSINGLORA weights to ./checkpoints...,,
DATA-0274,data/old_result/results_logs_gmhsinglora/gmhsinglora_ucf101_16shot_heads4.log,.log,637938,2025-07-31T12:56:46Z,673F4F61E7463A64887AB33C3BC31DD62E331FF1AEAFD1C22997B4CC79B79637,gmhsinglora,ucf101,16shot,,,4,,,,,,,,read,8775,GMHSINGLORA,86.17,65.21,**** Final test accuracy with GMHSINGLORA: 86.17. ****,GMHSINGLORA weights saved to ./checkpoints/gmhsinglora/ViT-B16/ucf101/16shots/seed1/adapter_weights.pt,,
DATA-0275,data/old_result/results_logs_gmhsinglora/gmhsinglora_ucf101_1shot.log,.log,60586,2025-07-27T07:53:29Z,E81F5BDF6F3B742C4FC62E848DDDA4E7065B5D53C609AB2F5B1B56173448E50C,gmhsinglora,ucf101,1shot,,,,,,,,,,,read,1059,GMHSINGLORA,75.60,65.21,**** Final test accuracy with GMHSINGLORA: 75.60. ****,Saving GMHSINGLORA weights to ./checkpoints...,,
DATA-0276,data/old_result/results_logs_gmhsinglora/gmhsinglora_ucf101_1shot_heads1.log,.log,50795,2025-07-26T18:28:44Z,C9F12B77298E0CA91E94E3C1C4705752A271738B132EF1797D0031C639E581CB,gmhsinglora,ucf101,1shot,,,1,,,,,,,,read,936,GMHSINGLORA,75.20,65.21,**** Final test accuracy with GMHSINGLORA: 75.20. ****,GMHSINGLORA weights saved to ./checkpoints/gmhsinglora/ViT-B16/ucf101/1shots/seed1/adapter_weights.pt,,
DATA-0277,data/old_result/results_logs_gmhsinglora/gmhsinglora_ucf101_1shot_heads2.log,.log,50795,2025-07-26T18:28:50Z,EDB0CDDD34C3CC8AE2AF197D6FCF2116CF695976DAEABE0967617D234DB53409,gmhsinglora,ucf101,1shot,,,2,,,,,,,,read,936,GMHSINGLORA,76.08,65.21,**** Final test accuracy with GMHSINGLORA: 76.08. ****,GMHSINGLORA weights saved to ./checkpoints/gmhsinglora/ViT-B16/ucf101/1shots/seed1/adapter_weights.pt,,
DATA-0278,data/old_result/results_logs_gmhsinglora/gmhsinglora_ucf101_1shot_heads4.log,.log,50873,2025-07-26T18:28:56Z,F6965FB26A5EBE425599D308A05A2213BA9C0DC258C667D44CDD9416297134AB,gmhsinglora,ucf101,1shot,,,4,,,,,,,,read,937,GMHSINGLORA,76.34,65.21,**** Final test accuracy with GMHSINGLORA: 76.34. ****,GMHSINGLORA weights saved to ./checkpoints/gmhsinglora/ViT-B16/ucf101/1shots/seed1/adapter_weights.pt,,
DATA-0279,data/old_result/results_logs_gmhsinglora/gmhsinglora_ucf101_1shot_r4_a1.log,.log,60688,2025-07-27T07:53:29Z,70C27D106303F83119EE998555F326396F15B54F8DE343D200C062AAD9A5B2C2,gmhsinglora,ucf101,1shot,,4,,,,,,,,,read,1060,GMHSINGLORA,76.08,65.21,**** Final test accuracy with GMHSINGLORA: 76.08. ****,GMHSINGLORA weights saved to ./checkpoints/gmhsinglora/ViT-B16/ucf101/1shots/seed1/adapter_weights.pt,,
DATA-0280,data/old_result/results_logs_gmhsinglora/gmhsinglora_ucf101_1shot_r4_a16.log,.log,60693,2025-07-27T07:53:29Z,241D163E2FDA4F47B9A3ECE506DFEAE37EE97D273ABD28DB46CCDA0F2C9091F1,gmhsinglora,ucf101,1shot,,4,,,,,,,,,read,1060,GMHSINGLORA,73.30,65.21,**** Final test accuracy with GMHSINGLORA: 73.30. ****,GMHSINGLORA weights saved to ./checkpoints/gmhsinglora/ViT-B16/ucf101/1shots/seed1/adapter_weights.pt,,
DATA-0281,data/old_result/results_logs_gmhsinglora/gmhsinglora_ucf101_1shot_r4_a2.log,.log,60688,2025-07-27T07:53:29Z,51E7B09C4C31841021A3C715FBE106C044190178AB2D9F62538A75F5E75396EB,gmhsinglora,ucf101,1shot,,4,,,,,,,,,read,1060,GMHSINGLORA,75.92,65.21,**** Final test accuracy with GMHSINGLORA: 75.92. ****,GMHSINGLORA weights saved to ./checkpoints/gmhsinglora/ViT-B16/ucf101/1shots/seed1/adapter_weights.pt,,
DATA-0282,data/old_result/results_logs_gmhsinglora/gmhsinglora_ucf101_1shot_r4_a8.log,.log,60689,2025-07-27T07:53:29Z,E074A8A486B1744AB1D61F77973AA61A25F716B83F8D67AD7961F2C527ADE70E,gmhsinglora,ucf101,1shot,,4,,,,,,,,,read,1060,GMHSINGLORA,74.76,65.21,**** Final test accuracy with GMHSINGLORA: 74.76. ****,GMHSINGLORA weights saved to ./checkpoints/gmhsinglora/ViT-B16/ucf101/1shots/seed1/adapter_weights.pt,,
DATA-0283,data/old_result/results_logs_gmhsinglora/gmhsinglora_ucf101_4shot.log,.log,178761,2025-07-27T07:53:29Z,1FB8F4AAE5123287D34B8A6B2E0FA6F30AD4E0FA83A225568E2E2618FCCCBBDA,gmhsinglora,ucf101,4shot,,,,,,,,,,,read,2675,GMHSINGLORA,81.13,65.21,**** Final test accuracy with GMHSINGLORA: 81.13. ****,Saving GMHSINGLORA weights to ./checkpoints...,,
DATA-0284,data/old_result/results_logs_gmhsinglora/gmhsinglora_ucf101_4shot_heads1.log,.log,178863,2025-07-27T15:02:12Z,9717895E4D34C7C85F995C126F77C2D03C5C2B23CB6ACCCAC5E7375F7C64DBD2,gmhsinglora,ucf101,4shot,,,1,,,,,,,,read,2676,GMHSINGLORA,80.97,65.21,**** Final test accuracy with GMHSINGLORA: 80.97. ****,GMHSINGLORA weights saved to ./checkpoints/gmhsinglora/ViT-B16/ucf101/4shots/seed1/adapter_weights.pt,,
DATA-0285,data/old_result/results_logs_gmhsinglora/gmhsinglora_ucf101_4shot_heads2_r4_a1.log,.log,178863,2025-07-27T13:53:30Z,F09F14B9D18587C00D5095DA9E0338013E9251F1A365DE025FE281126FBF8777,gmhsinglora,ucf101,4shot,,4,2,,,,,,,,read,2676,GMHSINGLORA,80.81,65.21,**** Final test accuracy with GMHSINGLORA: 80.81. ****,GMHSINGLORA weights saved to ./checkpoints/gmhsinglora/ViT-B16/ucf101/4shots/seed1/adapter_weights.pt,,
DATA-0286,data/old_result/results_logs_gmhsinglora/gmhsinglora_ucf101_4shot_heads2_r4_a2.log,.log,178863,2025-07-27T13:59:01Z,3B2EB738FFD7C6BE73FE98B0AB36F6AEE7A593C1144FDA90B44982FB34A50671,gmhsinglora,ucf101,4shot,,4,2,,,,,,,,read,2676,GMHSINGLORA,79.94,65.21,**** Final test accuracy with GMHSINGLORA: 79.94. ****,GMHSINGLORA weights saved to ./checkpoints/gmhsinglora/ViT-B16/ucf101/4shots/seed1/adapter_weights.pt,,
DATA-0287,data/old_result/results_logs_gmhsinglora/gmhsinglora_ucf101_4shot_heads2_r4_a8.log,.log,178863,2025-07-27T14:04:34Z,00F5663203FDECBA7C00F6D1EF118F3096522DCA4E497A8FCC41A1B4C41030FF,gmhsinglora,ucf101,4shot,,4,2,,,,,,,,read,2676,GMHSINGLORA,77.87,65.21,**** Final test accuracy with GMHSINGLORA: 77.87. ****,GMHSINGLORA weights saved to ./checkpoints/gmhsinglora/ViT-B16/ucf101/4shots/seed1/adapter_weights.pt,,
DATA-0288,data/old_result/results_logs_gmhsinglora/gmhsinglora_ucf101_4shot_heads4.log,.log,178863,2025-07-27T09:03:00Z,15B9B1BEA3F73E1651034AF7815A7214FD74BDB3F751A84D5800F90BE16992D9,gmhsinglora,ucf101,4shot,,,4,,,,,,,,read,2676,GMHSINGLORA,81.71,65.21,**** Final test accuracy with GMHSINGLORA: 81.71. ****,GMHSINGLORA weights saved to ./checkpoints/gmhsinglora/ViT-B16/ucf101/4shots/seed1/adapter_weights.pt,,
DATA-0289,data/old_result/results_logs_ohsinglora.zip,.zip,603711,2025-08-24T16:46:31Z,A20EACCF10D46E8450A8F36533EB5D4F3B08557BBB3180DCDADF1F864058A1F0,ohsinglora,,,,,,,,,,,,,,,,,,,,,
DATA-0290,data/old_result/results_logs_ohsinglora/ohsinglora_caltech101_16shot.log,.log,635940,2025-08-04T08:39:56Z,C358EB1EC77A0665092418B54AA563758B91548BBD46EC808C39C3762A382C42,ohsinglora,caltech101,16shot,,,101,,,,,,,,read,8693,OHSINGLORA,96.59,93.31,**** Final test accuracy with OHSINGLORA: 96.59. ****,Saving OHSINGLORA weights to ./checkpoints...,,
DATA-0291,data/old_result/results_logs_ohsinglora/ohsinglora_caltech101_1shot.log,.log,66050,2025-08-04T04:22:47Z,F49CB4E644A3422C23B0926DF8C49AC580847E4CAFC3BD5D03BC2C40F42DFDCD,ohsinglora,caltech101,1shot,,,101,,,,,,,,read,1053,OHSINGLORA,94.20,93.31,**** Final test accuracy with OHSINGLORA: 94.20. ****,Saving OHSINGLORA weights to ./checkpoints...,,
DATA-0292,data/old_result/results_logs_ohsinglora/ohsinglora_caltech101_4shot.log,.log,185588,2025-08-04T05:14:27Z,9F622BC1AFC4C988A2B1560A40F55D06D04AC9CDE71FA78CC384CCB13B1FD85C,ohsinglora,caltech101,4shot,,,101,,,,,,,,read,2669,OHSINGLORA,95.62,93.31,**** Final test accuracy with OHSINGLORA: 95.62. ****,Saving OHSINGLORA weights to ./checkpoints...,,
DATA-0293,data/old_result/results_logs_ohsinglora/ohsinglora_dtd_16shot.log,.log,675135,2025-08-04T07:18:47Z,DA6BC329A1EAC5A12C5D99F3308D11FA2C4B9B28DBDEA0D6D11BCB1F9FEC280B,ohsinglora,dtd,16shot,,,,,,,,,,,read,9386,OHSINGLORA,73.17,44.39,**** Final test accuracy with OHSINGLORA: 73.17. ****,Saving OHSINGLORA weights to ./checkpoints...,,
DATA-0294,data/old_result/results_logs_ohsinglora/ohsinglora_dtd_1shot.log,.log,94574,2025-08-04T04:10:33Z,EE8BB7FEF652365D1C36AAABF0B8CEF3FEA73775CC7DDC4723266A08BEB69B9B,ohsinglora,dtd,1shot,,,,,,,,,,,read,1550,OHSINGLORA,55.20,44.39,**** Final test accuracy with OHSINGLORA: 55.20. ****,Saving OHSINGLORA weights to ./checkpoints...,,
DATA-0295,data/old_result/results_logs_ohsinglora/ohsinglora_dtd_4shot.log,.log,224432,2025-08-04T04:47:36Z,899249DB7E3B140044E43F84B92E45B260B2D48DBAC59E0612077C38DC2232BE,ohsinglora,dtd,4shot,,,,,,,,,,,read,3386,OHSINGLORA,65.72,44.39,**** Final test accuracy with OHSINGLORA: 65.72. ****,Saving OHSINGLORA weights to ./checkpoints...,,
DATA-0296,data/old_result/results_logs_ohsinglora/ohsinglora_eurosat_16shot.log,.log,954335,2025-08-04T08:03:13Z,2122AE3309B03A3B7C06C147CE45818ABBCD7A1DF436D643E871CC85B1498D90,ohsinglora,eurosat,16shot,,,,,,,,,,,read,14475,OHSINGLORA,91.79,42.16,**** Final test accuracy with OHSINGLORA: 91.79. ****,Saving OHSINGLORA weights to ./checkpoints...,,
DATA-0297,data/old_result/results_logs_ohsinglora/ohsinglora_eurosat_1shot.log,.log,153893,2025-08-04T04:15:54Z,D80BDC92A5F562E98EC6E782B4365AA7738F76DE5B1A7594EB080B3603799300,ohsinglora,eurosat,1shot,,,,,,,,,,,read,2575,OHSINGLORA,72.78,42.16,**** Final test accuracy with OHSINGLORA: 72.78. ****,Saving OHSINGLORA weights to ./checkpoints...,,
DATA-0298,data/old_result/results_logs_ohsinglora/ohsinglora_eurosat_4shot.log,.log,380806,2025-08-04T05:03:35Z,9416FF095DDDD13E356FAE55A41DE92CFB96F8E85903BA4B75F35AB0E22917BE,ohsinglora,eurosat,4shot,,,,,,,,,,,read,6075,OHSINGLORA,88.93,42.16,**** Final test accuracy with OHSINGLORA: 88.93. ****,Saving OHSINGLORA weights to ./checkpoints...,,
DATA-0299,data/old_result/results_logs_ohsinglora/ohsinglora_fgvc_16shot.log,.log,636116,2025-08-04T06:42:23Z,2A9CC973617B0910C679329A50C04A1184DC3294B6D0570F7DFB2F7D0F942363,ohsinglora,fgvc,16shot,,,,,,,,,,,read,8696,OHSINGLORA,55.21,23.73,**** Final test accuracy with OHSINGLORA: 55.21. ****,Saving OHSINGLORA weights to ./checkpoints...,,
DATA-0300,data/old_result/results_logs_ohsinglora/ohsinglora_fgvc_1shot.log,.log,66226,2025-08-04T04:05:57Z,299B3823DC80A79D2C58949D400C3EB9B1E6E19CCC1441DD5ABF0D199575B169,ohsinglora,fgvc,1shot,,,,,,,,,,,read,1056,OHSINGLORA,29.82,23.73,**** Final test accuracy with OHSINGLORA: 29.82. ****,Saving OHSINGLORA weights to ./checkpoints...,,
DATA-0301,data/old_result/results_logs_ohsinglora/ohsinglora_fgvc_4shot.log,.log,185764,2025-08-04T04:35:56Z,8E6D9BC246F4A9AC2F35BBB169F01B919BBBF0F7851FC04D0B466B4D160ACB93,ohsinglora,fgvc,4shot,,,,,,,,,,,read,2672,OHSINGLORA,38.79,23.73,**** Final test accuracy with OHSINGLORA: 38.79. ****,Saving OHSINGLORA weights to ./checkpoints...,,
DATA-0302,data/old_result/results_logs_ohsinglora/ohsinglora_food101_16shot.log,.log,641276,2025-08-04T09:16:46Z,D227CD03648BA46338FB91D9458B0C43913870E871509E9DEB11F874871D2C13,ohsinglora,food101,16shot,,,,,,,,,,,read,8790,OHSINGLORA,85.04,85.26,**** Final test accuracy with OHSINGLORA: 85.04. ****,Saving OHSINGLORA weights to ./checkpoints...,,
DATA-0303,data/old_result/results_logs_ohsinglora/ohsinglora_food101_1shot.log,.log,72596,2025-08-04T03:37:13Z,2E7A1D12579E67BBFB31B4E631423EF3AFFD2937F8B63F3138A32E89F6ED8DA6,ohsinglora,food101,1shot,,,,,,,,,,,read,1162,OHSINGLORA,85.33,85.26,**** Final test accuracy with OHSINGLORA: 85.33. ****,Saving OHSINGLORA weights to ./checkpoints...,,
DATA-0304,data/old_result/results_logs_ohsinglora/ohsinglora_food101_4shot.log,.log,192134,2025-08-04T05:25:50Z,00F06F066443380B92FDF98CFFD24FE8C470B27EDEE96BE8CDBC8BC0674D2039,ohsinglora,food101,4shot,,,,,,,,,,,read,2778,OHSINGLORA,84.29,85.26,**** Final test accuracy with OHSINGLORA: 84.29. ****,Saving OHSINGLORA weights to ./checkpoints...,,
DATA-0305,data/old_result/results_logs_ohsinglora/ohsinglora_oxford_flowers_16shot.log,.log,634732,2025-08-04T09:55:44Z,C259B4A29CC058FA8E38BCBB0958829FCD362E66AAC011CF7645A2027E810B1A,ohsinglora,oxford_flowers,16shot,,,,,,,,,,,read,8681,OHSINGLORA,98.21,67.40,**** Final test accuracy with OHSINGLORA: 98.21. ****,Saving OHSINGLORA weights to ./checkpoints...,,
DATA-0306,data/old_result/results_logs_ohsinglora/ohsinglora_oxford_flowers_1shot.log,.log,66052,2025-08-04T03:40:51Z,A34D3771AFD79FD4B98E11EB151B64C6DE669A964586F9147C6A6196D13E9991,ohsinglora,oxford_flowers,1shot,,,,,,,,,,,read,1053,OHSINGLORA,82.79,67.40,**** Final test accuracy with OHSINGLORA: 82.79. ****,Saving OHSINGLORA weights to ./checkpoints...,,
DATA-0307,data/old_result/results_logs_ohsinglora/ohsinglora_oxford_flowers_4shot.log,.log,185590,2025-08-04T05:36:12Z,3B97DAE808999D833F122981DC0A57682C879407C88E5C99BAD5ECA3FC26F8CA,ohsinglora,oxford_flowers,4shot,,,,,,,,,,,read,2669,OHSINGLORA,93.30,67.40,**** Final test accuracy with OHSINGLORA: 93.30. ****,Saving OHSINGLORA weights to ./checkpoints...,,
DATA-0308,data/old_result/results_logs_ohsinglora/ohsinglora_oxford_pets_16shot.log,.log,695648,2025-08-04T12:52:38Z,85EDBEB2DDDFDF37B154DD6C5E35E47F37E06A1389FAE138E480F5FCB9A06AE1,ohsinglora,oxford_pets,16shot,,,,,,,,,,,read,9746,OHSINGLORA,92.97,88.20,**** Final test accuracy with OHSINGLORA: 92.97. ****,Saving OHSINGLORA weights to ./checkpoints...,,
DATA-0309,data/old_result/results_logs_ohsinglora/ohsinglora_oxford_pets_1shot.log,.log,94944,2025-08-04T03:49:01Z,7BB1732A04CD929ED301BF32113100980FAA1D70D2D8B95BA3EDD883D0B53D75,ohsinglora,oxford_pets,1shot,,,,,,,,,,,read,1558,OHSINGLORA,92.50,88.20,**** Final test accuracy with OHSINGLORA: 92.50. ****,Saving OHSINGLORA weights to ./checkpoints...,,
DATA-0310,data/old_result/results_logs_ohsinglora/ohsinglora_oxford_pets_4shot.log,.log,238839,2025-08-04T05:58:38Z,F388946AE9F3FB23D6F05724BE5111D00B7087830FE672F9D395D804BA552B12,ohsinglora,oxford_pets,4shot,,,,,,,,,,,read,3658,OHSINGLORA,92.15,88.20,**** Final test accuracy with OHSINGLORA: 92.15. ****,Saving OHSINGLORA weights to ./checkpoints...,,
DATA-0311,data/old_result/results_logs_ohsinglora/ohsinglora_ucf101_16shot.log,.log,635090,2025-08-04T12:52:45Z,80A5281077A47EAAF05ECB3216D7F1837B7D905E0B7288F5EB055968F5DBC9FA,ohsinglora,ucf101,16shot,,,,,,,,,,,read,8687,OHSINGLORA,85.67,65.21,**** Final test accuracy with OHSINGLORA: 85.67. ****,Saving OHSINGLORA weights to ./checkpoints...,,
DATA-0312,data/old_result/results_logs_ohsinglora/ohsinglora_ucf101_1shot.log,.log,66410,2025-08-04T03:44:22Z,70D36DB77703830A1FF2B82262C630D7A6A7A21170EF2CB5CD3955954EF79C39,ohsinglora,ucf101,1shot,,,,,,,,,,,read,1059,OHSINGLORA,75.73,65.21,**** Final test accuracy with OHSINGLORA: 75.73. ****,Saving OHSINGLORA weights to ./checkpoints...,,
DATA-0313,data/old_result/results_logs_ohsinglora/ohsinglora_ucf101_4shot.log,.log,185948,2025-08-04T05:46:19Z,78293481EF791437DEA0F645472CB4C1F08B87684E431618A939EA826BB3827A,ohsinglora,ucf101,4shot,,,,,,,,,,,read,2675,OHSINGLORA,80.86,65.21,**** Final test accuracy with OHSINGLORA: 80.86. ****,Saving OHSINGLORA weights to ./checkpoints...,,
DATA-0314,data/old_result/results_logs_scan_ohsinglora/ohsinglora_caltech101_1shot_r2_h1.log,.log,66051,2025-09-19T07:40:29Z,D46F24E17FB69F1FB179171B464F384CF208BF50443D896319DE5AD683EA9899,ohsinglora,caltech101,1shot,,2,101,,,,,,,,read,1038,OHSINGLORA,94.12,93.31,**** Final test accuracy with OHSINGLORA: 94.12. ****,OHSINGLORA weights saved to ./checkpoints/ohsinglora/ViT-B16/caltech101/1shots/seed1/adapter_weights.pt,,
DATA-0315,data/old_result/results_logs_scan_ohsinglora/ohsinglora_caltech101_1shot_r2_h2.log,.log,66051,2025-09-19T07:43:48Z,6D03C24FF64F851128544B08853AD107E79477C5150DB677D43C6D423500B9C5,ohsinglora,caltech101,1shot,,2,101,,,,,,,,read,1038,OHSINGLORA,94.24,93.31,**** Final test accuracy with OHSINGLORA: 94.24. ****,OHSINGLORA weights saved to ./checkpoints/ohsinglora/ViT-B16/caltech101/1shots/seed1/adapter_weights.pt,,
DATA-0316,data/old_result/results_logs_scan_ohsinglora/ohsinglora_caltech101_1shot_r4_h1.log,.log,66051,2025-09-19T07:46:46Z,554ACF982349EFD444A6CFB0061CF12D9AE811409376A58B8111DFB19346C42E,ohsinglora,caltech101,1shot,,4,101,,,,,,,,read,1038,OHSINGLORA,93.79,93.31,**** Final test accuracy with OHSINGLORA: 93.79. ****,OHSINGLORA weights saved to ./checkpoints/ohsinglora/ViT-B16/caltech101/1shots/seed1/adapter_weights.pt,,
DATA-0317,data/old_result/results_logs_scan_ohsinglora/ohsinglora_caltech101_1shot_r4_h2.log,.log,66051,2025-09-19T07:50:09Z,6F1F7139ACB6C5B77CFE8C48F4CC3AF7067309DB54D90661ED21329F63B6E878,ohsinglora,caltech101,1shot,,4,101,,,,,,,,read,1038,OHSINGLORA,94.16,93.31,**** Final test accuracy with OHSINGLORA: 94.16. ****,OHSINGLORA weights saved to ./checkpoints/ohsinglora/ViT-B16/caltech101/1shots/seed1/adapter_weights.pt,,
DATA-0318,data/old_result/results_logs_scan_ohsinglora/ohsinglora_caltech101_1shot_r4_h4.log,.log,66051,2025-09-19T07:55:01Z,69C35A58B31184FB089FD90CDA27CB094D90E255AD80496B352E4129293AB3C0,ohsinglora,caltech101,1shot,,4,101,,,,,,,,read,1038,OHSINGLORA,94.00,93.31,**** Final test accuracy with OHSINGLORA: 94.00. ****,OHSINGLORA weights saved to ./checkpoints/ohsinglora/ViT-B16/caltech101/1shots/seed1/adapter_weights.pt,,
DATA-0319,data/old_result/results_logs_scan_ohsinglora/ohsinglora_dtd_1shot_r2_h1_lambda_o_0.03.log,.log,94957,2025-09-15T09:48:00Z,82F4037858C782903C216F8398157A416206FE98B3CA080E39D03410FC7380BB,ohsinglora,dtd,1shot,,2,1,0.03,,,,,,,read,1535,OHSINGLORA,54.73,44.39,**** Final test accuracy with OHSINGLORA: 54.73. ****,OHSINGLORA weights saved to ./checkpoints/ohsinglora/ViT-B16/dtd/1shots/seed1/adapter_weights.pt,,
DATA-0320,data/old_result/results_logs_scan_ohsinglora/ohsinglora_dtd_1shot_r2_h2_lambda_o_0.03.log,.log,94960,2025-09-15T09:44:07Z,6FDC94CEA8CD46A0B50B613A3750AD28E24920395C7920B9D47EFC5A67EB3CF9,ohsinglora,dtd,1shot,,2,2,0.03,,,,,,,read,1535,OHSINGLORA,54.91,44.39,**** Final test accuracy with OHSINGLORA: 54.91. ****,OHSINGLORA weights saved to ./checkpoints/ohsinglora/ViT-B16/dtd/1shots/seed1/adapter_weights.pt,,
DATA-0321,data/old_result/results_logs_scan_ohsinglora/ohsinglora_dtd_1shot_r4_h1_lambda_o_0.03.log,.log,94972,2025-09-15T09:51:49Z,8A21F82E069F8E1395CA90D043018DBC0F3687E95DA23FC8B0A2F74807D2BEF3,ohsinglora,dtd,1shot,,4,1,0.03,,,,,,,read,1535,OHSINGLORA,53.90,44.39,**** Final test accuracy with OHSINGLORA: 53.90. ****,OHSINGLORA weights saved to ./checkpoints/ohsinglora/ViT-B16/dtd/1shots/seed1/adapter_weights.pt,,
DATA-0322,data/old_result/results_logs_scan_ohsinglora/ohsinglora_dtd_1shot_r4_h2_lambda_o_0.03.log,.log,94963,2025-09-15T09:56:05Z,971FB5BAB606E52B267030B555A0CBF2844CB2A362F582D42EC71B5579E4F20D,ohsinglora,dtd,1shot,,4,2,0.03,,,,,,,read,1535,OHSINGLORA,54.26,44.39,**** Final test accuracy with OHSINGLORA: 54.26. ****,OHSINGLORA weights saved to ./checkpoints/ohsinglora/ViT-B16/dtd/1shots/seed1/adapter_weights.pt,,
DATA-0323,data/old_result/results_logs_scan_ohsinglora/ohsinglora_dtd_1shot_r4_h4_lambda_o_0.03.log,.log,94955,2025-09-15T10:01:44Z,CFB5C7803A750EDEA840DD7D76376AD014863187097AE3C8D236602C8E76C586,ohsinglora,dtd,1shot,,4,4,0.03,,,,,,,read,1535,OHSINGLORA,54.96,44.39,**** Final test accuracy with OHSINGLORA: 54.96. ****,OHSINGLORA weights saved to ./checkpoints/ohsinglora/ViT-B16/dtd/1shots/seed1/adapter_weights.pt,,
DATA-0324,data/old_result/results_logs_scan_ohsinglora/ohsinglora_eurosat_1shot_r2_h1_lambda_o_0.03.log,.log,155034,2025-09-15T10:11:09Z,B6CAC370743A257C0CB163429A69DA2012A40AB16DECA2C56508F5436A5D46E8,ohsinglora,eurosat,1shot,,2,1,0.03,,,,,,,read,2560,OHSINGLORA,71.37,42.16,**** Final test accuracy with OHSINGLORA: 71.37. ****,OHSINGLORA weights saved to ./checkpoints/ohsinglora/ViT-B16/eurosat/1shots/seed1/adapter_weights.pt,,
DATA-0325,data/old_result/results_logs_scan_ohsinglora/ohsinglora_eurosat_1shot_r2_h2_lambda_o_0.03.log,.log,155016,2025-09-15T10:06:31Z,AD643DF3F814B2CBBCEEBDDC68BD6F6A9955C14AB65CA6D132237EFE10B5FF9E,ohsinglora,eurosat,1shot,,2,2,0.03,,,,,,,read,2560,OHSINGLORA,72.77,42.16,**** Final test accuracy with OHSINGLORA: 72.77. ****,OHSINGLORA weights saved to ./checkpoints/ohsinglora/ViT-B16/eurosat/1shots/seed1/adapter_weights.pt,,
DATA-0326,data/old_result/results_logs_scan_ohsinglora/ohsinglora_eurosat_1shot_r4_h1_lambda_o_0.03.log,.log,155041,2025-09-15T10:15:33Z,32149829BFC02C7A0A3EC97E673B0EE507FD52E7109439AFD28D38B7469FB49B,ohsinglora,eurosat,1shot,,4,1,0.03,,,,,,,read,2560,OHSINGLORA,74.22,42.16,**** Final test accuracy with OHSINGLORA: 74.22. ****,OHSINGLORA weights saved to ./checkpoints/ohsinglora/ViT-B16/eurosat/1shots/seed1/adapter_weights.pt,,
DATA-0327,data/old_result/results_logs_scan_ohsinglora/ohsinglora_eurosat_1shot_r4_h2_lambda_o_0.03.log,.log,155016,2025-09-15T10:20:18Z,9FE2C0D99901EFF53D4613B687E2A03972D81D6D02C84291DB67E499D6799158,ohsinglora,eurosat,1shot,,4,2,0.03,,,,,,,read,2560,OHSINGLORA,73.15,42.16,**** Final test accuracy with OHSINGLORA: 73.15. ****,OHSINGLORA weights saved to ./checkpoints/ohsinglora/ViT-B16/eurosat/1shots/seed1/adapter_weights.pt,,
DATA-0328,data/old_result/results_logs_scan_ohsinglora/ohsinglora_eurosat_1shot_r4_h4_lambda_o_0.03.log,.log,155009,2025-09-15T10:27:19Z,4A75607FD75C9686D6C9F8CC345D3911EFB4FDC86709406C73850A21C84DEFC0,ohsinglora,eurosat,1shot,,4,4,0.03,,,,,,,read,2560,OHSINGLORA,70.27,42.16,**** Final test accuracy with OHSINGLORA: 70.27. ****,OHSINGLORA weights saved to ./checkpoints/ohsinglora/ViT-B16/eurosat/1shots/seed1/adapter_weights.pt,,
DATA-0329,data/old_result/results_logs_scan_ohsinglora/ohsinglora_fgvc_1shot_r2_h1_lambda_o_0.03.log,.log,66221,2025-09-15T09:26:19Z,38E5853FC96C23BF8F6ED9565ADAF3EE652C5E5A1741F39ED3109C0EEC9296C7,ohsinglora,fgvc,1shot,,2,1,0.03,,,,,,,read,1041,OHSINGLORA,29.73,23.73,**** Final test accuracy with OHSINGLORA: 29.73. ****,OHSINGLORA weights saved to ./checkpoints/ohsinglora/ViT-B16/fgvc/1shots/seed1/adapter_weights.pt,,
DATA-0330,data/old_result/results_logs_scan_ohsinglora/ohsinglora_fgvc_1shot_r2_h2_lambda_o_0.03.log,.log,66221,2025-09-15T09:22:36Z,FCB30521EC9B0DC7866ACBD988FD57B5EE0CA804FA56D558C0D6D6DC1CDA2261,ohsinglora,fgvc,1shot,,2,2,0.03,,,,,,,read,1041,OHSINGLORA,29.73,23.73,**** Final test accuracy with OHSINGLORA: 29.73. ****,OHSINGLORA weights saved to ./checkpoints/ohsinglora/ViT-B16/fgvc/1shots/seed1/adapter_weights.pt,,
DATA-0331,data/old_result/results_logs_scan_ohsinglora/ohsinglora_fgvc_1shot_r4_h1_lambda_o_0.03.log,.log,66221,2025-09-15T09:30:05Z,92FD29B287B0276015D61EFE91425C8DB91F173ED5FA348372203B4701890923,ohsinglora,fgvc,1shot,,4,1,0.03,,,,,,,read,1041,OHSINGLORA,28.98,23.73,**** Final test accuracy with OHSINGLORA: 28.98. ****,OHSINGLORA weights saved to ./checkpoints/ohsinglora/ViT-B16/fgvc/1shots/seed1/adapter_weights.pt,,
DATA-0332,data/old_result/results_logs_scan_ohsinglora/ohsinglora_fgvc_1shot_r4_h2_lambda_o_0.03.log,.log,66221,2025-09-15T09:34:12Z,ECCE9A13037AB264670A632AE0EB96F0A6BE934D75B1A51228D7868EDE86BBE8,ohsinglora,fgvc,1shot,,4,2,0.03,,,,,,,read,1041,OHSINGLORA,29.85,23.73,**** Final test accuracy with OHSINGLORA: 29.85. ****,OHSINGLORA weights saved to ./checkpoints/ohsinglora/ViT-B16/fgvc/1shots/seed1/adapter_weights.pt,,
DATA-0333,data/old_result/results_logs_scan_ohsinglora/ohsinglora_fgvc_1shot_r4_h4_lambda_o_0.03.log,.log,66221,2025-09-15T09:39:47Z,134EA744129DAD17B5BE08A69574AB18C988C82B3A7D61DE412BB1DCD1FC4FA4,ohsinglora,fgvc,1shot,,4,4,0.03,,,,,,,read,1041,OHSINGLORA,29.97,23.73,**** Final test accuracy with OHSINGLORA: 29.97. ****,OHSINGLORA weights saved to ./checkpoints/ohsinglora/ViT-B16/fgvc/1shots/seed1/adapter_weights.pt,,
DATA-0334,data/old_result/results_logs_scan_ohsinglora/ohsinglora_food101_1shot_r2_h1.log,.log,72595,2025-09-19T16:21:25Z,D0430934160AA971145938F1704261A33E07936B982C1C0C1514DC1F03F3F1A8,ohsinglora,food101,1shot,,2,1,,,,,,,,read,1147,OHSINGLORA,85.53,85.26,**** Final test accuracy with OHSINGLORA: 85.53. ****,OHSINGLORA weights saved to ./checkpoints/ohsinglora/ViT-B16/food101/1shots/seed1/adapter_weights.pt,,
DATA-0335,data/old_result/results_logs_scan_ohsinglora/ohsinglora_food101_1shot_r2_h2.log,.log,72594,2025-09-19T16:21:30Z,07011ABDAE9F2C5AC4506492AB618EC004B31D115574D38D53CF41E8B7AB0DEB,ohsinglora,food101,1shot,,2,2,,,,,,,,read,1147,OHSINGLORA,85.46,85.26,**** Final test accuracy with OHSINGLORA: 85.46. ****,OHSINGLORA weights saved to ./checkpoints/ohsinglora/ViT-B16/food101/1shots/seed1/adapter_weights.pt,,
DATA-0336,data/old_result/results_logs_scan_ohsinglora/ohsinglora_food101_1shot_r4_h1.log,.log,72594,2025-09-19T16:21:35Z,57633C4B500C8886D9021E8B345A9743062832E9A1E0F1CDECEBB7EC0AB40F78,ohsinglora,food101,1shot,,4,1,,,,,,,,read,1147,OHSINGLORA,85.69,85.26,**** Final test accuracy with OHSINGLORA: 85.69. ****,OHSINGLORA weights saved to ./checkpoints/ohsinglora/ViT-B16/food101/1shots/seed1/adapter_weights.pt,,
DATA-0337,data/old_result/results_logs_scan_ohsinglora/ohsinglora_food101_1shot_r4_h2.log,.log,72594,2025-09-19T16:21:39Z,90A6A2B5C4CC87CC924F4687331D77F2939C3967E43A400D7EDC455FD16EAE7D,ohsinglora,food101,1shot,,4,2,,,,,,,,read,1147,OHSINGLORA,85.74,85.26,**** Final test accuracy with OHSINGLORA: 85.74. ****,OHSINGLORA weights saved to ./checkpoints/ohsinglora/ViT-B16/food101/1shots/seed1/adapter_weights.pt,,
DATA-0338,data/old_result/results_logs_scan_ohsinglora/ohsinglora_food101_1shot_r4_h4.log,.log,72595,2025-09-19T16:33:19Z,7001D405D2C4E138F9870CBAE5735D92D42BCE3D96A25D71D77BDA5DA9228CAA,ohsinglora,food101,1shot,,4,4,,,,,,,,read,1147,OHSINGLORA,85.89,85.26,**** Final test accuracy with OHSINGLORA: 85.89. ****,OHSINGLORA weights saved to ./checkpoints/ohsinglora/ViT-B16/food101/1shots/seed1/adapter_weights.pt,,
DATA-0339,data/old_result/results_logs_scan_ohsinglora/ohsinglora_oxford_flowers_1shot_r2_h1.log,.log,2376,2025-09-19T08:17:48Z,94BAEFA6908DA6590EA91713A482EE1AC2B8526163E009C049AF2FC93B1F2344,ohsinglora,oxford_flowers,1shot,,2,1,,,,,,,,read,44,,,,,,,
DATA-0340,data/old_result/results_logs_scan_ohsinglora/ohsinglora_oxford_flowers_1shot_r2_h2.log,.log,2376,2025-09-19T08:17:57Z,94BAEFA6908DA6590EA91713A482EE1AC2B8526163E009C049AF2FC93B1F2344,ohsinglora,oxford_flowers,1shot,,2,2,,,,,,,,read,44,,,,,,,
DATA-0341,data/old_result/results_logs_scan_ohsinglora/ohsinglora_oxford_flowers_1shot_r4_h1.log,.log,2376,2025-09-19T08:18:05Z,94BAEFA6908DA6590EA91713A482EE1AC2B8526163E009C049AF2FC93B1F2344,ohsinglora,oxford_flowers,1shot,,4,1,,,,,,,,read,44,,,,,,,
DATA-0342,data/old_result/results_logs_scan_ohsinglora/ohsinglora_oxford_flowers_1shot_r4_h2.log,.log,2376,2025-09-19T08:18:14Z,94BAEFA6908DA6590EA91713A482EE1AC2B8526163E009C049AF2FC93B1F2344,ohsinglora,oxford_flowers,1shot,,4,2,,,,,,,,read,44,,,,,,,
DATA-0343,data/old_result/results_logs_scan_ohsinglora/ohsinglora_oxford_flowers_1shot_r4_h4.log,.log,2376,2025-09-19T08:18:23Z,94BAEFA6908DA6590EA91713A482EE1AC2B8526163E009C049AF2FC93B1F2344,ohsinglora,oxford_flowers,1shot,,4,4,,,,,,,,read,44,,,,,,,
DATA-0344,data/old_result/results_logs_scan_ohsinglora/ohsinglora_oxford_pets_1shot_r2_h1.log,.log,2381,2025-09-19T08:36:17Z,C1F9CE0C08D4172C489A967169436D6D2E3BCAC17CC294F00CEA2789DF4F0A5A,ohsinglora,oxford_pets,1shot,,2,1,,,,,,,,read,44,,,,,,,
DATA-0345,data/old_result/results_logs_scan_ohsinglora/ohsinglora_oxford_pets_1shot_r2_h2.log,.log,2381,2025-09-19T08:36:25Z,C1F9CE0C08D4172C489A967169436D6D2E3BCAC17CC294F00CEA2789DF4F0A5A,ohsinglora,oxford_pets,1shot,,2,2,,,,,,,,read,44,,,,,,,
DATA-0346,data/old_result/results_logs_scan_ohsinglora/ohsinglora_oxford_pets_1shot_r4_h1.log,.log,2381,2025-09-19T08:36:33Z,C1F9CE0C08D4172C489A967169436D6D2E3BCAC17CC294F00CEA2789DF4F0A5A,ohsinglora,oxford_pets,1shot,,4,1,,,,,,,,read,44,,,,,,,
DATA-0347,data/old_result/results_logs_scan_ohsinglora/ohsinglora_oxford_pets_1shot_r4_h2.log,.log,2381,2025-09-19T08:36:42Z,C1F9CE0C08D4172C489A967169436D6D2E3BCAC17CC294F00CEA2789DF4F0A5A,ohsinglora,oxford_pets,1shot,,4,2,,,,,,,,read,44,,,,,,,
DATA-0348,data/old_result/results_logs_scan_ohsinglora/ohsinglora_oxford_pets_1shot_r4_h4.log,.log,2381,2025-09-19T08:36:50Z,C1F9CE0C08D4172C489A967169436D6D2E3BCAC17CC294F00CEA2789DF4F0A5A,ohsinglora,oxford_pets,1shot,,4,4,,,,,,,,read,44,,,,,,,
DATA-0349,data/old_result/results_logs_scan_ohsinglora/ohsinglora_ucf101_1shot_r2_h1.log,.log,66407,2025-09-19T08:21:20Z,608C855EBABE708D445BBCB1F48EA53C36CE90D333A27E30A3DFB3533CE4125A,ohsinglora,ucf101,1shot,,2,1,,,,,,,,read,1044,OHSINGLORA,75.65,65.21,**** Final test accuracy with OHSINGLORA: 75.65. ****,OHSINGLORA weights saved to ./checkpoints/ohsinglora/ViT-B16/ucf101/1shots/seed1/adapter_weights.pt,,
DATA-0350,data/old_result/results_logs_scan_ohsinglora/ohsinglora_ucf101_1shot_r2_h2.log,.log,66407,2025-09-19T08:24:47Z,5A23750662073370211FC2CC7717B9559E6D6D0CEC5EA7D4D590AF0A4025FD7A,ohsinglora,ucf101,1shot,,2,2,,,,,,,,read,1044,OHSINGLORA,75.60,65.21,**** Final test accuracy with OHSINGLORA: 75.60. ****,OHSINGLORA weights saved to ./checkpoints/ohsinglora/ViT-B16/ucf101/1shots/seed1/adapter_weights.pt,,
DATA-0351,data/old_result/results_logs_scan_ohsinglora/ohsinglora_ucf101_1shot_r4_h1.log,.log,66407,2025-09-19T08:27:47Z,B1B2CB03EB21955E92621D8417257BA1651F1EECF3FB077B3815268F6CFF1E9F,ohsinglora,ucf101,1shot,,4,1,,,,,,,,read,1044,OHSINGLORA,75.10,65.21,**** Final test accuracy with OHSINGLORA: 75.10. ****,OHSINGLORA weights saved to ./checkpoints/ohsinglora/ViT-B16/ucf101/1shots/seed1/adapter_weights.pt,,
DATA-0352,data/old_result/results_logs_scan_ohsinglora/ohsinglora_ucf101_1shot_r4_h2.log,.log,66407,2025-09-19T08:31:12Z,085D047A102755AAD03662889B5B7B145C3EFD37DCF8BF1ABAF7A5AF62A632AC,ohsinglora,ucf101,1shot,,4,2,,,,,,,,read,1044,OHSINGLORA,75.95,65.21,**** Final test accuracy with OHSINGLORA: 75.95. ****,OHSINGLORA weights saved to ./checkpoints/ohsinglora/ViT-B16/ucf101/1shots/seed1/adapter_weights.pt,,
DATA-0353,data/old_result/results_logs_scan_ohsinglora/ohsinglora_ucf101_1shot_r4_h4.log,.log,66407,2025-09-19T08:36:08Z,7305319117BB0DD8AFCA631B539021ECFD7CBE5ACCFF1E6F408B8DAE36F4F888,ohsinglora,ucf101,1shot,,4,4,,,,,,,,read,1044,OHSINGLORA,75.68,65.21,**** Final test accuracy with OHSINGLORA: 75.68. ****,OHSINGLORA weights saved to ./checkpoints/ohsinglora/ViT-B16/ucf101/1shots/seed1/adapter_weights.pt,,
DATA-0354,data/old_result/results_logs_singlora/singlora_caltech101_16shot.log,.log,628133,2025-07-27T07:53:28Z,6CDFDFEFBEA087D7CE7D9AF6431925769067EFEFE204865DD91AABF37C64F360,singlora,caltech101,16shot,,,101,,,,,,,,read,8678,SINGLORA,96.63,93.31,**** Final test accuracy with SINGLORA: 96.63. ****,SingLoRA weights saved to ./checkpoints/vitb16/caltech101/16shots/seed1/adapter_weights.pt,,
DATA-0355,data/old_result/results_logs_singlora/singlora_caltech101_16shot_r4_a1.log,.log,628559,2025-07-31T14:54:25Z,4266B8E2F384E5D5823BC60E5CB86A9408B29B42A7E0C8B796D93226B4448EBE,singlora,caltech101,16shot,,4,101,,,,,,,,read,8694,SINGLORA,96.35,93.31,**** Final test accuracy with SINGLORA: 96.35. ****,SINGLORA weights saved to ./checkpoints/singlora/ViT-B16/caltech101/16shots/seed1/adapter_weights.pt,,
DATA-0356,data/old_result/results_logs_singlora/singlora_caltech101_1shot.log,.log,59888,2025-07-27T07:53:28Z,DC70DFB7599D8F1384B5BE4786227B2DAC43AE8154B4F198257C35E7E4F301CF,singlora,caltech101,1shot,,,101,,,,,,,,read,1038,SINGLORA,93.79,93.31,**** Final test accuracy with SINGLORA: 93.79. ****,SingLoRA weights saved to ./checkpoints/vitb16/caltech101/1shots/seed1/adapter_weights.pt,,
DATA-0357,data/old_result/results_logs_singlora/singlora_caltech101_1shot_r4_a1.log,.log,50421,2025-07-26T09:18:37Z,AA050D71DF755D1805C3ACBB763E779B2262534A1531B73CE664D08F6A37BB4E,singlora,caltech101,1shot,,4,101,,,,,,,,read,930,SINGLORA,94.08,93.31,**** Final test accuracy with SINGLORA: 94.08. ****,SINGLORA weights saved to ./checkpoints/singlora/ViT-B16/caltech101/1shots/seed1/adapter_weights.pt,,
DATA-0358,data/old_result/results_logs_singlora/singlora_caltech101_1shot_r4_a16.log,.log,50447,2025-07-26T09:22:44Z,4D8AC9FF31CBD7055996B2C49BB521C21D5B26AFF65A94BB46FFE3F0BAA1CB4F,singlora,caltech101,1shot,,4,101,,,,,,,,read,930,SINGLORA,93.23,93.31,**** Final test accuracy with SINGLORA: 93.23. ****,SINGLORA weights saved to ./checkpoints/singlora/ViT-B16/caltech101/1shots/seed1/adapter_weights.pt,,
DATA-0359,data/old_result/results_logs_singlora/singlora_caltech101_1shot_r4_a2.log,.log,50421,2025-07-26T09:19:59Z,178DCAB6412C2D68F29B9A66C78F4BEEC8FFD19C7EA92D3B60A71CACBBF6893A,singlora,caltech101,1shot,,4,101,,,,,,,,read,930,SINGLORA,93.83,93.31,**** Final test accuracy with SINGLORA: 93.83. ****,SINGLORA weights saved to ./checkpoints/singlora/ViT-B16/caltech101/1shots/seed1/adapter_weights.pt,,
DATA-0360,data/old_result/results_logs_singlora/singlora_caltech101_1shot_r4_a8.log,.log,50425,2025-07-26T09:21:22Z,341BEBDAC98575E7560883EC90832F0E574D463674313A56CD5955B5EF876E98,singlora,caltech101,1shot,,4,101,,,,,,,,read,930,SINGLORA,93.87,93.31,**** Final test accuracy with SINGLORA: 93.87. ****,SINGLORA weights saved to ./checkpoints/singlora/ViT-B16/caltech101/1shots/seed1/adapter_weights.pt,,
DATA-0361,data/old_result/results_logs_singlora/singlora_caltech101_4shot.log,.log,178063,2025-07-27T07:53:28Z,0CD759049AA909CBD9C431D1A56A3F4210038B79831720370D15B4549127C9C6,singlora,caltech101,4shot,,,101,,,,,,,,read,2654,SINGLORA,95.21,93.31,**** Final test accuracy with SINGLORA: 95.21. ****,SingLoRA weights saved to ./checkpoints/vitb16/caltech101/4shots/seed1/adapter_weights.pt,,
DATA-0362,data/old_result/results_logs_singlora/singlora_caltech101_4shot_heads2_r4_a2.log,.log,165723,2025-07-27T11:15:46Z,130768B753703727207216D174A865B8823F7337CAE8D8C47DAF94640678D8BA,singlora,caltech101,4shot,,4,101,,,,,,,,read,2517,SINGLORA,95.62,93.31,**** Final test accuracy with SINGLORA: 95.62. ****,SINGLORA weights saved to ./checkpoints/singlora/ViT-B16/caltech101/4shots/seed1/adapter_weights.pt,,
DATA-0363,data/old_result/results_logs_singlora/singlora_caltech101_4shot_heads2_r4_a8.log,.log,165723,2025-07-27T11:19:54Z,439D1FBFBCE86FCE04B5604ACC3E271AF1986C3A9DA337423DF6140DB775B4C4,singlora,caltech101,4shot,,4,101,,,,,,,,read,2517,SINGLORA,94.89,93.31,**** Final test accuracy with SINGLORA: 94.89. ****,SINGLORA weights saved to ./checkpoints/singlora/ViT-B16/caltech101/4shots/seed1/adapter_weights.pt,,
DATA-0364,data/old_result/results_logs_singlora/singlora_caltech101_4shot_r4_a1.log,.log,165723,2025-07-27T09:31:24Z,0146EA0D9E00D8E06890C715E3A27C208EB729A0AB5085FB7442B2E6FEBCADBA,singlora,caltech101,4shot,,4,101,,,,,,,,read,2517,SINGLORA,95.46,93.31,**** Final test accuracy with SINGLORA: 95.46. ****,SINGLORA weights saved to ./checkpoints/singlora/ViT-B16/caltech101/4shots/seed1/adapter_weights.pt,,
DATA-0365,data/old_result/results_logs_singlora/singlora_caltech101_4shot_r4_a16.log,.log,163868,2025-07-26T09:39:16Z,0C6274E864F637E83E029A50D4FF447057357C12F63BBB28C68707BC94E5843F,singlora,caltech101,4shot,,4,101,,,,,,,,read,2492,SINGLORA,94.12,93.31,**** Final test accuracy with SINGLORA: 94.12. ****,SINGLORA weights saved to ./checkpoints/singlora/ViT-B16/caltech101/4shots/seed1/adapter_weights.pt,,
DATA-0366,data/old_result/results_logs_singlora/singlora_caltech101_4shot_r4_a2.log,.log,165723,2025-07-26T09:31:08Z,F10B6B941EE3035D68F440168A8BE97F4899F83A7446941A5B2FE022A669663C,singlora,caltech101,4shot,,4,101,,,,,,,,read,2517,SINGLORA,95.54,93.31,**** Final test accuracy with SINGLORA: 95.54. ****,SINGLORA weights saved to ./checkpoints/singlora/ViT-B16/caltech101/4shots/seed1/adapter_weights.pt,,
DATA-0367,data/old_result/results_logs_singlora/singlora_caltech101_4shot_r4_a8.log,.log,165500,2025-07-26T09:35:12Z,3E761D02FE7B4FDD229A232CC23CCA1F3396084DF95ECB14FC719938EB200E0B,singlora,caltech101,4shot,,4,101,,,,,,,,read,2514,SINGLORA,94.85,93.31,**** Final test accuracy with SINGLORA: 94.85. ****,SINGLORA weights saved to ./checkpoints/singlora/ViT-B16/caltech101/4shots/seed1/adapter_weights.pt,,
DATA-0368,data/old_result/results_logs_singlora/singlora_dtd_16shot.log,.log,659119,2025-07-27T07:53:28Z,9CE21A8496B68FA8345265911A5221D32CFF5FD7FD1968D90980EED7DF232332,singlora,dtd,16shot,,,,,,,,,,,read,9371,SINGLORA,72.40,44.39,**** Final test accuracy with SINGLORA: 72.40. ****,SingLoRA weights saved to ./checkpoints/vitb16/dtd/16shots/seed1/adapter_weights.pt,,
DATA-0369,data/old_result/results_logs_singlora/singlora_dtd_16shot_heads4.log,.log,377350,2025-07-31T14:54:32Z,C8195E85F16A6601BFDEA26EA9A6006536BC1F569D8758997E0722B529A69F5F,singlora,dtd,16shot,,,4,,,,,,,,read,5629,SINGLORA,72.64,44.39,**** Final test accuracy with SINGLORA: 72.64. ****,SINGLORA weights saved to ./checkpoints/singlora/ViT-B16/dtd/16shots/seed1/adapter_weights.pt,,
DATA-0370,data/old_result/results_logs_singlora/singlora_dtd_16shot_r4_a1.log,.log,377350,2025-07-31T14:00:11Z,C8195E85F16A6601BFDEA26EA9A6006536BC1F569D8758997E0722B529A69F5F,singlora,dtd,16shot,,4,,,,,,,,,read,5629,SINGLORA,72.64,44.39,**** Final test accuracy with SINGLORA: 72.64. ****,SINGLORA weights saved to ./checkpoints/singlora/ViT-B16/dtd/16shots/seed1/adapter_weights.pt,,
DATA-0371,data/old_result/results_logs_singlora/singlora_dtd_1shot.log,.log,82547,2025-07-27T07:53:28Z,E217A354EC5DD2BA423D68D67C63CE091EC6334CB87E173C6080B6A5ECFB52DC,singlora,dtd,1shot,,,,,,,,,,,read,1535,SINGLORA,53.37,44.39,**** Final test accuracy with SINGLORA: 53.37. ****,SingLoRA weights saved to ./checkpoints/vitb16/dtd/1shots/seed1/adapter_weights.pt,,
DATA-0372,data/old_result/results_logs_singlora/singlora_dtd_1shot_r4_a1.log,.log,63121,2025-07-26T09:42:28Z,34CA4ACEFBED5EB2B10FD9E86B042417BCC589AF429723C5134E177C11C4048F,singlora,dtd,1shot,,4,,,,,,,,,read,1302,SINGLORA,55.38,44.39,**** Final test accuracy with SINGLORA: 55.38. ****,SINGLORA weights saved to ./checkpoints/singlora/ViT-B16/dtd/1shots/seed1/adapter_weights.pt,,
DATA-0373,data/old_result/results_logs_singlora/singlora_dtd_1shot_r4_a16.log,.log,63177,2025-07-26T09:47:56Z,54AB4C32B9057A5F6652473E66A26FB9C8342C7AF36B6AD4932A0E2CE2C278C8,singlora,dtd,1shot,,4,,,,,,,,,read,1302,SINGLORA,52.60,44.39,**** Final test accuracy with SINGLORA: 52.60. ****,SINGLORA weights saved to ./checkpoints/singlora/ViT-B16/dtd/1shots/seed1/adapter_weights.pt,,
DATA-0374,data/old_result/results_logs_singlora/singlora_dtd_1shot_r4_a2.log,.log,63150,2025-07-26T09:44:18Z,79F646055277C79BFA494EA9BA08B319A7FE410D9A05803E689C61475F6D2499,singlora,dtd,1shot,,4,,,,,,,,,read,1302,SINGLORA,55.20,44.39,**** Final test accuracy with SINGLORA: 55.20. ****,SINGLORA weights saved to ./checkpoints/singlora/ViT-B16/dtd/1shots/seed1/adapter_weights.pt,,
DATA-0375,data/old_result/results_logs_singlora/singlora_dtd_1shot_r4_a8.log,.log,63173,2025-07-26T09:46:06Z,3227DC1FFD5D2D3A128C4A12740FFA8B0B66E7678F75D2A06673D1ED4DEB02F6,singlora,dtd,1shot,,4,,,,,,,,,read,1302,SINGLORA,53.49,44.39,**** Final test accuracy with SINGLORA: 53.49. ****,SINGLORA weights saved to ./checkpoints/singlora/ViT-B16/dtd/1shots/seed1/adapter_weights.pt,,
DATA-0376,data/old_result/results_logs_singlora/singlora_dtd_4shot.log,.log,208439,2025-07-27T07:53:28Z,386D210653C0CB5FF97A52EAF6A876A384667D8773F0E8D7CF95FED34664F31E,singlora,dtd,4shot,,,,,,,,,,,read,3371,SINGLORA,64.83,44.39,**** Final test accuracy with SINGLORA: 64.83. ****,SingLoRA weights saved to ./checkpoints/vitb16/dtd/4shots/seed1/adapter_weights.pt,,
DATA-0377,data/old_result/results_logs_singlora/singlora_dtd_4shot_heads2_r4_a2.log,.log,135680,2025-07-27T10:55:23Z,24FD3EBD818BA8D6CE5D86CCD9240F854F03F7B7C93658EE5E4477B497DA991F,singlora,dtd,4shot,,4,2,,,,,,,,read,2416,SINGLORA,64.13,44.39,**** Final test accuracy with SINGLORA: 64.13. ****,SINGLORA weights saved to ./checkpoints/singlora/ViT-B16/dtd/4shots/seed1/adapter_weights.pt,,
DATA-0378,data/old_result/results_logs_singlora/singlora_dtd_4shot_heads2_r4_a8.log,.log,136026,2025-07-27T11:00:06Z,0C0762BB4243187AEB37E5B797482FDAB381D660D38625728A7C71759FAECA45,singlora,dtd,4shot,,4,2,,,,,,,,read,2420,SINGLORA,64.18,44.39,**** Final test accuracy with SINGLORA: 64.18. ****,SINGLORA weights saved to ./checkpoints/singlora/ViT-B16/dtd/4shots/seed1/adapter_weights.pt,,
DATA-0379,data/old_result/results_logs_singlora/singlora_dtd_4shot_r4_a1.log,.log,135810,2025-07-27T09:21:22Z,7C1C602026AA0D3255597336F44F9F21B2B9095E5B8515B98009C72044FBAC6D,singlora,dtd,4shot,,4,,,,,,,,,read,2418,SINGLORA,64.66,44.39,**** Final test accuracy with SINGLORA: 64.66. ****,SINGLORA weights saved to ./checkpoints/singlora/ViT-B16/dtd/4shots/seed1/adapter_weights.pt,,
DATA-0380,data/old_result/results_logs_singlora/singlora_dtd_4shot_r4_a4.log,.log,299062,2025-07-31T17:08:36Z,381F253928326AC16C6F50D3462D2300CC867B1B7FC2FBC5A5747CB28913B0BE,singlora,dtd,4shot,,4,,,,,,,,,read,4013,SINGLORA,64.48,44.39,**** Final test accuracy with SINGLORA: 64.48. ****,SINGLORA weights saved to ./checkpoints/singlora/ViT-B16/dtd/4shots/seed1/adapter_weights.pt,,
DATA-0381,data/old_result/results_logs_singlora/singlora_eurosat_16shot.log,.log,884310,2025-07-27T07:53:28Z,E96147392AC6C99194EDAF8FBA3FABFB719C2D8B0C49E25F5685A33FB46E56D0,singlora,eurosat,16shot,,,,,,,,,,,read,14507,SINGLORA,91.54,42.16,**** Final test accuracy with SINGLORA: 91.54. ****,SingLoRA weights saved to ./checkpoints/vitb16/eurosat/16shots/seed1/adapter_weights.pt,,
DATA-0382,data/old_result/results_logs_singlora/singlora_eurosat_16shot_r4_a1.log,.log,651246,2025-07-31T14:54:40Z,FF5802DFB2FFFE5CA9BAB06615B667369F815F6BF00592BCD22533059B9B99A5,singlora,eurosat,16shot,,4,,,,,,,,,read,11390,SINGLORA,90.72,42.16,**** Final test accuracy with SINGLORA: 90.72. ****,SINGLORA weights saved to ./checkpoints/singlora/ViT-B16/eurosat/16shots/seed1/adapter_weights.pt,,
DATA-0383,data/old_result/results_logs_singlora/singlora_eurosat_1shot.log,.log,130118,2025-07-27T07:53:29Z,A652C8F81E67DBD9DC0EFD7994EDD7D5BF83F1C3C51F30619B62AF7D74B01322,singlora,eurosat,1shot,,,,,,,,,,,read,2560,SINGLORA,73.49,42.16,**** Final test accuracy with SINGLORA: 73.49. ****,SingLoRA weights saved to ./checkpoints/vitb16/eurosat/1shots/seed1/adapter_weights.pt,,
DATA-0384,data/old_result/results_logs_singlora/singlora_eurosat_1shot_r4_a1.log,.log,130551,2025-07-26T09:49:51Z,8FAFCEE40C29196DA17E098D42A1CCB2A6BC141E9585CF525E20F1EEA24B507C,singlora,eurosat,1shot,,4,,,,,,,,,read,2576,SINGLORA,73.74,42.16,**** Final test accuracy with SINGLORA: 73.74. ****,SINGLORA weights saved to ./checkpoints/singlora/ViT-B16/eurosat/1shots/seed1/adapter_weights.pt,,
DATA-0385,data/old_result/results_logs_singlora/singlora_eurosat_1shot_r4_a16.log,.log,130609,2025-07-26T09:55:47Z,9D18EECFB5B0CFF26A7F7EE241C155C4004478BFD939B57910AB968B7F675296,singlora,eurosat,1shot,,4,,,,,,,,,read,2576,SINGLORA,60.54,42.16,**** Final test accuracy with SINGLORA: 60.54. ****,SINGLORA weights saved to ./checkpoints/singlora/ViT-B16/eurosat/1shots/seed1/adapter_weights.pt,,
DATA-0386,data/old_result/results_logs_singlora/singlora_eurosat_1shot_r4_a2.log,.log,130564,2025-07-26T09:51:51Z,9C53EBDC0929BDCE25010192471733F54E0A8C550D3C2DF2864169C98D15F158,singlora,eurosat,1shot,,4,,,,,,,,,read,2576,SINGLORA,72.23,42.16,**** Final test accuracy with SINGLORA: 72.23. ****,SINGLORA weights saved to ./checkpoints/singlora/ViT-B16/eurosat/1shots/seed1/adapter_weights.pt,,
DATA-0387,data/old_result/results_logs_singlora/singlora_eurosat_1shot_r4_a8.log,.log,130599,2025-07-26T09:53:48Z,728B7767443D417DD1B7B3A902EE281715D085AA608C548F826920F4EE332D4D,singlora,eurosat,1shot,,4,,,,,,,,,read,2576,SINGLORA,63.19,42.16,**** Final test accuracy with SINGLORA: 63.19. ****,SINGLORA weights saved to ./checkpoints/singlora/ViT-B16/eurosat/1shots/seed1/adapter_weights.pt,,
DATA-0388,data/old_result/results_logs_singlora/singlora_eurosat_4shot.log,.log,333497,2025-07-27T07:53:29Z,665BCB01D9768683A5246F0A14B820B3DD8577BFA6297911DAAB887662AE5424,singlora,eurosat,4shot,,,,,,,,,,,read,6060,SINGLORA,89.46,42.16,**** Final test accuracy with SINGLORA: 89.46. ****,SingLoRA weights saved to ./checkpoints/vitb16/eurosat/4shots/seed1/adapter_weights.pt,,
DATA-0389,data/old_result/results_logs_singlora/singlora_eurosat_4shot_heads2_r4_a2.log,.log,252646,2025-07-27T11:05:52Z,7EFE415C759F3E92537CE44814CAED121A71F99A768F14E9076B1207B5E96341,singlora,eurosat,4shot,,4,2,,,,,,,,read,5077,SINGLORA,88.52,42.16,**** Final test accuracy with SINGLORA: 88.52. ****,SINGLORA weights saved to ./checkpoints/singlora/ViT-B16/eurosat/4shots/seed1/adapter_weights.pt,,
DATA-0390,data/old_result/results_logs_singlora/singlora_eurosat_4shot_heads2_r4_a8.log,.log,252697,2025-07-27T11:11:38Z,BFCCD9FD6CCF3D4C199C67259FA25F2EA4582B3E74B7B973903A65546FB379BC,singlora,eurosat,4shot,,4,2,,,,,,,,read,5077,SINGLORA,88.67,42.16,**** Final test accuracy with SINGLORA: 88.67. ****,SINGLORA weights saved to ./checkpoints/singlora/ViT-B16/eurosat/4shots/seed1/adapter_weights.pt,,
DATA-0391,data/old_result/results_logs_singlora/singlora_eurosat_4shot_r4_a1.log,.log,252617,2025-07-27T09:27:14Z,7F247E34062CD18D1B8079D191780AFB468BD6BD2C5F304A14DB294F8E0C2FFE,singlora,eurosat,4shot,,4,,,,,,,,,read,5077,SINGLORA,88.31,42.16,**** Final test accuracy with SINGLORA: 88.31. ****,SINGLORA weights saved to ./checkpoints/singlora/ViT-B16/eurosat/4shots/seed1/adapter_weights.pt,,
DATA-0392,data/old_result/results_logs_singlora/singlora_fgvc_16shot.log,.log,628303,2025-07-27T07:53:29Z,A31B1C4A39DE17D419EE669B980B8B9AF26AFF568F12F2912D6482971F695A84,singlora,fgvc,16shot,,,,,,,,,,,read,8681,SINGLORA,52.27,23.73,**** Final test accuracy with SINGLORA: 52.27. ****,SingLoRA weights saved to ./checkpoints/vitb16/fgvc/16shots/seed1/adapter_weights.pt,,
DATA-0393,data/old_result/results_logs_singlora/singlora_fgvc_16shot_heads4.log,.log,628729,2025-07-31T14:54:49Z,B762AE4D4A67B830A0F8DD4ECC9CC9CCA8BF757D06F1379506E7E9D617C6D9DB,singlora,fgvc,16shot,,,4,,,,,,,,read,8697,SINGLORA,56.14,23.73,**** Final test accuracy with SINGLORA: 56.14. ****,SINGLORA weights saved to ./checkpoints/singlora/ViT-B16/fgvc/16shots/seed1/adapter_weights.pt,,
DATA-0394,data/old_result/results_logs_singlora/singlora_fgvc_16shot_r4_a1.log,.log,628729,2025-07-31T13:35:58Z,B762AE4D4A67B830A0F8DD4ECC9CC9CCA8BF757D06F1379506E7E9D617C6D9DB,singlora,fgvc,16shot,,4,,,,,,,,,read,8697,SINGLORA,56.14,23.73,**** Final test accuracy with SINGLORA: 56.14. ****,SINGLORA weights saved to ./checkpoints/singlora/ViT-B16/fgvc/16shots/seed1/adapter_weights.pt,,
DATA-0395,data/old_result/results_logs_singlora/singlora_fgvc_1shot.log,.log,60058,2025-07-27T07:53:29Z,C8C1AB7E017B6F08F08FB987F7C34206510204684F6A37348D0D7488313262BA,singlora,fgvc,1shot,,,,,,,,,,,read,1041,SINGLORA,29.19,23.73,**** Final test accuracy with SINGLORA: 29.19. ****,SingLoRA weights saved to ./checkpoints/vitb16/fgvc/1shots/seed1/adapter_weights.pt,,
DATA-0396,data/old_result/results_logs_singlora/singlora_fgvc_1shot_r4_a1.log,.log,50591,2025-07-26T10:18:06Z,08E866757C480109B9671ACBF16881052BD57B2C4A66EF2901836311EF79E0C6,singlora,fgvc,1shot,,4,,,,,,,,,read,933,SINGLORA,30.12,23.73,**** Final test accuracy with SINGLORA: 30.12. ****,SINGLORA weights saved to ./checkpoints/singlora/ViT-B16/fgvc/1shots/seed1/adapter_weights.pt,,
DATA-0397,data/old_result/results_logs_singlora/singlora_fgvc_1shot_r4_a16.log,.log,50594,2025-07-26T10:23:57Z,9CDA28E22E45A33E75E9D460F72F4C2F05A7777DAE8AC821387FDDD6EC2142BB,singlora,fgvc,1shot,,4,,,,,,,,,read,933,SINGLORA,22.71,23.73,**** Final test accuracy with SINGLORA: 22.71. ****,SINGLORA weights saved to ./checkpoints/singlora/ViT-B16/fgvc/1shots/seed1/adapter_weights.pt,,
DATA-0398,data/old_result/results_logs_singlora/singlora_fgvc_1shot_r4_a2.log,.log,50591,2025-07-26T10:20:04Z,02DC5E26F91F87ABB01D866F2CFB45956A0D7B3BD5896A35AC09259F190BA73D,singlora,fgvc,1shot,,4,,,,,,,,,read,933,SINGLORA,29.82,23.73,**** Final test accuracy with SINGLORA: 29.82. ****,SINGLORA weights saved to ./checkpoints/singlora/ViT-B16/fgvc/1shots/seed1/adapter_weights.pt,,
DATA-0399,data/old_result/results_logs_singlora/singlora_fgvc_1shot_r4_a8.log,.log,50592,2025-07-26T10:22:00Z,E199C28915AD3247B8E16950CE04F2107BC34585B8030727479DD838991B1F65,singlora,fgvc,1shot,,4,,,,,,,,,read,933,SINGLORA,25.71,23.73,**** Final test accuracy with SINGLORA: 25.71. ****,SINGLORA weights saved to ./checkpoints/singlora/ViT-B16/fgvc/1shots/seed1/adapter_weights.pt,,
DATA-0400,data/old_result/results_logs_singlora/singlora_fgvc_4shot.log,.log,178233,2025-07-27T07:53:29Z,E010E138C134EDF24BACB3089EC294A5D653418783991D550EA134A1E62CED8A,singlora,fgvc,4shot,,,,,,,,,,,read,2657,SINGLORA,38.49,23.73,**** Final test accuracy with SINGLORA: 38.49. ****,SingLoRA weights saved to ./checkpoints/vitb16/fgvc/4shots/seed1/adapter_weights.pt,,
DATA-0401,data/old_result/results_logs_singlora/singlora_fgvc_4shot_heads2_r4_a2.log,.log,165893,2025-07-27T10:45:46Z,D95A469250E12F4D7F2D185D19E8DB32F868DDF76DEF1E6F0571C399DAC76932,singlora,fgvc,4shot,,4,2,,,,,,,,read,2520,SINGLORA,36.78,23.73,**** Final test accuracy with SINGLORA: 36.78. ****,SINGLORA weights saved to ./checkpoints/singlora/ViT-B16/fgvc/4shots/seed1/adapter_weights.pt,,
DATA-0402,data/old_result/results_logs_singlora/singlora_fgvc_4shot_heads2_r4_a8.log,.log,165893,2025-07-27T10:50:38Z,83C8CD893117E053280277CB51DDCA6C40B2EABDEF41E2A690E4F368DFE164B4,singlora,fgvc,4shot,,4,2,,,,,,,,read,2520,SINGLORA,35.82,23.73,**** Final test accuracy with SINGLORA: 35.82. ****,SINGLORA weights saved to ./checkpoints/singlora/ViT-B16/fgvc/4shots/seed1/adapter_weights.pt,,
DATA-0403,data/old_result/results_logs_singlora/singlora_fgvc_4shot_r4_a1.log,.log,165893,2025-07-27T09:16:39Z,7B1957E8CD2FF1CCACE26985D7DFBFA2241CFEB58C7896A91A6B42BFC052F570,singlora,fgvc,4shot,,4,,,,,,,,,read,2520,SINGLORA,38.13,23.73,**** Final test accuracy with SINGLORA: 38.13. ****,SINGLORA weights saved to ./checkpoints/singlora/ViT-B16/fgvc/4shots/seed1/adapter_weights.pt,,
DATA-0404,data/old_result/results_logs_singlora/singlora_food101_16shot.log,.log,633607,2025-07-27T07:53:29Z,577DAC89669F026B6B415844BE33B11709749024185A4202F19DAA385F83134F,singlora,food101,16shot,,,,,,,,,,,read,8775,SINGLORA,85.24,85.26,**** Final test accuracy with SINGLORA: 85.24. ****,SingLoRA weights saved to ./checkpoints/vitb16/food101/16shots/seed1/adapter_weights.pt,,
DATA-0405,data/old_result/results_logs_singlora/singlora_food101_16shot_r4_a1.log,.log,621456,2025-07-31T14:55:00Z,93FD9FE44778A1B546541F16B0847CB7149D75B94A92F5656C1F134C43E8AF05,singlora,food101,16shot,,4,,,,,,,,,read,8641,SINGLORA,85.09,85.26,**** Final test accuracy with SINGLORA: 85.09. ****,SINGLORA weights saved to ./checkpoints/singlora/ViT-B16/food101/16shots/seed1/adapter_weights.pt,,
DATA-0406,data/old_result/results_logs_singlora/singlora_food101_1shot.log,.log,66431,2025-07-27T07:53:29Z,31E23DBEFD93276A329DF305A2FD67F3B5F73CC3924ECD1622EDD4CD05A8C380,singlora,food101,1shot,,,,,,,,,,,read,1147,SINGLORA,85.60,85.26,**** Final test accuracy with SINGLORA: 85.60. ****,SingLoRA weights saved to ./checkpoints/vitb16/food101/1shots/seed1/adapter_weights.pt,,
DATA-0407,data/old_result/results_logs_singlora/singlora_food101_1shot_r4_a1.log,.log,56964,2025-07-26T09:57:54Z,A726CE488E163112C353E1575E71AF1AD21696FF1320D9FCE62BF24EEDAE077A,singlora,food101,1shot,,4,,,,,,,,,read,1039,SINGLORA,85.03,85.26,**** Final test accuracy with SINGLORA: 85.03. ****,SINGLORA weights saved to ./checkpoints/singlora/ViT-B16/food101/1shots/seed1/adapter_weights.pt,,
DATA-0408,data/old_result/results_logs_singlora/singlora_food101_1shot_r4_a16.log,.log,56992,2025-07-26T10:04:12Z,41B06A43AD871B0A5D14CDF5D7A7141911FBF67B19425E2369481F080ACFD37F,singlora,food101,1shot,,4,,,,,,,,,read,1039,SINGLORA,78.94,85.26,**** Final test accuracy with SINGLORA: 78.94. ****,SINGLORA weights saved to ./checkpoints/singlora/ViT-B16/food101/1shots/seed1/adapter_weights.pt,,
DATA-0409,data/old_result/results_logs_singlora/singlora_food101_1shot_r4_a2.log,.log,56966,2025-07-26T10:00:00Z,D1C33E521C1176CE9C34F94A2F4D795D5797CC49475A355353B648807B5C72E2,singlora,food101,1shot,,4,,,,,,,,,read,1039,SINGLORA,84.49,85.26,**** Final test accuracy with SINGLORA: 84.49. ****,SINGLORA weights saved to ./checkpoints/singlora/ViT-B16/food101/1shots/seed1/adapter_weights.pt,,
DATA-0410,data/old_result/results_logs_singlora/singlora_food101_1shot_r4_a8.log,.log,56979,2025-07-26T10:02:06Z,C555EAAF9545A25D89489F28A95992B80DE8BCD8DC03C1658CA51CED23273EE7,singlora,food101,1shot,,4,,,,,,,,,read,1039,SINGLORA,81.53,85.26,**** Final test accuracy with SINGLORA: 81.53. ****,SINGLORA weights saved to ./checkpoints/singlora/ViT-B16/food101/1shots/seed1/adapter_weights.pt,,
DATA-0411,data/old_result/results_logs_singlora/singlora_food101_4shot.log,.log,184606,2025-07-27T07:53:29Z,92E5D5BEC62A1ACA6D1D1FE7CB1CBCC006F8D8DE032C3AC42AAE71EDD76A37FD,singlora,food101,4shot,,,,,,,,,,,read,2763,SINGLORA,84.43,85.26,**** Final test accuracy with SINGLORA: 84.43. ****,SingLoRA weights saved to ./checkpoints/vitb16/food101/4shots/seed1/adapter_weights.pt,,
DATA-0412,data/old_result/results_logs_singlora/singlora_food101_4shot_heads2_r4_a2.log,.log,172266,2025-07-27T11:24:47Z,B710681F3EE67E14AD56F192F19F1F63C426080403DC2FE2637CCC5045E1791E,singlora,food101,4shot,,4,2,,,,,,,,read,2626,SINGLORA,82.98,85.26,**** Final test accuracy with SINGLORA: 82.98. ****,SINGLORA weights saved to ./checkpoints/singlora/ViT-B16/food101/4shots/seed1/adapter_weights.pt,,
DATA-0413,data/old_result/results_logs_singlora/singlora_food101_4shot_heads2_r4_a8.log,.log,172266,2025-07-27T11:29:42Z,0BAF225C1DBC0D3C14BD46C1511E3C0A4C11A8652F807E1B4FCC131BC4B7134A,singlora,food101,4shot,,4,2,,,,,,,,read,2626,SINGLORA,80.40,85.26,**** Final test accuracy with SINGLORA: 80.40. ****,SINGLORA weights saved to ./checkpoints/singlora/ViT-B16/food101/4shots/seed1/adapter_weights.pt,,
DATA-0414,data/old_result/results_logs_singlora/singlora_food101_4shot_r4_a1.log,.log,172266,2025-07-27T09:36:17Z,39DC8CFC6EEEEE42E193F732052FD4061CD49212BE96EC01E80169822AF1A08E,singlora,food101,4shot,,4,,,,,,,,,read,2626,SINGLORA,84.06,85.26,**** Final test accuracy with SINGLORA: 84.06. ****,SINGLORA weights saved to ./checkpoints/singlora/ViT-B16/food101/4shots/seed1/adapter_weights.pt,,
DATA-0415,data/old_result/results_logs_singlora/singlora_oxford_flowers_16shot.log,.log,627069,2025-07-27T07:53:29Z,FDBEDA5D83E5383365C3996F6204307ADD67415E5FFF0825E02E85F578C61988,singlora,oxford_flowers,16shot,,,,,,,,,,,read,8666,SINGLORA,98.05,67.40,**** Final test accuracy with SINGLORA: 98.05. ****,SingLoRA weights saved to ./checkpoints/vitb16/oxford_flowers/16shots/seed1/adapter_weights.pt,,
DATA-0416,data/old_result/results_logs_singlora/singlora_oxford_flowers_16shot_r4_a1.log,.log,627496,2025-07-31T14:55:34Z,90E238A430D599EC278F4D707D0952EA34C0BC9F2AF2364D297F07B6D6D215FA,singlora,oxford_flowers,16shot,,4,,,,,,,,,read,8682,SINGLORA,98.13,67.40,**** Final test accuracy with SINGLORA: 98.13. ****,SINGLORA weights saved to ./checkpoints/singlora/ViT-B16/oxford_flowers/16shots/seed1/adapter_weights.pt,,
DATA-0417,data/old_result/results_logs_singlora/singlora_oxford_flowers_1shot.log,.log,59894,2025-07-27T07:53:29Z,C317F31D799440910702A5AD1244583BAF74AE28D1D5A67DB13E32D955BF95A3,singlora,oxford_flowers,1shot,,,,,,,,,,,read,1038,SINGLORA,81.20,67.40,**** Final test accuracy with SINGLORA: 81.20. ****,SingLoRA weights saved to ./checkpoints/vitb16/oxford_flowers/1shots/seed1/adapter_weights.pt,,
DATA-0418,data/old_result/results_logs_singlora/singlora_oxford_flowers_1shot_r4_a1.log,.log,50427,2025-07-26T10:05:58Z,EAE05241EAF18B8EF1E41A3D457575CC9896AE23827D77010A9A536D6A82AF9F,singlora,oxford_flowers,1shot,,4,,,,,,,,,read,930,SINGLORA,82.62,67.40,**** Final test accuracy with SINGLORA: 82.62. ****,SINGLORA weights saved to ./checkpoints/singlora/ViT-B16/oxford_flowers/1shots/seed1/adapter_weights.pt,,
DATA-0419,data/old_result/results_logs_singlora/singlora_oxford_flowers_1shot_r4_a16.log,.log,50462,2025-07-26T10:10:30Z,D73E60FF3B29D5CD6FEFB8AB150AA18FB87AA7D0F78E05CCC6941B220E3A9BC9,singlora,oxford_flowers,1shot,,4,,,,,,,,,read,930,SINGLORA,83.15,67.40,**** Final test accuracy with SINGLORA: 83.15. ****,SINGLORA weights saved to ./checkpoints/singlora/ViT-B16/oxford_flowers/1shots/seed1/adapter_weights.pt,,
DATA-0420,data/old_result/results_logs_singlora/singlora_oxford_flowers_1shot_r4_a2.log,.log,50428,2025-07-26T10:07:28Z,6E7DB84ED9606805C274B2874A968741B975434D6CE4602998971D6F546D29B5,singlora,oxford_flowers,1shot,,4,,,,,,,,,read,930,SINGLORA,83.96,67.40,**** Final test accuracy with SINGLORA: 83.96. ****,SINGLORA weights saved to ./checkpoints/singlora/ViT-B16/oxford_flowers/1shots/seed1/adapter_weights.pt,,
DATA-0421,data/old_result/results_logs_singlora/singlora_oxford_flowers_1shot_r4_a8.log,.log,50449,2025-07-26T10:08:59Z,0CDAF109616F9BB5CA56A53FBC62FC8177F289364FE261DC6A09806E3400B30F,singlora,oxford_flowers,1shot,,4,,,,,,,,,read,930,SINGLORA,84.25,67.40,**** Final test accuracy with SINGLORA: 84.25. ****,SINGLORA weights saved to ./checkpoints/singlora/ViT-B16/oxford_flowers/1shots/seed1/adapter_weights.pt,,
DATA-0422,data/old_result/results_logs_singlora/singlora_oxford_flowers_4shot.log,.log,178069,2025-07-27T07:53:29Z,47E257109F3B116BD5702E2AA9F97215283B9171BBDE24A071D9A1E78A0B73D7,singlora,oxford_flowers,4shot,,,,,,,,,,,read,2654,SINGLORA,93.79,67.40,**** Final test accuracy with SINGLORA: 93.79. ****,SingLoRA weights saved to ./checkpoints/vitb16/oxford_flowers/4shots/seed1/adapter_weights.pt,,
DATA-0423,data/old_result/results_logs_singlora/singlora_oxford_flowers_4shot_heads2_r4_a2.log,.log,165980,2025-07-27T11:34:05Z,B479CD96FF834D465368CDF411C59EB3C620D797840D2BD11246E26953C4CE59,singlora,oxford_flowers,4shot,,4,2,,,,,,,,read,2520,SINGLORA,94.03,67.40,**** Final test accuracy with SINGLORA: 94.03. ****,SINGLORA weights saved to ./checkpoints/singlora/ViT-B16/oxford_flowers/4shots/seed1/adapter_weights.pt,,
DATA-0424,data/old_result/results_logs_singlora/singlora_oxford_flowers_4shot_heads2_r4_a8.log,.log,165980,2025-07-27T11:38:24Z,B5C22E3EBEBAB9FFCC4C6EF3FF2E88D8309C4BDFE835C43046241681BC0F92E1,singlora,oxford_flowers,4shot,,4,2,,,,,,,,read,2520,SINGLORA,94.36,67.40,**** Final test accuracy with SINGLORA: 94.36. ****,SINGLORA weights saved to ./checkpoints/singlora/ViT-B16/oxford_flowers/4shots/seed1/adapter_weights.pt,,
DATA-0425,data/old_result/results_logs_singlora/singlora_oxford_flowers_4shot_r4_a1.log,.log,165980,2025-07-27T09:40:40Z,CBA831F64036E37FEF1F40CE0581A8495809984EEA366E19BB1BF177E056D345,singlora,oxford_flowers,4shot,,4,,,,,,,,,read,2520,SINGLORA,93.26,67.40,**** Final test accuracy with SINGLORA: 93.26. ****,SINGLORA weights saved to ./checkpoints/singlora/ViT-B16/oxford_flowers/4shots/seed1/adapter_weights.pt,,
DATA-0426,data/old_result/results_logs_singlora/singlora_oxford_pets_16shot.log,.log,675528,2025-07-27T07:53:29Z,5E3556FAA05FA370FFB0FFA2F938790950727BEAD0DAD7F8D5FADEEF279921BA,singlora,oxford_pets,16shot,,,,,,,,,,,read,9731,SINGLORA,92.72,88.20,**** Final test accuracy with SINGLORA: 92.72. ****,SingLoRA weights saved to ./checkpoints/vitb16/oxford_pets/16shots/seed1/adapter_weights.pt,,
DATA-0427,data/old_result/results_logs_singlora/singlora_oxford_pets_16shot_r4_a1.log,.log,402920,2025-07-31T15:26:59Z,ED29C88948C1A72BD614F5F54A27DF1E6AAF17CEA13373E03F5A49DE98C4EC5C,singlora,oxford_pets,16shot,,4,,,,,,,,,read,6111,SINGLORA,92.64,88.20,**** Final test accuracy with SINGLORA: 92.64. ****,SINGLORA weights saved to ./checkpoints/singlora/ViT-B16/oxford_pets/16shots/seed1/adapter_weights.pt,,
DATA-0428,data/old_result/results_logs_singlora/singlora_oxford_pets_1shot.log,.log,82902,2025-07-27T07:53:29Z,A94AAF6C6A64E423AA9A416601E5E8301D1CC996F9F8561B7A567E0FB34875D8,singlora,oxford_pets,1shot,,,,,,,,,,,read,1543,SINGLORA,92.64,88.20,**** Final test accuracy with SINGLORA: 92.64. ****,SingLoRA weights saved to ./checkpoints/vitb16/oxford_pets/1shots/seed1/adapter_weights.pt,,
DATA-0429,data/old_result/results_logs_singlora/singlora_oxford_pets_1shot_r4_a1.log,.log,63472,2025-07-26T10:32:23Z,509A3842BE90016781F2682DD6E345473A433CFC44E1F74BBDDC577F80C86CAE,singlora,oxford_pets,1shot,,4,,,,,,,,,read,1310,SINGLORA,92.70,88.20,**** Final test accuracy with SINGLORA: 92.70. ****,SINGLORA weights saved to ./checkpoints/singlora/ViT-B16/oxford_pets/1shots/seed1/adapter_weights.pt,,
DATA-0430,data/old_result/results_logs_singlora/singlora_oxford_pets_1shot_r4_a16.log,.log,63574,2025-07-26T10:39:51Z,8242F824CD6A2A13BD1DBF13D16DB48A4EC22F69EE273B620CB24C7F459B5FD3,singlora,oxford_pets,1shot,,4,,,,,,,,,read,1310,SINGLORA,84.90,88.20,**** Final test accuracy with SINGLORA: 84.90. ****,SINGLORA weights saved to ./checkpoints/singlora/ViT-B16/oxford_pets/1shots/seed1/adapter_weights.pt,,
DATA-0431,data/old_result/results_logs_singlora/singlora_oxford_pets_1shot_r4_a2.log,.log,63494,2025-07-26T10:34:14Z,473EBFEB3AF119897F2321C66D995429C7B839B8B3DD951AFA0BE4B87B88CD55,singlora,oxford_pets,1shot,,4,,,,,,,,,read,1310,SINGLORA,91.82,88.20,**** Final test accuracy with SINGLORA: 91.82. ****,SINGLORA weights saved to ./checkpoints/singlora/ViT-B16/oxford_pets/1shots/seed1/adapter_weights.pt,,
DATA-0432,data/old_result/results_logs_singlora/singlora_oxford_pets_1shot_r4_a8.log,.log,63553,2025-07-26T10:36:08Z,1D68ABAA2E4FD1F95687DA51F2F59E236E75A287DAD83DCB7766513A7107B7E7,singlora,oxford_pets,1shot,,4,,,,,,,,,read,1310,SINGLORA,88.17,88.20,**** Final test accuracy with SINGLORA: 88.17. ****,SINGLORA weights saved to ./checkpoints/singlora/ViT-B16/oxford_pets/1shots/seed1/adapter_weights.pt,,
DATA-0433,data/old_result/results_logs_singlora/singlora_oxford_pets_4shot.log,.log,219756,2025-07-27T07:53:29Z,79743ACA00DD972D5B88590F4870E4262080C2A08A49EF48F14760E8A09C0E1C,singlora,oxford_pets,4shot,,,,,,,,,,,read,3643,SINGLORA,91.91,88.20,**** Final test accuracy with SINGLORA: 91.91. ****,SingLoRA weights saved to ./checkpoints/vitb16/oxford_pets/4shots/seed1/adapter_weights.pt,,
DATA-0434,data/old_result/results_logs_singlora/singlora_oxford_pets_4shot_heads2_r4_a2.log,.log,161555,2025-07-27T11:51:40Z,3D7934592A347808D34A7FE3FAFA02645F3F9B222639496C370EA074F1DCB0A5,singlora,oxford_pets,4shot,,4,2,,,,,,,,read,2861,SINGLORA,90.46,88.20,**** Final test accuracy with SINGLORA: 90.46. ****,SINGLORA weights saved to ./checkpoints/singlora/ViT-B16/oxford_pets/4shots/seed1/adapter_weights.pt,,
DATA-0435,data/old_result/results_logs_singlora/singlora_oxford_pets_4shot_heads2_r4_a8.log,.log,161554,2025-07-27T11:56:27Z,CA8A0E2482D6B1BB2BF3BC6F55AC5A71FCBF3F759FAB8405A266306CEFFF6DDA,singlora,oxford_pets,4shot,,4,2,,,,,,,,read,2860,SINGLORA,86.45,88.20,**** Final test accuracy with SINGLORA: 86.45. ****,SINGLORA weights saved to ./checkpoints/singlora/ViT-B16/oxford_pets/4shots/seed1/adapter_weights.pt,,
DATA-0436,data/old_result/results_logs_singlora/singlora_oxford_pets_4shot_r4_a1.log,.log,161419,2025-07-27T09:49:42Z,F107ED70246ED585017D765570BD5E517A91AA2EA8034B71659AA226062B027E,singlora,oxford_pets,4shot,,4,,,,,,,,,read,2859,SINGLORA,91.66,88.20,**** Final test accuracy with SINGLORA: 91.66. ****,SINGLORA weights saved to ./checkpoints/singlora/ViT-B16/oxford_pets/4shots/seed1/adapter_weights.pt,,
DATA-0437,data/old_result/results_logs_singlora/singlora_ucf101_16shot.log,.log,627419,2025-07-27T07:53:29Z,D82FD84837DEDF1B1DD8238ECFF8FAF695C4266AF826BA3D2803ECB633E38D5B,singlora,ucf101,16shot,,,,,,,,,,,read,8672,SINGLORA,86.28,65.21,**** Final test accuracy with SINGLORA: 86.28. ****,SingLoRA weights saved to ./checkpoints/vitb16/ucf101/16shots/seed1/adapter_weights.pt,,
DATA-0438,data/old_result/results_logs_singlora/singlora_ucf101_16shot_r4_a1.log,.log,615185,2025-07-31T15:16:57Z,222663C7966D8E7C517ED41B2D4B7720284118F0E925F2BEED1608D70C48E24E,singlora,ucf101,16shot,,4,,,,,,,,,read,8537,SINGLORA,86.44,65.21,**** Final test accuracy with SINGLORA: 86.44. ****,SINGLORA weights saved to ./checkpoints/singlora/ViT-B16/ucf101/16shots/seed1/adapter_weights.pt,,
DATA-0439,data/old_result/results_logs_singlora/singlora_ucf101_1shot.log,.log,60244,2025-07-27T07:53:29Z,7645BF28E42CE3E90DA28B750CE3CFCAFCD09878DAE52BBD9083418D561F2F24,singlora,ucf101,1shot,,,,,,,,,,,read,1044,SINGLORA,75.81,65.21,**** Final test accuracy with SINGLORA: 75.81. ****,SingLoRA weights saved to ./checkpoints/vitb16/ucf101/1shots/seed1/adapter_weights.pt,,
DATA-0440,data/old_result/results_logs_singlora/singlora_ucf101_1shot_r4_a1.log,.log,50855,2025-07-26T10:11:55Z,4E4F672764E907469367F5740751DF788AFB1964C5F1591D64B7C2F7FB67B1B5,singlora,ucf101,1shot,,4,,,,,,,,,read,937,SINGLORA,76.58,65.21,**** Final test accuracy with SINGLORA: 76.58. ****,SINGLORA weights saved to ./checkpoints/singlora/ViT-B16/ucf101/1shots/seed1/adapter_weights.pt,,
DATA-0441,data/old_result/results_logs_singlora/singlora_ucf101_1shot_r4_a16.log,.log,50859,2025-07-26T10:16:09Z,55B9AD0AC04624A6C4DA638A9320F727772C38F60F503F64A92A7E8DB9A97DD6,singlora,ucf101,1shot,,4,,,,,,,,,read,937,SINGLORA,70.53,65.21,**** Final test accuracy with SINGLORA: 70.53. ****,SINGLORA weights saved to ./checkpoints/singlora/ViT-B16/ucf101/1shots/seed1/adapter_weights.pt,,
DATA-0442,data/old_result/results_logs_singlora/singlora_ucf101_1shot_r4_a2.log,.log,50855,2025-07-26T10:13:19Z,D617A1CD99231D67A1F9F9CE5F78D712A68B0679F77333EEAE54DD3C9189E41A,singlora,ucf101,1shot,,4,,,,,,,,,read,937,SINGLORA,76.26,65.21,**** Final test accuracy with SINGLORA: 76.26. ****,SINGLORA weights saved to ./checkpoints/singlora/ViT-B16/ucf101/1shots/seed1/adapter_weights.pt,,
DATA-0443,data/old_result/results_logs_singlora/singlora_ucf101_1shot_r4_a8.log,.log,50855,2025-07-26T10:14:44Z,E61A3762C95D363CDCCB8C57F5F526948CC48BDCAB1400F1BF9AC014559161E7,singlora,ucf101,1shot,,4,,,,,,,,,read,937,SINGLORA,72.77,65.21,**** Final test accuracy with SINGLORA: 72.77. ****,SINGLORA weights saved to ./checkpoints/singlora/ViT-B16/ucf101/1shots/seed1/adapter_weights.pt,,
DATA-0444,data/old_result/results_logs_singlora/singlora_ucf101_4shot.log,.log,178419,2025-07-27T07:53:29Z,F89DA3F03C818E107FBF78D51C39D47CD4FC9EAD8B974C3D1E900D162B532A72,singlora,ucf101,4shot,,,,,,,,,,,read,2660,SINGLORA,81.15,65.21,**** Final test accuracy with SINGLORA: 81.15. ****,SingLoRA weights saved to ./checkpoints/vitb16/ucf101/4shots/seed1/adapter_weights.pt,,
DATA-0445,data/old_result/results_logs_singlora/singlora_ucf101_4shot_heads2_r4_a2.log,.log,166079,2025-07-27T11:42:37Z,00689CC6870AC502CA270C49B723B7E2115634C92C208EE509FC474B20E5CFC1,singlora,ucf101,4shot,,4,2,,,,,,,,read,2523,SINGLORA,80.04,65.21,**** Final test accuracy with SINGLORA: 80.04. ****,SINGLORA weights saved to ./checkpoints/singlora/ViT-B16/ucf101/4shots/seed1/adapter_weights.pt,,
DATA-0446,data/old_result/results_logs_singlora/singlora_ucf101_4shot_heads2_r4_a8.log,.log,166079,2025-07-27T11:46:50Z,17DFED71B32C28D86D40DB7C119FD951DCAC6EA03D0ECF8822A12492E8358D4D,singlora,ucf101,4shot,,4,2,,,,,,,,read,2523,SINGLORA,77.29,65.21,**** Final test accuracy with SINGLORA: 77.29. ****,SINGLORA weights saved to ./checkpoints/singlora/ViT-B16/ucf101/4shots/seed1/adapter_weights.pt,,
DATA-0447,data/old_result/results_logs_singlora/singlora_ucf101_4shot_r4_a1.log,.log,166079,2025-07-27T09:44:53Z,769B564E7B04DFC83FC8B57CCFD07AD8169CB7146061F03E921AB73212AF515E,singlora,ucf101,4shot,,4,,,,,,,,,read,2523,SINGLORA,80.49,65.21,**** Final test accuracy with SINGLORA: 80.49. ****,SINGLORA weights saved to ./checkpoints/singlora/ViT-B16/ucf101/4shots/seed1/adapter_weights.pt,,
DATA-0448,data/overview.drawio,.drawio,10298227,2026-01-09T17:15:59Z,F59F1C4B8B6651C06EB2389EEA8F5C7E7BC0BA72B82248C5AA99BE77B3056DB2,,,,,,,,,,,,,,,,,,,,,,
DATA-0449,data/result_new/log16lora.zip,.zip,306594,2025-09-26T10:45:04Z,32EFEB3B68DA7E415B1B4492C6EBF626F914FE472A160EA7F6BD0583000E8059,lora,,,,,,,,,,,,,,,,,,,,,
DATA-0450,data/result_new/log16ohsinglora.zip,.zip,405997,2025-09-26T10:45:09Z,592B146695C1C544212628B71F9A11DDBD3646801EFDCA0F30D8C6E58945DE2A,ohsinglora,,,,,,,,,,,,,,,,,,,,,
DATA-0451,data/result_new/log_gmhsinglora_1309.zip,.zip,63277,2025-09-13T09:22:40Z,8921BD6A1183E41A5DDAC25DAFD0EEBC11151D0169261591C1379BA77E8106D9,gmhsinglora,,,,,,,,,,,,,,,,,,,,,
DATA-0452,data/result_new/log_gmhsinglora_1309_4shot.zip,.zip,139002,2025-09-13T12:50:36Z,7E85A16DF6B433C1B0F69F9099F34F233906F668CDECE4B9D3C6571779269256,gmhsinglora,,4shot,,,,,,,,,,,,,,,,,,,
DATA-0453,data/result_new/log_lora1309.zip,.zip,140425,2025-09-13T15:33:43Z,FE856317B2F4D63B85CEA33B5BCB8AB20168DF2F78418C3FCC96A2D504CAEEDD,lora,,,,,,,,,,,,,,,,,,,,,
DATA-0454,data/result_new/log_ohsinglora_0.003_1309.zip,.zip,66497,2025-09-13T11:17:37Z,7BDCBA16F9666EF5366525932CFA3CCF54E345C1F41D003047A4885863582544,ohsinglora,,,,,,,,,,,,,,,,,,,,,
DATA-0455,data/result_new/log_ohsinglora_1309_0.01.zip,.zip,90462,2025-09-13T12:55:50Z,65373811A05357AF3105A73530640F916582A2560695186731FCD11EEF2024E4,ohsinglora,,,,,,,,,,,,,,,,,,,,,
DATA-0456,data/result_new/log_singlora1309.zip,.zip,204194,2025-09-13T14:58:36Z,EB454CEE9537377E521EFB1F4B7E0786853393BECFBA818AE8E598E4AE7467EA,singlora,,,,,,,,,,,,,,,,,,,,,
DATA-0457,data/result_new/results_logs_check_lora/lora_caltech101_16shot.log,.log,379383,2025-09-26T09:12:01Z,D1F70E7EABA6406CB89B8A61AADF74F36F375CC62CBEC39A156737139E6A57AF,lora,caltech101,16shot,,,101,,,,,,,,read,5382,LORA,96.31,93.31,**** Final test accuracy with LORA: 96.31. ****,LoRA weights saved to ./checkpoints/vitb16/caltech101/16shots/seed1/adapter_weights.pt,,
DATA-0458,data/result_new/results_logs_check_lora/lora_caltech101_1shot.log,.log,77727,2025-09-13T13:32:51Z,C070787D3804B87C19EDAFC70514B1442444F4564DAD71FFB5340361F7AAC173,lora,caltech101,1shot,,,101,,,,,,,,read,1322,LORA,93.67,93.31,**** Final test accuracy with LORA: 93.67. ****,LoRA weights saved to ./checkpoints/vitb16/caltech101/1shots/seed1/adapter_weights.pt,,
DATA-0459,data/result_new/results_logs_check_lora/lora_caltech101_4shot.log,.log,197352,2025-09-13T15:32:00Z,B0F7E30304AEDEE5FBE750EBAC989E39E1FEBFC8C7CE3457719F1A480339CDC8,lora,caltech101,4shot,,,101,,,,,,,,read,2938,LORA,95.58,93.31,**** Final test accuracy with LORA: 95.58. ****,LoRA weights saved to ./checkpoints/vitb16/caltech101/4shots/seed1/adapter_weights.pt,,
DATA-0460,data/result_new/results_logs_check_lora/lora_dtd_16shot.log,.log,424963,2025-09-26T08:35:32Z,C248C19C9E502CCC85BD19E9574C9AF7400FFE26A67518E6E404714B6B3FDA16,lora,dtd,16shot,,,,,,,,,,,read,6190,LORA,72.28,44.39,**** Final test accuracy with LORA: 72.28. ****,LoRA weights saved to ./checkpoints/vitb16/dtd/16shots/seed1/adapter_weights.pt,,
DATA-0461,data/result_new/results_logs_check_lora/lora_dtd_1shot.log,.log,106664,2025-09-13T13:26:14Z,FE3EDD82F97349B6E79CE9E079C27FE28E3BCAA1A3825E59B80F5987644E1643,lora,dtd,1shot,,,,,,,,,,,read,1819,LORA,54.61,44.39,**** Final test accuracy with LORA: 54.61. ****,LoRA weights saved to ./checkpoints/vitb16/dtd/1shots/seed1/adapter_weights.pt,,
DATA-0462,data/result_new/results_logs_check_lora/lora_dtd_4shot.log,.log,236762,2025-09-13T15:13:39Z,F62BE5736E8CDA4A25F2BDF479991A4F0474F505334D5F2E5755B05EFC49D003,lora,dtd,4shot,,,,,,,,,,,read,3655,LORA,65.19,44.39,**** Final test accuracy with LORA: 65.19. ****,LoRA weights saved to ./checkpoints/vitb16/dtd/4shots/seed1/adapter_weights.pt,,
DATA-0463,data/result_new/results_logs_check_lora/lora_eurosat_16shot.log,.log,749304,2025-09-26T08:56:55Z,9C60D00B69F56FD39E3FB00093C3633B3A7672047A7432DA257FCDA529B7EC8A,lora,eurosat,16shot,,,,,,,,,,,read,11747,LORA,91.25,42.16,**** Final test accuracy with LORA: 91.25. ****,LoRA weights saved to ./checkpoints/vitb16/eurosat/16shots/seed1/adapter_weights.pt,,
DATA-0464,data/result_new/results_logs_check_lora/lora_eurosat_1shot.log,.log,166742,2025-09-13T13:30:22Z,1487BE4C79A15E4D8065381FC169CA99C6A210E23B3CCFAB4D138DEB0DBC5582,lora,eurosat,1shot,,,,,,,,,,,read,2844,LORA,72.88,42.16,**** Final test accuracy with LORA: 72.88. ****,LoRA weights saved to ./checkpoints/vitb16/eurosat/1shots/seed1/adapter_weights.pt,,
DATA-0465,data/result_new/results_logs_check_lora/lora_eurosat_4shot.log,.log,395150,2025-09-13T15:25:20Z,A55D3E3020D5ADACF4F6B8E4CE909702F2C055D7FB4822B8895E764A744EB705,lora,eurosat,4shot,,,,,,,,,,,read,6344,LORA,87.49,42.16,**** Final test accuracy with LORA: 87.49. ****,LoRA weights saved to ./checkpoints/vitb16/eurosat/4shots/seed1/adapter_weights.pt,,
DATA-0466,data/result_new/results_logs_check_lora/lora_fgvc_16shot.log,.log,521787,2025-09-26T08:18:14Z,8D6C158E0CCE05EA9C43F7B997FBD18CAAF9A904B131FB93A5AF3EE61A0ABB4A,lora,fgvc,16shot,,,,,,,,,,,read,7375,LORA,54.97,23.73,**** Final test accuracy with LORA: 54.97. ****,LoRA weights saved to ./checkpoints/vitb16/fgvc/16shots/seed1/adapter_weights.pt,,
DATA-0467,data/result_new/results_logs_check_lora/lora_fgvc_1shot.log,.log,77897,2025-09-13T13:22:54Z,1AA12633938EC3E96309D7A82E807724AA005159A20E6C1498BE7B87D98C97CA,lora,fgvc,1shot,,,,,,,,,,,read,1325,LORA,28.71,23.73,**** Final test accuracy with LORA: 28.71. ****,LoRA weights saved to ./checkpoints/vitb16/fgvc/1shots/seed1/adapter_weights.pt,,
DATA-0468,data/result_new/results_logs_check_lora/lora_fgvc_4shot.log,.log,197522,2025-09-13T15:06:00Z,A0FED8F61272A6CDA602AA74AD210F694F3D58145F10475660FD28E39CF460DE,lora,fgvc,4shot,,,,,,,,,,,read,2941,LORA,39.15,23.73,**** Final test accuracy with LORA: 39.15. ****,LoRA weights saved to ./checkpoints/vitb16/fgvc/4shots/seed1/adapter_weights.pt,,
DATA-0469,data/result_new/results_logs_check_lora/lora_food101_16shot.log,.log,419254,2025-09-26T09:29:49Z,6B5AFD21F1D99A810B905060B857321A4C262CBC8A2FBE29CACC4C05FC64EB95,lora,food101,16shot,,,,,,,,,,,read,5961,LORA,84.55,85.26,**** Final test accuracy with LORA: 84.55. ****,LoRA weights saved to ./checkpoints/vitb16/food101/16shots/seed1/adapter_weights.pt,,
DATA-0470,data/result_new/results_logs_check_lora/lora_food101_1shot.log,.log,84270,2025-09-13T13:36:12Z,28C15A211546F7A306981D0328070788FD8550D81F0DE28C9FD7DC857CE27F72,lora,food101,1shot,,,,,,,,,,,read,1431,LORA,85.08,85.26,**** Final test accuracy with LORA: 85.08. ****,LoRA weights saved to ./checkpoints/vitb16/food101/1shots/seed1/adapter_weights.pt,,
DATA-0471,data/result_new/results_logs_check_lora/lora_oxford_flowers_16shot.log,.log,411452,2025-09-26T09:45:43Z,8919AE8E2A3D32688E54F56D22467A7012F06F2E24F1024685D8A6FBAB2545B3,lora,oxford_flowers,16shot,,,,,,,,,,,read,5852,LORA,97.93,67.40,**** Final test accuracy with LORA: 97.93. ****,LoRA weights saved to ./checkpoints/vitb16/oxford_flowers/16shots/seed1/adapter_weights.pt,,
DATA-0472,data/result_new/results_logs_check_lora/lora_oxford_flowers_1shot.log,.log,77733,2025-09-13T13:38:43Z,EF8E826E52FA64363042D78617B3AEA32BAFC7871EE7CEB1CDE12AAE8DAD6E8C,lora,oxford_flowers,1shot,,,,,,,,,,,read,1322,LORA,83.35,67.40,**** Final test accuracy with LORA: 83.35. ****,LoRA weights saved to ./checkpoints/vitb16/oxford_flowers/1shots/seed1/adapter_weights.pt,,
DATA-0473,data/result_new/results_logs_check_lora/lora_oxford_pets_16shot.log,.log,440761,2025-09-26T10:18:57Z,687763634A90D94BF08F11325601A3BD27BD7BF77D261CE2D340D1DD44C56A2D,lora,oxford_pets,16shot,,,,,,,,,,,read,6486,LORA,92.53,88.20,**** Final test accuracy with LORA: 92.53. ****,LoRA weights saved to ./checkpoints/vitb16/oxford_pets/16shots/seed1/adapter_weights.pt,,
DATA-0474,data/result_new/results_logs_check_lora/lora_oxford_pets_1shot.log,.log,107014,2025-09-13T13:44:51Z,09C2AAD6879BBD03B00C4C4BB984F09F4683A685F6FC3D31177C64B9BA8B3E42,lora,oxford_pets,1shot,,,,,,,,,,,read,1827,LORA,91.52,88.20,**** Final test accuracy with LORA: 91.52. ****,LoRA weights saved to ./checkpoints/vitb16/oxford_pets/1shots/seed1/adapter_weights.pt,,
DATA-0475,data/result_new/results_logs_check_lora/lora_ucf101_16shot.log,.log,382239,2025-09-26T10:01:00Z,C8D750FDA6DD0599314EA731925741B6BBBC4EDC7366FB4CB68F96D4A5CC5392,lora,ucf101,16shot,,,,,,,,,,,read,5426,LORA,86.36,65.21,**** Final test accuracy with LORA: 86.36. ****,LoRA weights saved to ./checkpoints/vitb16/ucf101/16shots/seed1/adapter_weights.pt,,
DATA-0476,data/result_new/results_logs_check_lora/lora_ucf101_1shot.log,.log,78083,2025-09-13T13:41:13Z,C4AC248191D7E129A74D33298CDB814CD60FF4A681FBE77CA3C166D62D5D71EB,lora,ucf101,1shot,,,,,,,,,,,read,1328,LORA,76.29,65.21,**** Final test accuracy with LORA: 76.29. ****,LoRA weights saved to ./checkpoints/vitb16/ucf101/1shots/seed1/adapter_weights.pt,,
DATA-0477,data/result_new/results_logs_check_ohsinglora/ohsinglora_caltech101_16shot_lambda_o_0.03.log,.log,636502,2025-09-26T04:50:14Z,33090F266F819BC08CF737B47F85A561CA7DE7E23FB7DEF390E3D290A83A09C3,ohsinglora,caltech101,16shot,,,101,0.03,,,,,,,read,8680,OHSINGLORA,96.63,93.31,**** Final test accuracy with OHSINGLORA: 96.63. ****,OHSINGLORA weights saved to ./checkpoints/ohsinglora/ViT-B16/caltech101/16shots/seed1/adapter_weights.pt,,
DATA-0478,data/result_new/results_logs_check_ohsinglora/ohsinglora_caltech101_1shot.log,.log,66051,2025-09-13T10:51:44Z,7D18C365AD56069D9FB2F85F4436091D084CA7D8BE5CC458699D9E82608C5B31,ohsinglora,caltech101,1shot,,,101,,,,,,,,read,1038,OHSINGLORA,94.24,93.31,**** Final test accuracy with OHSINGLORA: 94.24. ****,OHSINGLORA weights saved to ./checkpoints/ohsinglora/ViT-B16/caltech101/1shots/seed1/adapter_weights.pt,,
DATA-0479,data/result_new/results_logs_check_ohsinglora/ohsinglora_dtd_16shot_lambda_o_0.03.log,.log,676211,2025-09-26T03:49:51Z,AE263B55456F904AF38A10C2EF089634757FC5E437F5D34EFD4B7205BD0A6E6C,ohsinglora,dtd,16shot,,,,0.03,,,,,,,read,9373,OHSINGLORA,73.58,44.39,**** Final test accuracy with OHSINGLORA: 73.58. ****,OHSINGLORA weights saved to ./checkpoints/ohsinglora/ViT-B16/dtd/16shots/seed1/adapter_weights.pt,,
DATA-0480,data/result_new/results_logs_check_ohsinglora/ohsinglora_dtd_1shot.log,.log,94960,2025-09-13T10:41:32Z,74AD3489F1B4DCCBB34C98FBF9AE2FFEB5573CA22A66AD7787F6B35FB338E09B,ohsinglora,dtd,1shot,,,,,,,,,,,read,1535,OHSINGLORA,54.91,44.39,**** Final test accuracy with OHSINGLORA: 54.91. ****,OHSINGLORA weights saved to ./checkpoints/ohsinglora/ViT-B16/dtd/1shots/seed1/adapter_weights.pt,,
DATA-0481,data/result_new/results_logs_check_ohsinglora/ohsinglora_eurosat_16shot_lambda_o_0.03.log,.log,959193,2025-09-26T04:23:08Z,D70C50E9DF5E46E684563D112C1AA2C43C97E6305D785FC605CEA67734B1C3EF,ohsinglora,eurosat,16shot,,,,0.03,,,,,,,read,14462,OHSINGLORA,91.75,42.16,**** Final test accuracy with OHSINGLORA: 91.75. ****,OHSINGLORA weights saved to ./checkpoints/ohsinglora/ViT-B16/eurosat/16shots/seed1/adapter_weights.pt,,
DATA-0482,data/result_new/results_logs_check_ohsinglora/ohsinglora_eurosat_1shot.log,.log,155016,2025-09-13T10:48:01Z,94853CE2B4435A72AD5A021F4717C109F506B61C54796781975298F45EBFCD94,ohsinglora,eurosat,1shot,,,,,,,,,,,read,2560,OHSINGLORA,72.77,42.16,**** Final test accuracy with OHSINGLORA: 72.77. ****,OHSINGLORA weights saved to ./checkpoints/ohsinglora/ViT-B16/eurosat/1shots/seed1/adapter_weights.pt,,
DATA-0483,data/result_new/results_logs_check_ohsinglora/ohsinglora_fgvc_16shot_lambda_o_0.03.log,.log,636672,2025-09-26T03:20:41Z,84830C2C508AA9BA0F8306B56C11CF37699CC0C10A406F0847B342137081A23D,ohsinglora,fgvc,16shot,,,,0.03,,,,,,,read,8683,OHSINGLORA,54.97,23.73,**** Final test accuracy with OHSINGLORA: 54.97. ****,OHSINGLORA weights saved to ./checkpoints/ohsinglora/ViT-B16/fgvc/16shots/seed1/adapter_weights.pt,,
DATA-0484,data/result_new/results_logs_check_ohsinglora/ohsinglora_fgvc_1shot.log,.log,66221,2025-09-13T10:36:51Z,0DFC25DCB5927C32FA4735C215EAA8C5D329CD697ECAD63F125B365845233171,ohsinglora,fgvc,1shot,,,,,,,,,,,read,1041,OHSINGLORA,29.73,23.73,**** Final test accuracy with OHSINGLORA: 29.73. ****,OHSINGLORA weights saved to ./checkpoints/ohsinglora/ViT-B16/fgvc/1shots/seed1/adapter_weights.pt,,
DATA-0485,data/result_new/results_logs_check_ohsinglora/ohsinglora_food101_16shot_lambda_o_0.03.log,.log,641826,2025-09-26T05:20:34Z,DD11FB8321BBCD073FFCC1E3AB6229324ACD4ED8B9704D5BAC27BF2B3B4D8A97,ohsinglora,food101,16shot,,,,0.03,,,,,,,read,8777,OHSINGLORA,85.08,85.26,**** Final test accuracy with OHSINGLORA: 85.08. ****,OHSINGLORA weights saved to ./checkpoints/ohsinglora/ViT-B16/food101/16shots/seed1/adapter_weights.pt,,
DATA-0486,data/result_new/results_logs_check_ohsinglora/ohsinglora_food101_1shot.log,.log,72594,2025-09-13T10:56:26Z,498FB5A806092DEE766EFCF55EE2C66210B38CB04AAB8AFA8A843DFF09701771,ohsinglora,food101,1shot,,,,,,,,,,,read,1147,OHSINGLORA,85.49,85.26,**** Final test accuracy with OHSINGLORA: 85.49. ****,OHSINGLORA weights saved to ./checkpoints/ohsinglora/ViT-B16/food101/1shots/seed1/adapter_weights.pt,,
DATA-0487,data/result_new/results_logs_check_ohsinglora/ohsinglora_oxford_flowers_16shot_lambda_o_0.03.log,.log,635289,2025-09-26T05:49:59Z,FF7C0DE61244FE3D27332AEF0039E5F7BB1422569379278E74A6A813A9A0EAAB,ohsinglora,oxford_flowers,16shot,,,,0.03,,,,,,,read,8668,OHSINGLORA,98.09,67.40,**** Final test accuracy with OHSINGLORA: 98.09. ****,OHSINGLORA weights saved to ./checkpoints/ohsinglora/ViT-B16/oxford_flowers/16shots/seed1/adapter_weights.pt,,
DATA-0488,data/result_new/results_logs_check_ohsinglora/ohsinglora_oxford_flowers_1shot.log,.log,66057,2025-09-13T11:00:18Z,9300F962237A9C350087C12B90EBD0F0532BFE552DC2BA1065991437E8FE2E8A,ohsinglora,oxford_flowers,1shot,,,,,,,,,,,read,1038,OHSINGLORA,82.79,67.40,**** Final test accuracy with OHSINGLORA: 82.79. ****,OHSINGLORA weights saved to ./checkpoints/ohsinglora/ViT-B16/oxford_flowers/1shots/seed1/adapter_weights.pt,,
DATA-0489,data/result_new/results_logs_check_ohsinglora/ohsinglora_oxford_pets_16shot_lambda_o_0.03.log,.log,696997,2025-09-26T06:47:51Z,31B940FB58BF7F6F723524823C3F8FE91D3C3CE6D94C2BA5C6481C03EC58288A,ohsinglora,oxford_pets,16shot,,,,0.03,,,,,,,read,9733,OHSINGLORA,92.91,88.20,**** Final test accuracy with OHSINGLORA: 92.91. ****,OHSINGLORA weights saved to ./checkpoints/ohsinglora/ViT-B16/oxford_pets/16shots/seed1/adapter_weights.pt,,
DATA-0490,data/result_new/results_logs_check_ohsinglora/ohsinglora_oxford_pets_1shot.log,.log,95314,2025-09-13T11:09:00Z,097ABCF15A0B8741CB31DCB766FA7DBC6C884F55FDAE0146EF95F17EB70E0ABF,ohsinglora,oxford_pets,1shot,,,,,,,,,,,read,1543,OHSINGLORA,92.34,88.20,**** Final test accuracy with OHSINGLORA: 92.34. ****,OHSINGLORA weights saved to ./checkpoints/ohsinglora/ViT-B16/oxford_pets/1shots/seed1/adapter_weights.pt,,
DATA-0491,data/result_new/results_logs_check_ohsinglora/ohsinglora_ucf101_16shot_lambda_o_0.03.log,.log,635639,2025-09-26T06:17:43Z,F6FEBAD6E41E52BDACC7FF0FE93477812B1B8EEBADA5858818DBE9BAF9647108,ohsinglora,ucf101,16shot,,,,0.03,,,,,,,read,8674,OHSINGLORA,85.70,65.21,**** Final test accuracy with OHSINGLORA: 85.70. ****,OHSINGLORA weights saved to ./checkpoints/ohsinglora/ViT-B16/ucf101/16shots/seed1/adapter_weights.pt,,
DATA-0492,data/result_new/results_logs_check_ohsinglora/ohsinglora_ucf101_1shot.log,.log,66407,2025-09-13T11:04:06Z,B4EF74B1C0F897C03500E297C12A627635FBA632333FC1C6B62315381582521F,ohsinglora,ucf101,1shot,,,,,,,,,,,read,1044,OHSINGLORA,75.60,65.21,**** Final test accuracy with OHSINGLORA: 75.60. ****,OHSINGLORA weights saved to ./checkpoints/ohsinglora/ViT-B16/ucf101/1shots/seed1/adapter_weights.pt,,
DATA-0493,data/result_scan_head/log_scan_numhead.zip,.zip,133381,2025-09-15T10:23:18Z,367B7756343C8956BA7447F6D210FC3875A68E4E8CC4D4BC77B42C37D0DFD858,,,,,,,,,,,,,,,,,,,,,,
DATA-0494,data/result_scan_head/log_scan_numhead2.zip,.zip,121203,2025-09-19T08:51:28Z,4652EF80E3EB0840869E2A32E76D53B167CC822C2B8D322595ECC8F7B7328C92,,,,,,2,,,,,,,,,,,,,,,,
DATA-0495,data/result_scan_head/rest_resutl.zip,.zip,86138,2025-10-08T16:41:32Z,9B67297D69EF79B48BCF1CE0577BC6856F447549D97691ADE6D6D0CCCD9F4FE9,,,,,,,,,,,,,,,,,,,,,,
DATA-0496,data/result_scan_head/result_scanhead.zip,.zip,426812,2025-10-02T10:38:39Z,B1B47F61DE20B73E0A9CF4CEA16AFC7C241755CD62DBF55D73A59931680E5B39,,,,,,,,,,,,,,,,,,,,,,
DATA-0497,data/result_scan_head/results_logs_scan_ohsinglora/ohsinglora_caltech101_16shot_R2_Head1.log,.log,636533,2025-12-12T13:13:09Z,BE3F0DD736FAA71BD205F8A07178D1803040DB96895D1B66B327D47F325C2B44,ohsinglora,caltech101,16shot,,2,101,,,,,,,,read,8689,OHSINGLORA,96.47,93.31,**** Final test accuracy with OHSINGLORA: 96.47. ****,OHSINGLORA weights saved to /root/checkpoints/caltech101/16shot/ohsinglora_R2_H1/ohsinglora/ViT-B16/caltech101/16shots/seed1/adapter_weights.pt,,
DATA-0498,data/result_scan_head/results_logs_scan_ohsinglora/ohsinglora_caltech101_16shot_R4_Head1.log,.log,636533,2025-12-12T13:13:09Z,5130DC88687F4898B34B492A7280FEF5124E0D5AD2289DB9FD7CBC7D273CF381,ohsinglora,caltech101,16shot,,4,101,,,,,,,,read,8689,OHSINGLORA,96.31,93.31,**** Final test accuracy with OHSINGLORA: 96.31. ****,OHSINGLORA weights saved to /root/checkpoints/caltech101/16shot/ohsinglora_R4_H1/ohsinglora/ViT-B16/caltech101/16shots/seed1/adapter_weights.pt,,
DATA-0499,data/result_scan_head/results_logs_scan_ohsinglora/ohsinglora_caltech101_16shot_R4_Head2.log,.log,636533,2025-12-12T13:13:09Z,0F9B0CCF1EB737A9D11F98C357BDD7CC2BFDE504AE503A486D81B263CB469C96,ohsinglora,caltech101,16shot,,4,101,,,,,,,,read,8689,OHSINGLORA,96.19,93.31,**** Final test accuracy with OHSINGLORA: 96.19. ****,OHSINGLORA weights saved to /root/checkpoints/caltech101/16shot/ohsinglora_R4_H2/ohsinglora/ViT-B16/caltech101/16shots/seed1/adapter_weights.pt,,
DATA-0500,data/result_scan_head/results_logs_scan_ohsinglora/ohsinglora_caltech101_16shot_R4_Head4.log,.log,636533,2025-12-12T13:13:09Z,D943237B3ECEFB46EE6CD43505AEA18513B0F5AC2CE27661E7DAB827F2567659,ohsinglora,caltech101,16shot,,4,101,,,,,,,,read,8689,OHSINGLORA,96.55,93.31,**** Final test accuracy with OHSINGLORA: 96.55. ****,OHSINGLORA weights saved to /root/checkpoints/caltech101/16shot/ohsinglora_R4_H4/ohsinglora/ViT-B16/caltech101/16shots/seed1/adapter_weights.pt,,
DATA-0501,data/result_scan_head/results_logs_scan_ohsinglora/ohsinglora_caltech101_1shot_r2_h1.log,.log,66051,2025-09-19T07:40:29Z,D46F24E17FB69F1FB179171B464F384CF208BF50443D896319DE5AD683EA9899,ohsinglora,caltech101,1shot,,2,101,,,,,,,,read,1038,OHSINGLORA,94.12,93.31,**** Final test accuracy with OHSINGLORA: 94.12. ****,OHSINGLORA weights saved to ./checkpoints/ohsinglora/ViT-B16/caltech101/1shots/seed1/adapter_weights.pt,,
DATA-0502,data/result_scan_head/results_logs_scan_ohsinglora/ohsinglora_caltech101_1shot_r2_h2.log,.log,66051,2025-09-19T07:43:48Z,6D03C24FF64F851128544B08853AD107E79477C5150DB677D43C6D423500B9C5,ohsinglora,caltech101,1shot,,2,101,,,,,,,,read,1038,OHSINGLORA,94.24,93.31,**** Final test accuracy with OHSINGLORA: 94.24. ****,OHSINGLORA weights saved to ./checkpoints/ohsinglora/ViT-B16/caltech101/1shots/seed1/adapter_weights.pt,,
DATA-0503,data/result_scan_head/results_logs_scan_ohsinglora/ohsinglora_caltech101_1shot_r4_h1.log,.log,66051,2025-09-19T07:46:46Z,554ACF982349EFD444A6CFB0061CF12D9AE811409376A58B8111DFB19346C42E,ohsinglora,caltech101,1shot,,4,101,,,,,,,,read,1038,OHSINGLORA,93.79,93.31,**** Final test accuracy with OHSINGLORA: 93.79. ****,OHSINGLORA weights saved to ./checkpoints/ohsinglora/ViT-B16/caltech101/1shots/seed1/adapter_weights.pt,,
DATA-0504,data/result_scan_head/results_logs_scan_ohsinglora/ohsinglora_caltech101_1shot_r4_h2.log,.log,66051,2025-09-19T07:50:09Z,6F1F7139ACB6C5B77CFE8C48F4CC3AF7067309DB54D90661ED21329F63B6E878,ohsinglora,caltech101,1shot,,4,101,,,,,,,,read,1038,OHSINGLORA,94.16,93.31,**** Final test accuracy with OHSINGLORA: 94.16. ****,OHSINGLORA weights saved to ./checkpoints/ohsinglora/ViT-B16/caltech101/1shots/seed1/adapter_weights.pt,,
DATA-0505,data/result_scan_head/results_logs_scan_ohsinglora/ohsinglora_caltech101_1shot_r4_h4.log,.log,66051,2025-09-19T07:55:01Z,69C35A58B31184FB089FD90CDA27CB094D90E255AD80496B352E4129293AB3C0,ohsinglora,caltech101,1shot,,4,101,,,,,,,,read,1038,OHSINGLORA,94.00,93.31,**** Final test accuracy with OHSINGLORA: 94.00. ****,OHSINGLORA weights saved to ./checkpoints/ohsinglora/ViT-B16/caltech101/1shots/seed1/adapter_weights.pt,,
DATA-0506,data/result_scan_head/results_logs_scan_ohsinglora/ohsinglora_caltech101_4shot_heads1.log,.log,185676,2025-10-02T06:57:19Z,0464B7627DC53716BF2F08779BAABE290E3A4186B27F72C324154514CED5E5BB,ohsinglora,caltech101,4shot,,,101,,,,,,,,read,2654,OHSINGLORA,95.50,93.31,**** Final test accuracy with OHSINGLORA: 95.50. ****,OHSINGLORA weights saved to ./checkpoints/ohsinglora/ViT-B16/caltech101/4shots/seed1/adapter_weights.pt,,
DATA-0507,data/result_scan_head/results_logs_scan_ohsinglora/ohsinglora_caltech101_4shot_heads2.log,.log,185676,2025-10-02T07:06:55Z,3722727FDBD81B0AA7CC342359FA3BA9E0BBD0B78C9DBD0832777D8978DCE8AF,ohsinglora,caltech101,4shot,,,101,,,,,,,,read,2654,OHSINGLORA,95.29,93.31,**** Final test accuracy with OHSINGLORA: 95.29. ****,OHSINGLORA weights saved to ./checkpoints/ohsinglora/ViT-B16/caltech101/4shots/seed1/adapter_weights.pt,,
DATA-0508,data/result_scan_head/results_logs_scan_ohsinglora/ohsinglora_caltech101_4shot_heads4.log,.log,185676,2025-10-02T07:22:33Z,E4B26F20E99A04FFDB496D1E2FAB6D64E667213D61381146DAAD3AF6E83F224F,ohsinglora,caltech101,4shot,,,101,,,,,,,,read,2654,OHSINGLORA,95.25,93.31,**** Final test accuracy with OHSINGLORA: 95.25. ****,OHSINGLORA weights saved to ./checkpoints/ohsinglora/ViT-B16/caltech101/4shots/seed1/adapter_weights.pt,,
DATA-0509,data/result_scan_head/results_logs_scan_ohsinglora/ohsinglora_caltech101_4shot_r2_h1.log,.log,185676,2025-10-09T03:42:18Z,092955CD1C68615CC781A51B97243D30C23C92246DEDF4459FE290D88FD4C9ED,ohsinglora,caltech101,4shot,,2,101,,,,,,,,read,2654,OHSINGLORA,95.70,93.31,**** Final test accuracy with OHSINGLORA: 95.70. ****,OHSINGLORA weights saved to ./checkpoints/ohsinglora/ViT-B16/caltech101/4shots/seed1/adapter_weights.pt,,
DATA-0510,data/result_scan_head/results_logs_scan_ohsinglora/ohsinglora_dtd_16shot_R2_Head1.log,.log,676194,2025-12-12T13:13:09Z,0AAD976146049E96887F5F180642605C490BDAA70AD9055642973CFA7C54E2EC,ohsinglora,dtd,16shot,,2,1,,,,,,,,read,9382,OHSINGLORA,72.40,44.39,**** Final test accuracy with OHSINGLORA: 72.40. ****,OHSINGLORA weights saved to /root/checkpoints/dtd/16shot/ohsinglora_R2_H1/ohsinglora/ViT-B16/dtd/16shots/seed1/adapter_weights.pt,,
DATA-0511,data/result_scan_head/results_logs_scan_ohsinglora/ohsinglora_dtd_16shot_R4_Head1.log,.log,676199,2025-12-12T13:13:09Z,5B6393A784CA643F5C4D9C8587C51F24C0D11E87551498ABCCB9FA9C91642039,ohsinglora,dtd,16shot,,4,1,,,,,,,,read,9382,OHSINGLORA,72.70,44.39,**** Final test accuracy with OHSINGLORA: 72.70. ****,OHSINGLORA weights saved to /root/checkpoints/dtd/16shot/ohsinglora_R4_H1/ohsinglora/ViT-B16/dtd/16shots/seed1/adapter_weights.pt,,
DATA-0512,data/result_scan_head/results_logs_scan_ohsinglora/ohsinglora_dtd_16shot_R4_Head2.log,.log,676212,2025-12-12T13:13:09Z,2EBDC5399B49EE7463361F25D15303F33C02071324A2CA5984E3BAA585E06742,ohsinglora,dtd,16shot,,4,2,,,,,,,,read,9382,OHSINGLORA,72.93,44.39,**** Final test accuracy with OHSINGLORA: 72.93. ****,OHSINGLORA weights saved to /root/checkpoints/dtd/16shot/ohsinglora_R4_H2/ohsinglora/ViT-B16/dtd/16shots/seed1/adapter_weights.pt,,
DATA-0513,data/result_scan_head/results_logs_scan_ohsinglora/ohsinglora_dtd_16shot_R4_Head4.log,.log,676220,2025-12-12T13:13:10Z,D18B3D5BF790C9EA2B6EEF08F725B62E37C5298D205821005633B0C6A9B16CCE,ohsinglora,dtd,16shot,,4,4,,,,,,,,read,9382,OHSINGLORA,73.29,44.39,**** Final test accuracy with OHSINGLORA: 73.29. ****,OHSINGLORA weights saved to /root/checkpoints/dtd/16shot/ohsinglora_R4_H4/ohsinglora/ViT-B16/dtd/16shots/seed1/adapter_weights.pt,,
DATA-0514,data/result_scan_head/results_logs_scan_ohsinglora/ohsinglora_dtd_1shot_r2_h1_lambda_o_0.03.log,.log,94957,2025-09-15T09:48:00Z,82F4037858C782903C216F8398157A416206FE98B3CA080E39D03410FC7380BB,ohsinglora,dtd,1shot,,2,1,0.03,,,,,,,read,1535,OHSINGLORA,54.73,44.39,**** Final test accuracy with OHSINGLORA: 54.73. ****,OHSINGLORA weights saved to ./checkpoints/ohsinglora/ViT-B16/dtd/1shots/seed1/adapter_weights.pt,,
DATA-0515,data/result_scan_head/results_logs_scan_ohsinglora/ohsinglora_dtd_1shot_r2_h2_lambda_o_0.03.log,.log,94960,2025-09-15T09:44:07Z,6FDC94CEA8CD46A0B50B613A3750AD28E24920395C7920B9D47EFC5A67EB3CF9,ohsinglora,dtd,1shot,,2,2,0.03,,,,,,,read,1535,OHSINGLORA,54.91,44.39,**** Final test accuracy with OHSINGLORA: 54.91. ****,OHSINGLORA weights saved to ./checkpoints/ohsinglora/ViT-B16/dtd/1shots/seed1/adapter_weights.pt,,
DATA-0516,data/result_scan_head/results_logs_scan_ohsinglora/ohsinglora_dtd_1shot_r4_h1_lambda_o_0.03.log,.log,94972,2025-09-15T09:51:49Z,8A21F82E069F8E1395CA90D043018DBC0F3687E95DA23FC8B0A2F74807D2BEF3,ohsinglora,dtd,1shot,,4,1,0.03,,,,,,,read,1535,OHSINGLORA,53.90,44.39,**** Final test accuracy with OHSINGLORA: 53.90. ****,OHSINGLORA weights saved to ./checkpoints/ohsinglora/ViT-B16/dtd/1shots/seed1/adapter_weights.pt,,
DATA-0517,data/result_scan_head/results_logs_scan_ohsinglora/ohsinglora_dtd_1shot_r4_h2_lambda_o_0.03.log,.log,94963,2025-09-15T09:56:05Z,971FB5BAB606E52B267030B555A0CBF2844CB2A362F582D42EC71B5579E4F20D,ohsinglora,dtd,1shot,,4,2,0.03,,,,,,,read,1535,OHSINGLORA,54.26,44.39,**** Final test accuracy with OHSINGLORA: 54.26. ****,OHSINGLORA weights saved to ./checkpoints/ohsinglora/ViT-B16/dtd/1shots/seed1/adapter_weights.pt,,
DATA-0518,data/result_scan_head/results_logs_scan_ohsinglora/ohsinglora_dtd_1shot_r4_h4_lambda_o_0.03.log,.log,94955,2025-09-15T10:01:44Z,CFB5C7803A750EDEA840DD7D76376AD014863187097AE3C8D236602C8E76C586,ohsinglora,dtd,1shot,,4,4,0.03,,,,,,,read,1535,OHSINGLORA,54.96,44.39,**** Final test accuracy with OHSINGLORA: 54.96. ****,OHSINGLORA weights saved to ./checkpoints/ohsinglora/ViT-B16/dtd/1shots/seed1/adapter_weights.pt,,
DATA-0519,data/result_scan_head/results_logs_scan_ohsinglora/ohsinglora_dtd_4shot_heads1.log,.log,225075,2025-10-02T05:27:41Z,C0DD85349D9CEAB8D8F9BE657E360EFDFA555132742A9BC914C3500F89AE07D0,ohsinglora,dtd,4shot,,,1,,,,,,,,read,3371,OHSINGLORA,66.55,44.39,**** Final test accuracy with OHSINGLORA: 66.55. ****,OHSINGLORA weights saved to ./checkpoints/ohsinglora/ViT-B16/dtd/4shots/seed1/adapter_weights.pt,,
DATA-0520,data/result_scan_head/results_logs_scan_ohsinglora/ohsinglora_dtd_4shot_heads2.log,.log,225073,2025-10-02T05:39:31Z,610616C60A72207D452F7A51599EC20689D561736A254E59CC04FDF931DD7BA7,ohsinglora,dtd,4shot,,,2,,,,,,,,read,3371,OHSINGLORA,65.48,44.39,**** Final test accuracy with OHSINGLORA: 65.48. ****,OHSINGLORA weights saved to ./checkpoints/ohsinglora/ViT-B16/dtd/4shots/seed1/adapter_weights.pt,,
DATA-0521,data/result_scan_head/results_logs_scan_ohsinglora/ohsinglora_dtd_4shot_heads4.log,.log,225070,2025-10-02T05:56:50Z,4580B365094DD11B2E3A05D90AAE0482D56371B2A6A8AC4CCA919898DE9D2890,ohsinglora,dtd,4shot,,,4,,,,,,,,read,3371,OHSINGLORA,66.08,44.39,**** Final test accuracy with OHSINGLORA: 66.08. ****,OHSINGLORA weights saved to ./checkpoints/ohsinglora/ViT-B16/dtd/4shots/seed1/adapter_weights.pt,,
DATA-0522,data/result_scan_head/results_logs_scan_ohsinglora/ohsinglora_dtd_4shot_r2_h1.log,.log,225044,2025-10-09T03:42:25Z,217243DAF631F88FC7A04E6DD70478A86FCB9566C8316A598371A37864FEBB36,ohsinglora,dtd,4shot,,2,1,,,,,,,,read,3371,OHSINGLORA,64.89,44.39,**** Final test accuracy with OHSINGLORA: 64.89. ****,OHSINGLORA weights saved to ./checkpoints/ohsinglora/ViT-B16/dtd/4shots/seed1/adapter_weights.pt,,
DATA-0523,data/result_scan_head/results_logs_scan_ohsinglora/ohsinglora_eurosat_16shot_R2_Head1.log,.log,959160,2025-12-12T13:13:11Z,C86F1F6E6F08B0210BA00B99A1F44AEDADFB8DC08DDDF02BAE521AAB7609E91B,ohsinglora,eurosat,16shot,,2,1,,,,,,,,read,14471,OHSINGLORA,91.59,42.16,**** Final test accuracy with OHSINGLORA: 91.59. ****,OHSINGLORA weights saved to /root/checkpoints/eurosat/16shot/ohsinglora_R2_H1/ohsinglora/ViT-B16/eurosat/16shots/seed1/adapter_weights.pt,,
DATA-0524,data/result_scan_head/results_logs_scan_ohsinglora/ohsinglora_eurosat_16shot_R4_Head1.log,.log,959233,2025-12-12T13:13:11Z,A2C6431A28666D18A0BD50433C6AE7B9C874F3A811A5D6A96187510CA04BCD62,ohsinglora,eurosat,16shot,,4,1,,,,,,,,read,14471,OHSINGLORA,90.96,42.16,**** Final test accuracy with OHSINGLORA: 90.96. ****,OHSINGLORA weights saved to /root/checkpoints/eurosat/16shot/ohsinglora_R4_H1/ohsinglora/ViT-B16/eurosat/16shots/seed1/adapter_weights.pt,,
DATA-0525,data/result_scan_head/results_logs_scan_ohsinglora/ohsinglora_eurosat_16shot_R4_Head2.log,.log,959226,2025-12-12T13:13:11Z,D15B7BA1DEEEFC09CACDA718B9ECB57396E949C4330CBA65D0E04E2E6626431F,ohsinglora,eurosat,16shot,,4,2,,,,,,,,read,14471,OHSINGLORA,91.63,42.16,**** Final test accuracy with OHSINGLORA: 91.63. ****,OHSINGLORA weights saved to /root/checkpoints/eurosat/16shot/ohsinglora_R4_H2/ohsinglora/ViT-B16/eurosat/16shots/seed1/adapter_weights.pt,,
DATA-0526,data/result_scan_head/results_logs_scan_ohsinglora/ohsinglora_eurosat_16shot_R4_Head4.log,.log,959189,2025-12-12T13:13:11Z,644B51029EE9C0EAEC12D41CABE5964B7224199492B86771847594D04F4576E1,ohsinglora,eurosat,16shot,,4,4,,,,,,,,read,14471,OHSINGLORA,90.62,42.16,**** Final test accuracy with OHSINGLORA: 90.62. ****,OHSINGLORA weights saved to /root/checkpoints/eurosat/16shot/ohsinglora_R4_H4/ohsinglora/ViT-B16/eurosat/16shots/seed1/adapter_weights.pt,,
DATA-0527,data/result_scan_head/results_logs_scan_ohsinglora/ohsinglora_eurosat_1shot_r2_h1_lambda_o_0.03.log,.log,155034,2025-09-15T10:11:09Z,B6CAC370743A257C0CB163429A69DA2012A40AB16DECA2C56508F5436A5D46E8,ohsinglora,eurosat,1shot,,2,1,0.03,,,,,,,read,2560,OHSINGLORA,71.37,42.16,**** Final test accuracy with OHSINGLORA: 71.37. ****,OHSINGLORA weights saved to ./checkpoints/ohsinglora/ViT-B16/eurosat/1shots/seed1/adapter_weights.pt,,
DATA-0528,data/result_scan_head/results_logs_scan_ohsinglora/ohsinglora_eurosat_1shot_r2_h2_lambda_o_0.03.log,.log,155016,2025-09-15T10:06:31Z,AD643DF3F814B2CBBCEEBDDC68BD6F6A9955C14AB65CA6D132237EFE10B5FF9E,ohsinglora,eurosat,1shot,,2,2,0.03,,,,,,,read,2560,OHSINGLORA,72.77,42.16,**** Final test accuracy with OHSINGLORA: 72.77. ****,OHSINGLORA weights saved to ./checkpoints/ohsinglora/ViT-B16/eurosat/1shots/seed1/adapter_weights.pt,,
DATA-0529,data/result_scan_head/results_logs_scan_ohsinglora/ohsinglora_eurosat_1shot_r4_h1_lambda_o_0.03.log,.log,155041,2025-09-15T10:15:33Z,32149829BFC02C7A0A3EC97E673B0EE507FD52E7109439AFD28D38B7469FB49B,ohsinglora,eurosat,1shot,,4,1,0.03,,,,,,,read,2560,OHSINGLORA,74.22,42.16,**** Final test accuracy with OHSINGLORA: 74.22. ****,OHSINGLORA weights saved to ./checkpoints/ohsinglora/ViT-B16/eurosat/1shots/seed1/adapter_weights.pt,,
DATA-0530,data/result_scan_head/results_logs_scan_ohsinglora/ohsinglora_eurosat_1shot_r4_h2_lambda_o_0.03.log,.log,155016,2025-09-15T10:20:18Z,9FE2C0D99901EFF53D4613B687E2A03972D81D6D02C84291DB67E499D6799158,ohsinglora,eurosat,1shot,,4,2,0.03,,,,,,,read,2560,OHSINGLORA,73.15,42.16,**** Final test accuracy with OHSINGLORA: 73.15. ****,OHSINGLORA weights saved to ./checkpoints/ohsinglora/ViT-B16/eurosat/1shots/seed1/adapter_weights.pt,,
DATA-0531,data/result_scan_head/results_logs_scan_ohsinglora/ohsinglora_eurosat_1shot_r4_h4_lambda_o_0.03.log,.log,155009,2025-10-08T16:40:49Z,7AF82C6D7DD8B6DFAFDD905656C0EF9D11358B875E8E9CBC49FD9E27C4E56782,ohsinglora,eurosat,1shot,,4,4,0.03,,,,,,,read,2560,OHSINGLORA,70.27,42.16,**** Final test accuracy with OHSINGLORA: 70.27. ****,OHSINGLORA weights saved to ./checkpoints/ohsinglora/ViT-B16/eurosat/1shots/seed1/adapter_weights.pt,,
DATA-0532,data/result_scan_head/results_logs_scan_ohsinglora/ohsinglora_eurosat_4shot_heads1.log,.log,383444,2025-10-02T06:11:09Z,BA432E2E0124FB380935BC6C563BCE4183DC9E0E8294E22E5993A0AB220BA68F,ohsinglora,eurosat,4shot,,,1,,,,,,,,read,6060,OHSINGLORA,87.85,42.16,**** Final test accuracy with OHSINGLORA: 87.85. ****,OHSINGLORA weights saved to ./checkpoints/ohsinglora/ViT-B16/eurosat/4shots/seed1/adapter_weights.pt,,
DATA-0533,data/result_scan_head/results_logs_scan_ohsinglora/ohsinglora_eurosat_4shot_heads2.log,.log,383450,2025-10-02T06:27:46Z,6A4318B889505BBE696228C99771041790846FE811A767561CF7E8C87536F7B3,ohsinglora,eurosat,4shot,,,2,,,,,,,,read,6060,OHSINGLORA,88.57,42.16,**** Final test accuracy with OHSINGLORA: 88.57. ****,OHSINGLORA weights saved to ./checkpoints/ohsinglora/ViT-B16/eurosat/4shots/seed1/adapter_weights.pt,,
DATA-0534,data/result_scan_head/results_logs_scan_ohsinglora/ohsinglora_eurosat_4shot_heads4.log,.log,383430,2025-10-02T06:49:11Z,4695E6D93102C4D8BC937BF7C423F259BD15F5B10B1B55869550A59083CD815C,ohsinglora,eurosat,4shot,,,4,,,,,,,,read,6060,OHSINGLORA,87.84,42.16,**** Final test accuracy with OHSINGLORA: 87.84. ****,OHSINGLORA weights saved to ./checkpoints/ohsinglora/ViT-B16/eurosat/4shots/seed1/adapter_weights.pt,,
DATA-0535,data/result_scan_head/results_logs_scan_ohsinglora/ohsinglora_eurosat_4shot_r2_h1.log,.log,383419,2025-10-09T03:42:33Z,A8CE0A5E0839D2B812E2287B263A268359A646EEB4C7636E165CC15F835F7380,ohsinglora,eurosat,4shot,,2,1,,,,,,,,read,6060,OHSINGLORA,87.98,42.16,**** Final test accuracy with OHSINGLORA: 87.98. ****,OHSINGLORA weights saved to ./checkpoints/ohsinglora/ViT-B16/eurosat/4shots/seed1/adapter_weights.pt,,
DATA-0536,data/result_scan_head/results_logs_scan_ohsinglora/ohsinglora_fgvc_16shot_R2_Head1.log,.log,648690,2025-12-12T13:13:10Z,45C0A9067C120525317AD9758651A34F64FBC09180761EC9A28A1C3ACAD81C32,ohsinglora,fgvc,16shot,,2,1,,,,,,,,read,8795,OHSINGLORA,54.01,23.73,**** Final test accuracy with OHSINGLORA: 54.01. ****,OHSINGLORA weights saved to /root/checkpoints/fgvc/16shot/ohsinglora_R2_H1/ohsinglora/ViT-B16/fgvc/16shots/seed1/adapter_weights.pt,,
DATA-0537,data/result_scan_head/results_logs_scan_ohsinglora/ohsinglora_fgvc_16shot_R4_Head1.log,.log,636679,2025-12-12T13:13:10Z,E400D5BD9B0C6F9EB145B1173D8ED2ACC5A39F472EAD1B5C168ED68A346C5D8D,ohsinglora,fgvc,16shot,,4,1,,,,,,,,read,8692,OHSINGLORA,54.49,23.73,**** Final test accuracy with OHSINGLORA: 54.49. ****,OHSINGLORA weights saved to /root/checkpoints/fgvc/16shot/ohsinglora_R4_H1/ohsinglora/ViT-B16/fgvc/16shots/seed1/adapter_weights.pt,,
DATA-0538,data/result_scan_head/results_logs_scan_ohsinglora/ohsinglora_fgvc_16shot_R4_Head2.log,.log,636679,2025-12-12T13:13:10Z,E67497CFE17C3CF52D542CC79FDE75072FB704911554104B3A6BC5FBF3F9881B,ohsinglora,fgvc,16shot,,4,2,,,,,,,,read,8692,OHSINGLORA,55.51,23.73,**** Final test accuracy with OHSINGLORA: 55.51. ****,OHSINGLORA weights saved to /root/checkpoints/fgvc/16shot/ohsinglora_R4_H2/ohsinglora/ViT-B16/fgvc/16shots/seed1/adapter_weights.pt,,
DATA-0539,data/result_scan_head/results_logs_scan_ohsinglora/ohsinglora_fgvc_16shot_R4_Head4.log,.log,636679,2025-12-12T13:13:10Z,4E409155911346B994289E6FC6F24709026100FD0971C2D238B2A6E68426FDC2,ohsinglora,fgvc,16shot,,4,4,,,,,,,,read,8692,OHSINGLORA,56.17,23.73,**** Final test accuracy with OHSINGLORA: 56.17. ****,OHSINGLORA weights saved to /root/checkpoints/fgvc/16shot/ohsinglora_R4_H4/ohsinglora/ViT-B16/fgvc/16shots/seed1/adapter_weights.pt,,
DATA-0540,data/result_scan_head/results_logs_scan_ohsinglora/ohsinglora_fgvc_1shot_r2_h1_lambda_o_0.03.log,.log,66221,2025-09-15T09:26:19Z,38E5853FC96C23BF8F6ED9565ADAF3EE652C5E5A1741F39ED3109C0EEC9296C7,ohsinglora,fgvc,1shot,,2,1,0.03,,,,,,,read,1041,OHSINGLORA,29.73,23.73,**** Final test accuracy with OHSINGLORA: 29.73. ****,OHSINGLORA weights saved to ./checkpoints/ohsinglora/ViT-B16/fgvc/1shots/seed1/adapter_weights.pt,,
DATA-0541,data/result_scan_head/results_logs_scan_ohsinglora/ohsinglora_fgvc_1shot_r2_h2_lambda_o_0.03.log,.log,66221,2025-09-15T09:22:36Z,FCB30521EC9B0DC7866ACBD988FD57B5EE0CA804FA56D558C0D6D6DC1CDA2261,ohsinglora,fgvc,1shot,,2,2,0.03,,,,,,,read,1041,OHSINGLORA,29.73,23.73,**** Final test accuracy with OHSINGLORA: 29.73. ****,OHSINGLORA weights saved to ./checkpoints/ohsinglora/ViT-B16/fgvc/1shots/seed1/adapter_weights.pt,,
DATA-0542,data/result_scan_head/results_logs_scan_ohsinglora/ohsinglora_fgvc_1shot_r4_h1_lambda_o_0.03.log,.log,66221,2025-09-15T09:30:05Z,92FD29B287B0276015D61EFE91425C8DB91F173ED5FA348372203B4701890923,ohsinglora,fgvc,1shot,,4,1,0.03,,,,,,,read,1041,OHSINGLORA,28.98,23.73,**** Final test accuracy with OHSINGLORA: 28.98. ****,OHSINGLORA weights saved to ./checkpoints/ohsinglora/ViT-B16/fgvc/1shots/seed1/adapter_weights.pt,,
DATA-0543,data/result_scan_head/results_logs_scan_ohsinglora/ohsinglora_fgvc_1shot_r4_h2_lambda_o_0.03.log,.log,66221,2025-09-15T09:34:12Z,ECCE9A13037AB264670A632AE0EB96F0A6BE934D75B1A51228D7868EDE86BBE8,ohsinglora,fgvc,1shot,,4,2,0.03,,,,,,,read,1041,OHSINGLORA,29.85,23.73,**** Final test accuracy with OHSINGLORA: 29.85. ****,OHSINGLORA weights saved to ./checkpoints/ohsinglora/ViT-B16/fgvc/1shots/seed1/adapter_weights.pt,,
DATA-0544,data/result_scan_head/results_logs_scan_ohsinglora/ohsinglora_fgvc_1shot_r4_h4_lambda_o_0.03.log,.log,66221,2025-09-15T09:39:47Z,134EA744129DAD17B5BE08A69574AB18C988C82B3A7D61DE412BB1DCD1FC4FA4,ohsinglora,fgvc,1shot,,4,4,0.03,,,,,,,read,1041,OHSINGLORA,29.97,23.73,**** Final test accuracy with OHSINGLORA: 29.97. ****,OHSINGLORA weights saved to ./checkpoints/ohsinglora/ViT-B16/fgvc/1shots/seed1/adapter_weights.pt,,
DATA-0545,data/result_scan_head/results_logs_scan_ohsinglora/ohsinglora_fgvc_4shot_heads1.log,.log,216895,2025-10-02T04:48:55Z,DD08B6C19D737C8E32CACD14D3B0F04C58FC48E757AB6187B40DAEA3EC909500,ohsinglora,fgvc,4shot,,,1,,,,,,,,read,2916,OHSINGLORA,38.73,23.73,**** Final test accuracy with OHSINGLORA: 38.73. ****,OHSINGLORA weights saved to ./checkpoints/ohsinglora/ViT-B16/fgvc/4shots/seed1/adapter_weights.pt,,
DATA-0546,data/result_scan_head/results_logs_scan_ohsinglora/ohsinglora_fgvc_4shot_heads2.log,.log,185846,2025-10-02T05:00:24Z,C54278F76B7CAC77806C2EC4145DA7CD894C2E4DBF2821792BBFBF70F51B8A0A,ohsinglora,fgvc,4shot,,,2,,,,,,,,read,2657,OHSINGLORA,38.40,23.73,**** Final test accuracy with OHSINGLORA: 38.40. ****,OHSINGLORA weights saved to ./checkpoints/ohsinglora/ViT-B16/fgvc/4shots/seed1/adapter_weights.pt,,
DATA-0547,data/result_scan_head/results_logs_scan_ohsinglora/ohsinglora_fgvc_4shot_heads4.log,.log,185846,2025-10-02T05:17:18Z,0F7250D8BB2DBAAF71A3B99BECD1CD011E6F230E4EE26C131F24E4FC54CFB8BC,ohsinglora,fgvc,4shot,,,4,,,,,,,,read,2657,OHSINGLORA,39.93,23.73,**** Final test accuracy with OHSINGLORA: 39.93. ****,OHSINGLORA weights saved to ./checkpoints/ohsinglora/ViT-B16/fgvc/4shots/seed1/adapter_weights.pt,,
DATA-0548,data/result_scan_head/results_logs_scan_ohsinglora/ohsinglora_fgvc_4shot_r2_h1.log,.log,193237,2025-10-09T03:42:39Z,344D93A9AE4FE5951629CF70A6752F52FC1CCC0AB0A3BDDE7603B8BBD6EBB5F3,ohsinglora,fgvc,4shot,,2,1,,,,,,,,read,2720,OHSINGLORA,38.34,23.73,**** Final test accuracy with OHSINGLORA: 38.34. ****,OHSINGLORA weights saved to ./checkpoints/ohsinglora/ViT-B16/fgvc/4shots/seed1/adapter_weights.pt,,
DATA-0549,data/result_scan_head/results_logs_scan_ohsinglora/ohsinglora_food101_16shot_R2_Head1.log,.log,641845,2025-12-12T13:13:10Z,1D971CD0CDCDA60F24208E7C243FCCBA992BD569859F0684ADE60EF04BE3E6BF,ohsinglora,food101,16shot,,2,1,,,,,,,,read,8786,OHSINGLORA,85.00,85.26,**** Final test accuracy with OHSINGLORA: 85.00. ****,OHSINGLORA weights saved to /root/checkpoints/food101/16shot/ohsinglora_R2_H1/ohsinglora/ViT-B16/food101/16shots/seed1/adapter_weights.pt,,
DATA-0550,data/result_scan_head/results_logs_scan_ohsinglora/ohsinglora_food101_16shot_R4_Head1.log,.log,641845,2025-12-12T13:13:10Z,9BBA174C65104E2060B43F6773C8EE354EE59347CCC53BD1BE23A314F0FA82A0,ohsinglora,food101,16shot,,4,1,,,,,,,,read,8786,OHSINGLORA,85.19,85.26,**** Final test accuracy with OHSINGLORA: 85.19. ****,OHSINGLORA weights saved to /root/checkpoints/food101/16shot/ohsinglora_R4_H1/ohsinglora/ViT-B16/food101/16shots/seed1/adapter_weights.pt,,
DATA-0551,data/result_scan_head/results_logs_scan_ohsinglora/ohsinglora_food101_16shot_R4_Head2.log,.log,641845,2025-12-12T13:13:10Z,78D572F4E4E0CB37CD62E88AC2C880B65F3165E5F5EB31F0B13FBF2D293F55BB,ohsinglora,food101,16shot,,4,2,,,,,,,,read,8786,OHSINGLORA,84.65,85.26,**** Final test accuracy with OHSINGLORA: 84.65. ****,OHSINGLORA weights saved to /root/checkpoints/food101/16shot/ohsinglora_R4_H2/ohsinglora/ViT-B16/food101/16shots/seed1/adapter_weights.pt,,
DATA-0552,data/result_scan_head/results_logs_scan_ohsinglora/ohsinglora_food101_16shot_R4_Head4.log,.log,641845,2025-12-12T13:13:10Z,0D731A007EB7B8884E8ED80ACA152E4046FD5141ABE6DF8FE296FEF471C74374,ohsinglora,food101,16shot,,4,4,,,,,,,,read,8786,OHSINGLORA,85.07,85.26,**** Final test accuracy with OHSINGLORA: 85.07. ****,OHSINGLORA weights saved to /root/checkpoints/food101/16shot/ohsinglora_R4_H4/ohsinglora/ViT-B16/food101/16shots/seed1/adapter_weights.pt,,
DATA-0553,data/result_scan_head/results_logs_scan_ohsinglora/ohsinglora_food101_1shot_r2_h1.log,.log,72595,2025-09-19T07:58:51Z,B85AD579BD523F8EAEAF463DDA271246DB35C71428481587E5F1C60C0677D608,ohsinglora,food101,1shot,,2,1,,,,,,,,read,1147,OHSINGLORA,85.53,85.26,**** Final test accuracy with OHSINGLORA: 85.53. ****,OHSINGLORA weights saved to ./checkpoints/ohsinglora/ViT-B16/food101/1shots/seed1/adapter_weights.pt,,
DATA-0554,data/result_scan_head/results_logs_scan_ohsinglora/ohsinglora_food101_1shot_r2_h2.log,.log,72594,2025-09-19T08:03:17Z,C5573FE7FC0B72FBF21B38149310A9936840BAA8B297E5AC746E0551B40D88C0,ohsinglora,food101,1shot,,2,2,,,,,,,,read,1147,OHSINGLORA,85.49,85.26,**** Final test accuracy with OHSINGLORA: 85.49. ****,OHSINGLORA weights saved to ./checkpoints/ohsinglora/ViT-B16/food101/1shots/seed1/adapter_weights.pt,,
DATA-0555,data/result_scan_head/results_logs_scan_ohsinglora/ohsinglora_food101_1shot_r4_h1.log,.log,72594,2025-09-19T08:07:16Z,9447968F2D4033BCBC0E54563AD255AF04B27C775A3A1F11F23B499AB768F4D3,ohsinglora,food101,1shot,,4,1,,,,,,,,read,1147,OHSINGLORA,85.69,85.26,**** Final test accuracy with OHSINGLORA: 85.69. ****,OHSINGLORA weights saved to ./checkpoints/ohsinglora/ViT-B16/food101/1shots/seed1/adapter_weights.pt,,
DATA-0556,data/result_scan_head/results_logs_scan_ohsinglora/ohsinglora_food101_1shot_r4_h2.log,.log,72594,2025-09-19T08:11:43Z,05E35C00F47BF61A326E8EA10FE0B253991FAEE888F9E382DE673F15B014D2BC,ohsinglora,food101,1shot,,4,2,,,,,,,,read,1147,OHSINGLORA,85.76,85.26,**** Final test accuracy with OHSINGLORA: 85.76. ****,OHSINGLORA weights saved to ./checkpoints/ohsinglora/ViT-B16/food101/1shots/seed1/adapter_weights.pt,,
DATA-0557,data/result_scan_head/results_logs_scan_ohsinglora/ohsinglora_food101_1shot_r4_h4.log,.log,72595,2025-09-19T08:17:38Z,301C769C0790388472EE0AEA27F7FC596EBFE475B9A9A1D1046F6D90DBB70CCE,ohsinglora,food101,1shot,,4,4,,,,,,,,read,1147,OHSINGLORA,85.89,85.26,**** Final test accuracy with OHSINGLORA: 85.89. ****,OHSINGLORA weights saved to ./checkpoints/ohsinglora/ViT-B16/food101/1shots/seed1/adapter_weights.pt,,
DATA-0558,data/result_scan_head/results_logs_scan_ohsinglora/ohsinglora_food101_4shot_heads1.log,.log,192219,2025-10-02T07:31:57Z,59578E62E02661891DC891A2806988BC41C7460BBC9E3A4B0863816AFB6984B0,ohsinglora,food101,4shot,,,1,,,,,,,,read,2763,OHSINGLORA,83.99,85.26,**** Final test accuracy with OHSINGLORA: 83.99. ****,OHSINGLORA weights saved to ./checkpoints/ohsinglora/ViT-B16/food101/4shots/seed1/adapter_weights.pt,,
DATA-0559,data/result_scan_head/results_logs_scan_ohsinglora/ohsinglora_food101_4shot_heads2.log,.log,192219,2025-10-02T07:43:16Z,364BB4EA5B346C37D804CD494FFFE295AD03874BCBEB541DAF61CCE62271646A,ohsinglora,food101,4shot,,,2,,,,,,,,read,2763,OHSINGLORA,84.01,85.26,**** Final test accuracy with OHSINGLORA: 84.01. ****,OHSINGLORA weights saved to ./checkpoints/ohsinglora/ViT-B16/food101/4shots/seed1/adapter_weights.pt,,
DATA-0560,data/result_scan_head/results_logs_scan_ohsinglora/ohsinglora_food101_4shot_heads4.log,.log,192220,2025-10-02T08:01:41Z,507E65CAD29F41876DF0BE8FECCEE8D7EB275FE82410EFF16BC9427B64174F12,ohsinglora,food101,4shot,,,4,,,,,,,,read,2763,OHSINGLORA,84.06,85.26,**** Final test accuracy with OHSINGLORA: 84.06. ****,OHSINGLORA weights saved to ./checkpoints/ohsinglora/ViT-B16/food101/4shots/seed1/adapter_weights.pt,,
DATA-0561,data/result_scan_head/results_logs_scan_ohsinglora/ohsinglora_food101_4shot_r2_h1.log,.log,192219,2025-10-09T03:42:46Z,9301C24494A66D64216B717386F8D2FF6FD86786F4FC6A44EC535B30709462C1,ohsinglora,food101,4shot,,2,1,,,,,,,,read,2763,OHSINGLORA,84.16,85.26,**** Final test accuracy with OHSINGLORA: 84.16. ****,OHSINGLORA weights saved to ./checkpoints/ohsinglora/ViT-B16/food101/4shots/seed1/adapter_weights.pt,,
DATA-0562,data/result_scan_head/results_logs_scan_ohsinglora/ohsinglora_oxford_flowers_16shot_R2_Head1.log,.log,635336,2025-12-12T13:13:11Z,06D36E75C6278CF9A5D3E2F5B98EE24EB3322D1A2462D04588FAC40AC151F201,ohsinglora,oxford_flowers,16shot,,2,1,,,,,,,,read,8677,OHSINGLORA,97.97,67.40,**** Final test accuracy with OHSINGLORA: 97.97. ****,OHSINGLORA weights saved to /root/checkpoints/oxford_flowers/16shot/ohsinglora_R2_H1/ohsinglora/ViT-B16/oxford_flowers/16shots/seed1/adapter_weights.pt,,
DATA-0563,data/result_scan_head/results_logs_scan_ohsinglora/ohsinglora_oxford_flowers_16shot_R4_Head1.log,.log,635336,2025-12-12T13:13:10Z,C31EE36483151DA85FFCC124449BA26FAC49B6E25610D5A07A16E4C975FC2628,ohsinglora,oxford_flowers,16shot,,4,1,,,,,,,,read,8677,OHSINGLORA,97.85,67.40,**** Final test accuracy with OHSINGLORA: 97.85. ****,OHSINGLORA weights saved to /root/checkpoints/oxford_flowers/16shot/ohsinglora_R4_H1/ohsinglora/ViT-B16/oxford_flowers/16shots/seed1/adapter_weights.pt,,
DATA-0564,data/result_scan_head/results_logs_scan_ohsinglora/ohsinglora_oxford_flowers_16shot_R4_Head2.log,.log,635336,2025-12-12T13:13:10Z,D8A7F13D54601505212A6FADC93A0B3F11FC40D5BF41FFE0C3C111B2AD18FB87,ohsinglora,oxford_flowers,16shot,,4,2,,,,,,,,read,8677,OHSINGLORA,97.77,67.40,**** Final test accuracy with OHSINGLORA: 97.77. ****,OHSINGLORA weights saved to /root/checkpoints/oxford_flowers/16shot/ohsinglora_R4_H2/ohsinglora/ViT-B16/oxford_flowers/16shots/seed1/adapter_weights.pt,,
DATA-0565,data/result_scan_head/results_logs_scan_ohsinglora/ohsinglora_oxford_flowers_16shot_R4_Head4.log,.log,635336,2025-12-12T13:13:10Z,987925D24C5A2B6083651392621841E0C0DE3D751FC434517B73E4DFBA2E672B,ohsinglora,oxford_flowers,16shot,,4,4,,,,,,,,read,8677,OHSINGLORA,97.85,67.40,**** Final test accuracy with OHSINGLORA: 97.85. ****,OHSINGLORA weights saved to /root/checkpoints/oxford_flowers/16shot/ohsinglora_R4_H4/ohsinglora/ViT-B16/oxford_flowers/16shots/seed1/adapter_weights.pt,,
DATA-0566,data/result_scan_head/results_logs_scan_ohsinglora/ohsinglora_oxford_flowers_1shot_r2_h1.log,.log,54867,2025-10-08T16:32:06Z,DD9075A6BFA1265D642C832F7A8E7DB8A972BD8AC920A971BD4A50F99DD5A4FF,ohsinglora,oxford_flowers,1shot,,2,1,,,,,,,,read,893,OHSINGLORA,80.51,67.40,**** Final test accuracy with OHSINGLORA: 80.51. ****,OHSINGLORA weights saved to ./checkpoints/ohsinglora/ViT-B16/oxford_flowers/1shots/seed1/adapter_weights.pt,,
DATA-0567,data/result_scan_head/results_logs_scan_ohsinglora/ohsinglora_oxford_flowers_1shot_r2_h2.log,.log,56164,2025-10-08T16:33:40Z,5A0187019EE2203E9C40CE80D9B333F79F79D8C57E49BED671EB64EA4F462296,ohsinglora,oxford_flowers,1shot,,2,2,,,,,,,,read,914,OHSINGLORA,82.79,67.40,**** Final test accuracy with OHSINGLORA: 82.79. ****,OHSINGLORA weights saved to ./checkpoints/ohsinglora/ViT-B16/oxford_flowers/1shots/seed1/adapter_weights.pt,,
DATA-0568,data/result_scan_head/results_logs_scan_ohsinglora/ohsinglora_oxford_flowers_1shot_r4_h1.log,.log,51816,2025-10-08T16:38:11Z,0AB602A9DD2AA3F154A24AA153BC7ADBA611DA27DE765E8BE2E40533C315AC8C,ohsinglora,oxford_flowers,1shot,,4,1,,,,,,,,read,851,OHSINGLORA,81.93,67.40,**** Final test accuracy with OHSINGLORA: 81.93. ****,OHSINGLORA weights saved to ./checkpoints/ohsinglora/ViT-B16/oxford_flowers/1shots/seed1/adapter_weights.pt,,
DATA-0569,data/result_scan_head/results_logs_scan_ohsinglora/ohsinglora_oxford_flowers_1shot_r4_h2.log,.log,56242,2025-10-08T16:21:25Z,549AD1F7BDB696149542F51BB6CF0492F356CDAC345C1F8A3F1AF8A629B27D24,ohsinglora,oxford_flowers,1shot,,4,2,,,,,,,,read,915,OHSINGLORA,83.84,67.40,**** Final test accuracy with OHSINGLORA: 83.84. ****,OHSINGLORA weights saved to ./checkpoints/ohsinglora/ViT-B16/oxford_flowers/1shots/seed1/adapter_weights.pt,,
DATA-0570,data/result_scan_head/results_logs_scan_ohsinglora/ohsinglora_oxford_flowers_1shot_r4_h4.log,.log,66057,2025-10-08T16:23:27Z,AEAF23CF6984A01D7BFC37AA63E24D906EB1240D9F091D27BC1433F4123AD41B,ohsinglora,oxford_flowers,1shot,,4,4,,,,,,,,read,1038,OHSINGLORA,82.79,67.40,**** Final test accuracy with OHSINGLORA: 82.79. ****,OHSINGLORA weights saved to ./checkpoints/ohsinglora/ViT-B16/oxford_flowers/1shots/seed1/adapter_weights.pt,,
DATA-0571,data/result_scan_head/results_logs_scan_ohsinglora/ohsinglora_oxford_flowers_4shot_heads1.log,.log,185682,2025-10-02T08:10:08Z,5511BCDC30B327610C17238167006340ED15AEF3E0639D8C50840AC2E3C48B1F,ohsinglora,oxford_flowers,4shot,,,1,,,,,,,,read,2654,OHSINGLORA,93.83,67.40,**** Final test accuracy with OHSINGLORA: 93.83. ****,OHSINGLORA weights saved to ./checkpoints/ohsinglora/ViT-B16/oxford_flowers/4shots/seed1/adapter_weights.pt,,
DATA-0572,data/result_scan_head/results_logs_scan_ohsinglora/ohsinglora_oxford_flowers_4shot_heads2.log,.log,185682,2025-10-02T08:21:42Z,064B9EC11AA1F8B5602537B7275870F23A1941437C83DE10CC8AF06CE7E7A307,ohsinglora,oxford_flowers,4shot,,,2,,,,,,,,read,2654,OHSINGLORA,93.67,67.40,**** Final test accuracy with OHSINGLORA: 93.67. ****,OHSINGLORA weights saved to ./checkpoints/ohsinglora/ViT-B16/oxford_flowers/4shots/seed1/adapter_weights.pt,,
DATA-0573,data/result_scan_head/results_logs_scan_ohsinglora/ohsinglora_oxford_flowers_4shot_heads4.log,.log,185682,2025-10-02T08:38:28Z,73183E43415A4E869FD988BDF1100E3E0A1031844AD3A4574CE5C52DC1BEA812,ohsinglora,oxford_flowers,4shot,,,4,,,,,,,,read,2654,OHSINGLORA,93.91,67.40,**** Final test accuracy with OHSINGLORA: 93.91. ****,OHSINGLORA weights saved to ./checkpoints/ohsinglora/ViT-B16/oxford_flowers/4shots/seed1/adapter_weights.pt,,
DATA-0574,data/result_scan_head/results_logs_scan_ohsinglora/ohsinglora_oxford_flowers_4shot_r2_h1.log,.log,185682,2025-10-09T03:42:52Z,B35CE67E3C14C0C43A7795753612277A21D9E954868FCD186CB2094C2CD6D123,ohsinglora,oxford_flowers,4shot,,2,1,,,,,,,,read,2654,OHSINGLORA,93.34,67.40,**** Final test accuracy with OHSINGLORA: 93.34. ****,OHSINGLORA weights saved to ./checkpoints/ohsinglora/ViT-B16/oxford_flowers/4shots/seed1/adapter_weights.pt,,
DATA-0575,data/result_scan_head/results_logs_scan_ohsinglora/ohsinglora_oxford_pets_16shot_R2_Head1.log,.log,697032,2025-12-12T13:13:10Z,E125801D2D6DEABEE68CC09C1F5B0FF51697FBD52173CFADF2132323B4A7280F,ohsinglora,oxford_pets,16shot,,2,1,,,,,,,,read,9742,OHSINGLORA,93.21,88.20,**** Final test accuracy with OHSINGLORA: 93.21. ****,OHSINGLORA weights saved to /root/checkpoints/oxford_pets/16shot/ohsinglora_R2_H1/ohsinglora/ViT-B16/oxford_pets/16shots/seed1/adapter_weights.pt,,
DATA-0576,data/result_scan_head/results_logs_scan_ohsinglora/ohsinglora_oxford_pets_16shot_R4_Head1.log,.log,697032,2025-12-12T13:13:10Z,7837D9AD7448B0D5F374A7FEF4FBFB7A33E130D775AABB0988DEA978717BBAE7,ohsinglora,oxford_pets,16shot,,4,1,,,,,,,,read,9742,OHSINGLORA,92.64,88.20,**** Final test accuracy with OHSINGLORA: 92.64. ****,OHSINGLORA weights saved to /root/checkpoints/oxford_pets/16shot/ohsinglora_R4_H1/ohsinglora/ViT-B16/oxford_pets/16shots/seed1/adapter_weights.pt,,
DATA-0577,data/result_scan_head/results_logs_scan_ohsinglora/ohsinglora_oxford_pets_16shot_R4_Head2.log,.log,697032,2025-12-12T13:13:10Z,EC1B6BE5C940D1F87EF8A56755BEBAB5D3C92357DB324543816E48F31086A0DD,ohsinglora,oxford_pets,16shot,,4,2,,,,,,,,read,9742,OHSINGLORA,92.50,88.20,**** Final test accuracy with OHSINGLORA: 92.50. ****,OHSINGLORA weights saved to /root/checkpoints/oxford_pets/16shot/ohsinglora_R4_H2/ohsinglora/ViT-B16/oxford_pets/16shots/seed1/adapter_weights.pt,,
DATA-0578,data/result_scan_head/results_logs_scan_ohsinglora/ohsinglora_oxford_pets_16shot_R4_Head4.log,.log,697032,2025-12-12T13:13:10Z,34231366A7DBFEFF00B824099F9DE62C9FA5C1D44DFDA0EB7859DB36019D54E5,ohsinglora,oxford_pets,16shot,,4,4,,,,,,,,read,9742,OHSINGLORA,92.56,88.20,**** Final test accuracy with OHSINGLORA: 92.56. ****,OHSINGLORA weights saved to /root/checkpoints/oxford_pets/16shot/ohsinglora_R4_H4/ohsinglora/ViT-B16/oxford_pets/16shots/seed1/adapter_weights.pt,,
DATA-0579,data/result_scan_head/results_logs_scan_ohsinglora/ohsinglora_oxford_pets_1shot_r2_h1.log,.log,75464,2025-10-08T16:35:12Z,BE2A23680C4C7D3990206B77178DF890CF4DEB15DE534FDAB60604A7F3586F9C,ohsinglora,oxford_pets,1shot,,2,1,,,,,,,,read,1294,OHSINGLORA,92.91,88.20,**** Final test accuracy with OHSINGLORA: 92.91. ****,OHSINGLORA weights saved to ./checkpoints/ohsinglora/ViT-B16/oxford_pets/1shots/seed1/adapter_weights.pt,,
DATA-0580,data/result_scan_head/results_logs_scan_ohsinglora/ohsinglora_oxford_pets_1shot_r2_h2.log,.log,75528,2025-10-08T16:36:54Z,D77B435EB8794E226A91B870FC36E1C11CB6703140CE585D741F1BF0D915E2F9,ohsinglora,oxford_pets,1shot,,2,2,,,,,,,,read,1295,OHSINGLORA,92.34,88.20,**** Final test accuracy with OHSINGLORA: 92.34. ****,OHSINGLORA weights saved to ./checkpoints/ohsinglora/ViT-B16/oxford_pets/1shots/seed1/adapter_weights.pt,,
DATA-0581,data/result_scan_head/results_logs_scan_ohsinglora/ohsinglora_oxford_pets_1shot_r4_h1.log,.log,75461,2025-10-08T16:24:58Z,9BA359FFD90A4142B95E8BFCD0EE86120C7CA4A1A4A4CAA7E6C51034A8B5A79B,ohsinglora,oxford_pets,1shot,,4,1,,,,,,,,read,1294,OHSINGLORA,92.53,88.20,**** Final test accuracy with OHSINGLORA: 92.53. ****,OHSINGLORA weights saved to ./checkpoints/ohsinglora/ViT-B16/oxford_pets/1shots/seed1/adapter_weights.pt,,
DATA-0582,data/result_scan_head/results_logs_scan_ohsinglora/ohsinglora_oxford_pets_1shot_r4_h2.log,.log,75608,2025-10-08T16:26:40Z,EC38198790FA1CA480A858BF2970B5A138E10704B22ED2346A60C291ED4A8469,ohsinglora,oxford_pets,1shot,,4,2,,,,,,,,read,1296,OHSINGLORA,92.80,88.20,**** Final test accuracy with OHSINGLORA: 92.80. ****,OHSINGLORA weights saved to ./checkpoints/ohsinglora/ViT-B16/oxford_pets/1shots/seed1/adapter_weights.pt,,
DATA-0583,data/result_scan_head/results_logs_scan_ohsinglora/ohsinglora_oxford_pets_1shot_r4_h4.log,.log,96055,2025-10-08T16:29:25Z,0A379AE89E6DA918A79718BBB51A732245F8F9267AF468A4DF185E6A68AA01DF,ohsinglora,oxford_pets,1shot,,4,4,,,,,,,,read,1533,OHSINGLORA,92.70,88.20,**** Final test accuracy with OHSINGLORA: 92.70. ****,OHSINGLORA weights saved to ./checkpoints/ohsinglora/ViT-B16/oxford_pets/1shots/seed1/adapter_weights.pt,,
DATA-0584,data/result_scan_head/results_logs_scan_ohsinglora/ohsinglora_oxford_pets_4shot_heads1.log,.log,239668,2025-10-02T09:22:41Z,E32C5A0B3AE7E09C152127591867E5BF2AF6F866F2174100A1D2AD43E50D5824,ohsinglora,oxford_pets,4shot,,,1,,,,,,,,read,3643,OHSINGLORA,91.74,88.20,**** Final test accuracy with OHSINGLORA: 91.74. ****,OHSINGLORA weights saved to ./checkpoints/ohsinglora/ViT-B16/oxford_pets/4shots/seed1/adapter_weights.pt,,
DATA-0585,data/result_scan_head/results_logs_scan_ohsinglora/ohsinglora_oxford_pets_4shot_heads2.log,.log,239668,2025-10-02T09:34:29Z,C9602A1E09A76AEC5575049CED5445C61BDF539D0AE7068E58D9BC13F62F9F22,ohsinglora,oxford_pets,4shot,,,2,,,,,,,,read,3643,OHSINGLORA,91.99,88.20,**** Final test accuracy with OHSINGLORA: 91.99. ****,OHSINGLORA weights saved to ./checkpoints/ohsinglora/ViT-B16/oxford_pets/4shots/seed1/adapter_weights.pt,,
DATA-0586,data/result_scan_head/results_logs_scan_ohsinglora/ohsinglora_oxford_pets_4shot_heads4.log,.log,239668,2025-10-02T09:52:31Z,3662C8F8AAF89FB4E08035F49B513FF309E490CB895500656D602C1DC0283271,ohsinglora,oxford_pets,4shot,,,4,,,,,,,,read,3643,OHSINGLORA,91.63,88.20,**** Final test accuracy with OHSINGLORA: 91.63. ****,OHSINGLORA weights saved to ./checkpoints/ohsinglora/ViT-B16/oxford_pets/4shots/seed1/adapter_weights.pt,,
DATA-0587,data/result_scan_head/results_logs_scan_ohsinglora/ohsinglora_oxford_pets_4shot_r2_h1.log,.log,239665,2025-10-09T03:59:51Z,9B7D950FCA618260DFDAEA5591F866FA94C1BAFF60271F5B7B42B6FF1A325132,ohsinglora,oxford_pets,4shot,,2,1,,,,,,,,read,3643,OHSINGLORA,91.96,88.20,**** Final test accuracy with OHSINGLORA: 91.96. ****,OHSINGLORA weights saved to ./checkpoints/ohsinglora/ViT-B16/oxford_pets/4shots/seed1/adapter_weights.pt,,
DATA-0588,data/result_scan_head/results_logs_scan_ohsinglora/ohsinglora_ucf101_16shot_R2_Head1.log,.log,635654,2025-12-12T13:13:11Z,6520973C9B1CAA23A9981C53E3757ADDE0E2DC5CA7E70400307839F57E772077,ohsinglora,ucf101,16shot,,2,1,,,,,,,,read,8683,OHSINGLORA,86.15,65.21,**** Final test accuracy with OHSINGLORA: 86.15. ****,OHSINGLORA weights saved to /root/checkpoints/ucf101/16shot/ohsinglora_R2_H1/ohsinglora/ViT-B16/ucf101/16shots/seed1/adapter_weights.pt,,
DATA-0589,data/result_scan_head/results_logs_scan_ohsinglora/ohsinglora_ucf101_16shot_R4_Head1.log,.log,635654,2025-12-12T13:13:11Z,E8CA8A67774731D17F09426FF34E47843DCFDE3F280813091DB32F69677DF162,ohsinglora,ucf101,16shot,,4,1,,,,,,,,read,8683,OHSINGLORA,86.04,65.21,**** Final test accuracy with OHSINGLORA: 86.04. ****,OHSINGLORA weights saved to /root/checkpoints/ucf101/16shot/ohsinglora_R4_H1/ohsinglora/ViT-B16/ucf101/16shots/seed1/adapter_weights.pt,,
DATA-0590,data/result_scan_head/results_logs_scan_ohsinglora/ohsinglora_ucf101_16shot_R4_Head2.log,.log,635654,2025-12-12T13:13:11Z,692E357F911B7248F3355F786F9FF35429A3C7F96C04296CF9C1160127EF635C,ohsinglora,ucf101,16shot,,4,2,,,,,,,,read,8683,OHSINGLORA,86.52,65.21,**** Final test accuracy with OHSINGLORA: 86.52. ****,OHSINGLORA weights saved to /root/checkpoints/ucf101/16shot/ohsinglora_R4_H2/ohsinglora/ViT-B16/ucf101/16shots/seed1/adapter_weights.pt,,
DATA-0591,data/result_scan_head/results_logs_scan_ohsinglora/ohsinglora_ucf101_16shot_R4_Head4.log,.log,635654,2025-12-12T13:13:11Z,54F232CB59DCD854AAED8AB535081FAA0F34A79FBFA56E688FED629C8831D47D,ohsinglora,ucf101,16shot,,4,4,,,,,,,,read,8683,OHSINGLORA,85.99,65.21,**** Final test accuracy with OHSINGLORA: 85.99. ****,OHSINGLORA weights saved to /root/checkpoints/ucf101/16shot/ohsinglora_R4_H4/ohsinglora/ViT-B16/ucf101/16shots/seed1/adapter_weights.pt,,
DATA-0592,data/result_scan_head/results_logs_scan_ohsinglora/ohsinglora_ucf101_1shot_r2_h1.log,.log,66407,2025-09-19T08:21:20Z,608C855EBABE708D445BBCB1F48EA53C36CE90D333A27E30A3DFB3533CE4125A,ohsinglora,ucf101,1shot,,2,1,,,,,,,,read,1044,OHSINGLORA,75.65,65.21,**** Final test accuracy with OHSINGLORA: 75.65. ****,OHSINGLORA weights saved to ./checkpoints/ohsinglora/ViT-B16/ucf101/1shots/seed1/adapter_weights.pt,,
DATA-0593,data/result_scan_head/results_logs_scan_ohsinglora/ohsinglora_ucf101_1shot_r2_h2.log,.log,66407,2025-09-19T08:24:47Z,5A23750662073370211FC2CC7717B9559E6D6D0CEC5EA7D4D590AF0A4025FD7A,ohsinglora,ucf101,1shot,,2,2,,,,,,,,read,1044,OHSINGLORA,75.60,65.21,**** Final test accuracy with OHSINGLORA: 75.60. ****,OHSINGLORA weights saved to ./checkpoints/ohsinglora/ViT-B16/ucf101/1shots/seed1/adapter_weights.pt,,
DATA-0594,data/result_scan_head/results_logs_scan_ohsinglora/ohsinglora_ucf101_1shot_r4_h1.log,.log,66407,2025-09-19T08:27:47Z,B1B2CB03EB21955E92621D8417257BA1651F1EECF3FB077B3815268F6CFF1E9F,ohsinglora,ucf101,1shot,,4,1,,,,,,,,read,1044,OHSINGLORA,75.10,65.21,**** Final test accuracy with OHSINGLORA: 75.10. ****,OHSINGLORA weights saved to ./checkpoints/ohsinglora/ViT-B16/ucf101/1shots/seed1/adapter_weights.pt,,
DATA-0595,data/result_scan_head/results_logs_scan_ohsinglora/ohsinglora_ucf101_1shot_r4_h2.log,.log,66407,2025-09-19T08:31:12Z,085D047A102755AAD03662889B5B7B145C3EFD37DCF8BF1ABAF7A5AF62A632AC,ohsinglora,ucf101,1shot,,4,2,,,,,,,,read,1044,OHSINGLORA,75.95,65.21,**** Final test accuracy with OHSINGLORA: 75.95. ****,OHSINGLORA weights saved to ./checkpoints/ohsinglora/ViT-B16/ucf101/1shots/seed1/adapter_weights.pt,,
DATA-0596,data/result_scan_head/results_logs_scan_ohsinglora/ohsinglora_ucf101_1shot_r4_h4.log,.log,66407,2025-09-19T08:36:08Z,7305319117BB0DD8AFCA631B539021ECFD7CBE5ACCFF1E6F408B8DAE36F4F888,ohsinglora,ucf101,1shot,,4,4,,,,,,,,read,1044,OHSINGLORA,75.68,65.21,**** Final test accuracy with OHSINGLORA: 75.68. ****,OHSINGLORA weights saved to ./checkpoints/ohsinglora/ViT-B16/ucf101/1shots/seed1/adapter_weights.pt,,
DATA-0597,data/result_scan_head/results_logs_scan_ohsinglora/ohsinglora_ucf101_4shot_heads1.log,.log,186032,2025-10-02T08:46:38Z,BD5AFF5261371DD28ECC765027D6A4CA843620F612AD367A98A29C539D7F0BEC,ohsinglora,ucf101,4shot,,,1,,,,,,,,read,2660,OHSINGLORA,80.86,65.21,**** Final test accuracy with OHSINGLORA: 80.86. ****,OHSINGLORA weights saved to ./checkpoints/ohsinglora/ViT-B16/ucf101/4shots/seed1/adapter_weights.pt,,
DATA-0598,data/result_scan_head/results_logs_scan_ohsinglora/ohsinglora_ucf101_4shot_heads2.log,.log,186032,2025-10-02T08:56:32Z,9641BA2D20218EF2B6D839D6F76512643F50768D1280B21DD1ACB6A0473893D9,ohsinglora,ucf101,4shot,,,2,,,,,,,,read,2660,OHSINGLORA,80.86,65.21,**** Final test accuracy with OHSINGLORA: 80.86. ****,OHSINGLORA weights saved to ./checkpoints/ohsinglora/ViT-B16/ucf101/4shots/seed1/adapter_weights.pt,,
DATA-0599,data/result_scan_head/results_logs_scan_ohsinglora/ohsinglora_ucf101_4shot_heads4.log,.log,188689,2025-10-09T02:17:10Z,E492179D561703419ABD52D7F13AA2713C4788753799E49843F9166CCA922132,ohsinglora,ucf101,4shot,,,4,,,,,,,,read,2661,,,65.21,**** Final test accuracy with OHSINGLORA:,OHSINGLORA weights saved to ./checkpoints/ohsinglora/ViT-B16/ucf101/4shots/seed1/adapter_weights.pt,,
DATA-0600,data/result_scan_head/results_logs_scan_ohsinglora/ohsinglora_ucf101_4shot_r2_h1.log,.log,186032,2025-10-09T03:43:17Z,F56A76B5B9C4852D60AE77732269110EE1AF330A1F18D2E880C7E53F378EA872,ohsinglora,ucf101,4shot,,2,1,,,,,,,,read,2660,OHSINGLORA,80.41,65.21,**** Final test accuracy with OHSINGLORA: 80.41. ****,OHSINGLORA weights saved to ./checkpoints/ohsinglora/ViT-B16/ucf101/4shots/seed1/adapter_weights.pt,,
DATA-0601,data/result_scan_head/results_logs_scan_ohsinglora/summary_ohsinglora_16shot.csv,.csv,4675,2025-12-12T13:13:06Z,6CEBFB5E54EF8EB65FD2635B39B10B1E08EF14D68989ACC5825287C4B0E0B4FD,ohsinglora,,16shot,,,,,,,,,,,,,,,,,,32,dataset;shots;adapter;rank;heads;lambda_o;params;time(s);accuracy;log_file;checkpoint_path
DATA-0602,data/result_scan_loss/loss4lora.zip,.zip,687238,2025-09-30T14:36:49Z,D358553E6B0EC6B8027166EDAD5918F1F820331F5C2BD6B6CB9A40ED1047A3F8,lora,,,,,,,,,,,,,,,,,,,,,
DATA-0603,data/result_scan_loss/loss4ohsinglora_last.zip,.zip,316048,2025-09-30T18:44:50Z,4CDA9D61F030D7DB0DA6B0049114E9EF851B52CBEBADD9A2BA670B6D89C75C15,ohsinglora,,,,,,,,,,,,,,,,,,,,,
DATA-0604,data/result_scan_loss/loss_losslora.zip,.zip,354011,2025-09-26T16:31:41Z,24EAD0B8E61CB5982EC11C00E6F42622D1F1BDC74E595A7676626AB60877ECE7,lora,,,,,,,,,,,,,,,,,,,,,
DATA-0605,data/result_scan_loss/loss_ohsinglora.zip,.zip,419189,2025-09-29T12:07:44Z,1753E24091B4A449D6038B3C00FBC99428E1E8F2AFEE20EE8420D56B5FD37B07,ohsinglora,,,,,,,,,,,,,,,,,,,,,
DATA-0606,data/result_scan_loss/loss_ohsinglora1and4.zip,.zip,984438,2025-09-29T18:13:10Z,A051E9BEFCBCC9B7316E874D7EA2B4E90685F9D725D3A86215135C09C9FD738F,ohsinglora,,,,,,,,,,,,,,,,,,,,,
DATA-0607,data/result_scan_loss/result_lora_1shot.zip,.zip,367560,2025-10-08T17:51:38Z,3EF7E12F23AFC03FC2A7CC39AF8C78A091FF1305BB44B15B4B0F3A71D16ECCC9,lora,,1shot,,,,,,,,,,,,,,,,,,,
DATA-0608,data/result_scan_loss/result_loss_loRA/dtd_arcface_shot1.log,.log,80678,2025-08-10T03:31:56Z,0F25F67B41D9D791F9893B1762BD2768F083E55A9EE3CADFE357CAA95F490A77,lora,dtd,,,,,,arcface,,,,,,read,1819,,,44.39,**** Final test accuracy: 54.43. ****,,,
DATA-0609,data/result_scan_loss/result_loss_loRA/dtd_arcface_shot4.log,.log,179085,2025-08-10T03:31:56Z,3636211BC3206E586B5FE93F3C6926B67634488B5EC573D7E906613AF0C915CC,lora,dtd,,,,,,arcface,,,,,,read,3655,,,44.39,**** Final test accuracy: 61.41. ****,,,
DATA-0610,data/result_scan_loss/result_loss_loRA/dtd_ce_center_shot1.log,.log,80608,2025-08-10T03:31:56Z,6C79A27FF0F8DDFC7F8C2504EAB364667B0DDABC7355B036C9CF7CC16CD141E9,lora,dtd,,,,,,center,,,,,,read,1819,,,44.39,**** Final test accuracy: 53.90. ****,,,
DATA-0611,data/result_scan_loss/result_loss_loRA/dtd_ce_center_shot4.log,.log,179052,2025-08-10T03:31:56Z,92A1EA4043341DB81BB1E121BE6D733D9983040F9208564528F9ADF90E25D182,lora,dtd,,,,,,center,,,,,,read,3655,,,44.39,**** Final test accuracy: 64.01. ****,,,
DATA-0612,data/result_scan_loss/result_loss_loRA/dtd_ce_ls_shot1.log,.log,80577,2025-08-10T03:31:56Z,4EEB19E86C2B22A5E9D7817BE57748B3E2394AEE29C699F565D5F44C3FE1C41B,lora,dtd,,,,,,ce,,,,,,read,1818,,,44.39,**** Final test accuracy: 53.01. ****,,,
DATA-0613,data/result_scan_loss/result_loss_loRA/dtd_ce_ls_shot4.log,.log,179061,2025-08-10T03:31:56Z,48C0A80AC32DF12B6AADF8703E4FD92EF573EA1ACBAE90F56AB893AEA8727C06,lora,dtd,,,,,,ce,,,,,,read,3654,,,44.39,**** Final test accuracy: 63.59. ****,,,
DATA-0614,data/result_scan_loss/result_loss_loRA/dtd_ce_maxent_shot1.log,.log,80632,2025-08-10T03:31:56Z,67918C33C2E04C151E11B8FA675D5C81A3CCE539EBE0790B42AC844F3DE82311,lora,dtd,,,,,,ce,,,,,,read,1819,,,44.39,**** Final test accuracy: 53.90. ****,,,
DATA-0615,data/result_scan_loss/result_loss_loRA/dtd_ce_maxent_shot4.log,.log,179079,2025-08-10T03:31:56Z,B0444EBBB932232E3B59F01695BAB07B339A96144EB10772950B120AD411E43B,lora,dtd,,,,,,ce,,,,,,read,3655,,,44.39,**** Final test accuracy: 64.42. ****,,,
DATA-0616,data/result_scan_loss/result_loss_loRA/dtd_ce_shot1.log,.log,112370,2025-08-10T03:31:56Z,5E93AFBCC25BAF82FD946871B704A9638958C9781F4586DC240B6C5E45002169,lora,dtd,,,,,,ce,,,,,,read,2085,,,44.39,**** Final test accuracy: 54.14. ****,,,
DATA-0617,data/result_scan_loss/result_loss_loRA/dtd_ce_shot4.log,.log,80686,2025-08-10T03:31:56Z,08CA2D3CE47D87DD554E748388647DFA6C38A24C12046708EDD7A04792A3A02D,lora,dtd,,,,,,ce,,,,,,read,1819,,,44.39,**** Final test accuracy: 53.66. ****,,,
DATA-0618,data/result_scan_loss/result_loss_loRA/dtd_cosface_shot1.log,.log,80686,2025-08-10T03:31:56Z,08CA2D3CE47D87DD554E748388647DFA6C38A24C12046708EDD7A04792A3A02D,lora,dtd,,,,,,cosface,,,,,,read,1819,,,44.39,**** Final test accuracy: 53.66. ****,,,
DATA-0619,data/result_scan_loss/result_loss_loRA/dtd_cosface_shot4.log,.log,179085,2025-08-10T03:31:56Z,CB507D62087903C5FC21B726B1C2FD3B272FDBEE4C2AC7A84F6BB87D08D67CCD,lora,dtd,,,,,,cosface,,,,,,read,3655,,,44.39,**** Final test accuracy: 60.58. ****,,,
DATA-0620,data/result_scan_loss/result_loss_loRA/eurosat_arcface_shot1.log,.log,121366,2025-08-10T03:31:56Z,9C6BFFB911967DEB14BB44ADFED0FBD170C0A3A3D229C6F2A91948318DE3A929,lora,eurosat,,,,,,arcface,,,,,,read,2844,,,42.16,**** Final test accuracy: 71.83. ****,,,
DATA-0621,data/result_scan_loss/result_loss_loRA/eurosat_arcface_shot4.log,.log,217673,2025-08-10T03:31:56Z,7E8958CA8A710E086799003283844203374EF7D68BA13F8B8CE4B018D4123AB5,lora,eurosat,,,,,,arcface,,,,,,read,5345,,,42.16,**** Final test accuracy: 86.73. ****,,,
DATA-0622,data/result_scan_loss/result_loss_loRA/eurosat_ce_center_shot1.log,.log,121296,2025-08-10T03:31:56Z,1B14F0F93DBFCB7364EEFF90EBED65940DFE8C3062BC9F946728601A7C24F2C0,lora,eurosat,,,,,,center,,,,,,read,2844,,,42.16,**** Final test accuracy: 70.16. ****,,,
DATA-0623,data/result_scan_loss/result_loss_loRA/eurosat_ce_center_shot4.log,.log,217630,2025-08-10T03:31:56Z,4B89CBBBD0309F32EA25155AF121C6ADF0AE1EA6F5511668D3F92F08CA231359,lora,eurosat,,,,,,center,,,,,,read,5345,,,42.16,**** Final test accuracy: 87.09. ****,,,
DATA-0624,data/result_scan_loss/result_loss_loRA/eurosat_ce_ls_shot1.log,.log,121276,2025-08-10T03:31:56Z,7178D857B6C32B0D7044CF0F1433BBFA5B688914C901527F5B4805B17DE88AA9,lora,eurosat,,,,,,ce,,,,,,read,2843,,,42.16,**** Final test accuracy: 70.15. ****,,,
DATA-0625,data/result_scan_loss/result_loss_loRA/eurosat_ce_ls_shot4.log,.log,217622,2025-08-10T03:31:56Z,3380B30C4D4309A555B3ED5697DC97B4482E30F5521D85BBE25AE413356405C7,lora,eurosat,,,,,,ce,,,,,,read,5344,,,42.16,**** Final test accuracy: 86.89. ****,,,
DATA-0626,data/result_scan_loss/result_loss_loRA/eurosat_ce_maxent_shot1.log,.log,121333,2025-08-10T03:31:56Z,863EBA23D30C75EBFDCA94DA97EFA3D21209FD4079CDF6C42DEAB29A1971921F,lora,eurosat,,,,,,ce,,,,,,read,2844,,,42.16,**** Final test accuracy: 71.68. ****,,,
DATA-0627,data/result_scan_loss/result_loss_loRA/eurosat_ce_maxent_shot4.log,.log,217645,2025-08-10T03:31:56Z,02194F66E7E53CAC145C67D44CF890966589FC596146AA930EB34D53583FDCD7,lora,eurosat,,,,,,ce,,,,,,read,5345,,,42.16,**** Final test accuracy: 87.35. ****,,,
DATA-0628,data/result_scan_loss/result_loss_loRA/eurosat_ce_shot1.log,.log,121272,2025-08-10T03:31:56Z,80040C7EAF6130A053E844CB5AF08279382E93C3BF7C0F765F039B0A7B0B485E,lora,eurosat,,,,,,ce,,,,,,read,2843,,,42.16,**** Final test accuracy: 71.99. ****,,,
DATA-0629,data/result_scan_loss/result_loss_loRA/eurosat_ce_shot4.log,.log,217592,2025-08-10T03:31:56Z,452F745F8BFEEC5117F8A69B8EF7E681718D41D32ED1D23398718F598C586A61,lora,eurosat,,,,,,ce,,,,,,read,5344,,,42.16,**** Final test accuracy: 87.27. ****,,,
DATA-0630,data/result_scan_loss/result_loss_loRA/eurosat_cosface_shot1.log,.log,121366,2025-08-10T03:31:56Z,DF4E5D59B11B7A38B69B010D4140CEEA43BD1C120F9EAEC9596B0FE7B55F3393,lora,eurosat,,,,,,cosface,,,,,,read,2844,,,42.16,**** Final test accuracy: 71.46. ****,,,
DATA-0631,data/result_scan_loss/result_loss_loRA/eurosat_cosface_shot4.log,.log,217662,2025-08-10T03:31:56Z,CA5AB988D71D033F09D084343C7FEC592D1E4A2DCFFDD02C0A770B1ADD38E975,lora,eurosat,,,,,,cosface,,,,,,read,5345,,,42.16,**** Final test accuracy: 87.14. ****,,,
DATA-0632,data/result_scan_loss/result_loss_loRA/fgvc_arcface_shot1.log,.log,46492,2025-08-10T03:31:56Z,258B7CE91C5E52D986E61D04EECDB9D09D2BB41B3BF21EE17DFCEAC161A10024,lora,fgvc,,,,,,arcface,,,,,,read,1076,,,23.73,**** Final test accuracy: 27.69. ****,,,
DATA-0633,data/result_scan_loss/result_loss_loRA/fgvc_arcface_shot4.log,.log,99830,2025-08-10T03:31:56Z,8AE212FC1E91FF52A35B73DC02C9D0E9ADBCFE48EBD0903FEC2FC446750E8473,lora,fgvc,,,,,,arcface,,,,,,read,2019,,,23.73,**** Final test accuracy: 0.96. ****,,,
DATA-0634,data/result_scan_loss/result_loss_loRA/fgvc_ce_center_shot1.log,.log,46361,2025-08-10T03:31:56Z,B1A03743506DBF0B8C31DB0617156E9C468612AD6FDE740E731E4741B7F52B92,lora,fgvc,,,,,,center,,,,,,read,1076,,,23.73,**** Final test accuracy: 27.75. ****,,,
DATA-0635,data/result_scan_loss/result_loss_loRA/fgvc_ce_center_shot4.log,.log,99976,2025-08-10T03:31:56Z,EFB28530A8E15ECAFD31798E34DA387A9A7A2A27F3A245976ACB3F18577473D6,lora,fgvc,,,,,,center,,,,,,read,2019,,,23.73,**** Final test accuracy: 38.31. ****,,,
DATA-0636,data/result_scan_loss/result_loss_loRA/fgvc_ce_ls_shot1.log,.log,46326,2025-08-10T03:31:56Z,E481CB0DC64A483D59E5530800884570DA89378B41DA6B5A1EBEE1F2316D9028,lora,fgvc,,,,,,ce,,,,,,read,1075,,,23.73,**** Final test accuracy: 25.83. ****,,,
DATA-0637,data/result_scan_loss/result_loss_loRA/fgvc_ce_ls_shot4.log,.log,99890,2025-08-10T03:31:56Z,F9B115E7BDE91FB0FC043986316C61E34C4CC9D5DECC67637E61AA291A796F9B,lora,fgvc,,,,,,ce,,,,,,read,2017,,,23.73,**** Final test accuracy: 33.36. ****,,,
DATA-0638,data/result_scan_loss/result_loss_loRA/fgvc_ce_maxent_shot1.log,.log,46386,2025-08-10T03:31:56Z,8EF20749B809BD123AF6B4BCAFDC281C763D5A3AF1BF19D828A9BE0C5AA529D9,lora,fgvc,,,,,,ce,,,,,,read,1076,,,23.73,**** Final test accuracy: 28.08. ****,,,
DATA-0639,data/result_scan_loss/result_loss_loRA/fgvc_ce_maxent_shot4.log,.log,100033,2025-08-10T03:31:56Z,F0A0E939516A58DBE2A7A485EE7DB03626A21F803DC760395F9367E009A93724,lora,fgvc,,,,,,ce,,,,,,read,2019,,,23.73,**** Final test accuracy: 38.79. ****,,,
DATA-0640,data/result_scan_loss/result_loss_loRA/fgvc_ce_shot1.log,.log,46326,2025-08-10T03:31:56Z,11A8D386471E31B1C37F34663D64A54ED9691ADE2113C89B37FB6733570A15B2,lora,fgvc,,,,,,ce,,,,,,read,1075,,,23.73,**** Final test accuracy: 27.84. ****,,,
DATA-0641,data/result_scan_loss/result_loss_loRA/fgvc_ce_shot4.log,.log,99890,2025-08-10T03:31:56Z,0EBB154A19517C793042E9A6F7EC086F1ABF86CC24B53F94DED5A6623D47C46B,lora,fgvc,,,,,,ce,,,,,,read,2017,,,23.73,**** Final test accuracy: 38.94. ****,,,
DATA-0642,data/result_scan_loss/result_loss_loRA/fgvc_cosface_shot1.log,.log,46552,2025-08-10T03:31:56Z,F3D79A53F736DECC7C8B3BFACEAFF8779E46112B789F640B7BF3E4263BE8C818,lora,fgvc,,,,,,cosface,,,,,,read,1077,,,23.73,**** Final test accuracy: 27.54. ****,,,
DATA-0643,data/result_scan_loss/result_loss_loRA/fgvc_cosface_shot4.log,.log,100085,2025-08-10T03:31:56Z,C08B3A889E922B3DA8ACCAC19EB5BAB8F0412FB40A7D708F194487D4AA54C233,lora,fgvc,,,,,,cosface,,,,,,read,2018,,,23.73,**** Final test accuracy: 38.94. ****,,,
DATA-0644,data/result_scan_loss/result_loss_loRA/lora_food101_4shot.log,.log,214270,2025-09-19T15:55:38Z,D494CF2638B95F523009BC218C0A4D00857CAA2DE05304DD351CB5D0CD2450DE,lora,food101,4shot,,,,,,,,,,,read,3134,LORA,83.72,85.26,**** Final test accuracy with LORA: 83.72. ****,LoRA weights saved to ./checkpoints/vitb16/food101/4shots/seed1/adapter_weights.pt,,
DATA-0645,data/result_scan_loss/result_loss_loRA/lora_oxford_flowers_4shot.log,.log,197358,2025-09-19T15:55:44Z,00D6DAA99FBA056DCA05A322AFE37A44600812D70AB3498B631267B98BED8887,lora,oxford_flowers,4shot,,,,,,,,,,,read,2938,LORA,93.67,67.40,**** Final test accuracy with LORA: 93.67. ****,LoRA weights saved to ./checkpoints/vitb16/oxford_flowers/4shots/seed1/adapter_weights.pt,,
DATA-0646,data/result_scan_loss/result_loss_loRA/lora_oxford_pets_4shot.log,.log,251347,2025-09-19T16:20:25Z,91A6A6022A081D84D9C5FA5216C7CC1BD05B92A1666F2BE47891864334473517,lora,oxford_pets,4shot,,,,,,,,,,,read,3927,LORA,91.06,88.20,**** Final test accuracy with LORA: 91.06. ****,LoRA weights saved to ./checkpoints/vitb16/oxford_pets/4shots/seed1/adapter_weights.pt,,
DATA-0647,data/result_scan_loss/result_loss_loRA/lora_ucf101_4shot.log,.log,197708,2025-09-19T15:55:52Z,00BA26F18E667C2CD38E4ABD8DF3AAF6C6073CA8284EC77B7A23B6859E38D25C,lora,ucf101,4shot,,,,,,,,,,,read,2944,LORA,80.39,65.21,**** Final test accuracy with LORA: 80.39. ****,LoRA weights saved to ./checkpoints/vitb16/ucf101/4shots/seed1/adapter_weights.pt,,
DATA-0648,data/result_scan_loss/results_logs_loss_lora/lora_caltech101_1shot_arcface_LAMBDA_O0.03.log,.log,59256,2025-10-08T17:33:00Z,B794A1067923FC81764A07ACD8AF957F581849734835DCFB030622B5014B64B7,lora,caltech101,1shot,,,101,0.03,arcface,,,,,,read,1073,LORA,94.16,93.31,**** Final test accuracy with LORA: 94.16. ****,LoRA weights saved to ./checkpoints/vitb16/caltech101/1shots/seed1/adapter_weights.pt,,
DATA-0649,data/result_scan_loss/results_logs_loss_lora/lora_caltech101_1shot_ce_center_LAMBDA_O0.03.log,.log,59126,2025-10-08T17:34:59Z,F83DE3E8C8C04401F0E5CE619BAE51BBF4E02A792F1D3BB70C6F0249332FC6C3,lora,caltech101,1shot,,,101,0.03,center,,,,,,read,1073,LORA,94.16,93.31,**** Final test accuracy with LORA: 94.16. ****,LoRA weights saved to ./checkpoints/vitb16/caltech101/1shots/seed1/adapter_weights.pt,,
DATA-0650,data/result_scan_loss/results_logs_loss_lora/lora_caltech101_1shot_ce_LAMBDA_O0.03.log,.log,59112,2025-10-08T17:31:02Z,5AC696901EF7ABD2EE87CE785AE8D0896577BC575B78540D16A1E8E87F5A5450,lora,caltech101,1shot,,,101,0.03,ce,,,,,,read,1073,LORA,93.67,93.31,**** Final test accuracy with LORA: 93.67. ****,LoRA weights saved to ./checkpoints/vitb16/caltech101/1shots/seed1/adapter_weights.pt,,
DATA-0651,data/result_scan_loss/results_logs_loss_lora/lora_caltech101_1shot_ce_ls_LAMBDA_O0.03.log,.log,59118,2025-10-08T17:32:02Z,5808BE3FA2ED8D97EB9B7F26EEE868A4E9F3EA4790E6B9736FAC8755485F1975,lora,caltech101,1shot,,,101,0.03,ce,,,,,,read,1073,LORA,94.16,93.31,**** Final test accuracy with LORA: 94.16. ****,LoRA weights saved to ./checkpoints/vitb16/caltech101/1shots/seed1/adapter_weights.pt,,
DATA-0652,data/result_scan_loss/results_logs_loss_lora/lora_caltech101_1shot_ce_maxent_LAMBDA_O0.03.log,.log,59250,2025-10-08T17:35:58Z,E3A7BA72D1D0599E18CEA18918BE81D8E5A9F330AC8BD649F194C77A23C0F775,lora,caltech101,1shot,,,101,0.03,ce,,,,,,read,1073,LORA,93.71,93.31,**** Final test accuracy with LORA: 93.71. ****,LoRA weights saved to ./checkpoints/vitb16/caltech101/1shots/seed1/adapter_weights.pt,,
DATA-0653,data/result_scan_loss/results_logs_loss_lora/lora_caltech101_1shot_cosface_LAMBDA_O0.03.log,.log,59166,2025-10-08T17:34:00Z,EAF6CCD7F5E8F118B9B3373CEA32630A16A30137549D9DA4F23748A2A3E4A8C3,lora,caltech101,1shot,,,101,0.03,cosface,,,,,,read,1073,LORA,93.96,93.31,**** Final test accuracy with LORA: 93.96. ****,LoRA weights saved to ./checkpoints/vitb16/caltech101/1shots/seed1/adapter_weights.pt,,
DATA-0654,data/result_scan_loss/results_logs_loss_lora/lora_caltech101_4shot_arcface_LAMBDA_O0.03.log,.log,129409,2025-09-30T09:58:14Z,683651222F0EA24606E0A7418C300A6A27D6B734978FA897A51A20D32767DED9,lora,caltech101,4shot,,,101,0.03,arcface,,,,,,read,2022,LORA,94.32,93.31,**** Final test accuracy with LORA: 94.32. ****,LoRA weights saved to ./checkpoints/vitb16/caltech101/4shots/seed1/adapter_weights.pt,,
DATA-0655,data/result_scan_loss/results_logs_loss_lora/lora_caltech101_4shot_ce_center_LAMBDA_O0.03.log,.log,129085,2025-09-30T10:07:32Z,249B0064A7EC520197F0AEA266064754FACE2D5B55904BF47F3FAE4957AFBE62,lora,caltech101,4shot,,,101,0.03,center,,,,,,read,2019,LORA,95.42,93.31,**** Final test accuracy with LORA: 95.42. ****,LoRA weights saved to ./checkpoints/vitb16/caltech101/4shots/seed1/adapter_weights.pt,,
DATA-0656,data/result_scan_loss/results_logs_loss_lora/lora_caltech101_4shot_ce_LAMBDA_O0.03.log,.log,129038,2025-09-30T09:48:55Z,B3D9DC1B8ECAC7D638678A063A72D76FA468B97D914098565EA5ADA0CF8B7192,lora,caltech101,4shot,,,101,0.03,ce,,,,,,read,2018,LORA,95.58,93.31,**** Final test accuracy with LORA: 95.58. ****,LoRA weights saved to ./checkpoints/vitb16/caltech101/4shots/seed1/adapter_weights.pt,,
DATA-0657,data/result_scan_loss/results_logs_loss_lora/lora_caltech101_4shot_ce_ls_LAMBDA_O0.03.log,.log,129051,2025-09-30T09:53:35Z,69B4D6859205C98E46A20A2D935F0CD0CDAFEB1E2E5EB63A5A4C8118941E06EC,lora,caltech101,4shot,,,101,0.03,ce,,,,,,read,2018,LORA,95.70,93.31,**** Final test accuracy with LORA: 95.70. ****,LoRA weights saved to ./checkpoints/vitb16/caltech101/4shots/seed1/adapter_weights.pt,,
DATA-0658,data/result_scan_loss/results_logs_loss_lora/lora_caltech101_4shot_ce_maxent_LAMBDA_O0.03.log,.log,129229,2025-09-30T10:12:08Z,B94F4BBDEBF48D832223C52A5896B163422ACF5C338099AD85E50B1163B7FB07,lora,caltech101,4shot,,,101,0.03,ce,,,,,,read,2018,LORA,95.42,93.31,**** Final test accuracy with LORA: 95.42. ****,LoRA weights saved to ./checkpoints/vitb16/caltech101/4shots/seed1/adapter_weights.pt,,
DATA-0659,data/result_scan_loss/results_logs_loss_lora/lora_caltech101_4shot_cosface_LAMBDA_O0.03.log,.log,129005,2025-09-30T10:02:54Z,F38F8846B971F67DDF80891B0FD4FFF18128534B61A02F574F02DEAEBE5D4FD5,lora,caltech101,4shot,,,101,0.03,cosface,,,,,,read,2017,LORA,94.56,93.31,**** Final test accuracy with LORA: 94.56. ****,LoRA weights saved to ./checkpoints/vitb16/caltech101/4shots/seed1/adapter_weights.pt,,
DATA-0660,data/result_scan_loss/results_logs_loss_lora/lora_dtd_1shot_arcface_LAMBDA_O0.03.log,.log,86943,2025-10-08T17:39:49Z,A5D3883D631B8DBFEAE6FD66C508FE3F810018CFFE525F33513907F50F8FAB35,lora,dtd,1shot,,,,0.03,arcface,,,,,,read,1570,LORA,54.61,44.39,**** Final test accuracy with LORA: 54.61. ****,LoRA weights saved to ./checkpoints/vitb16/dtd/1shots/seed1/adapter_weights.pt,,
DATA-0661,data/result_scan_loss/results_logs_loss_lora/lora_dtd_1shot_ce_center_LAMBDA_O0.03.log,.log,86813,2025-10-08T17:42:22Z,B0B296C35326C812A60A2CC89154D1BAD95BF8E69A80C58F035DD74ABE32C1AF,lora,dtd,1shot,,,,0.03,center,,,,,,read,1570,LORA,54.49,44.39,**** Final test accuracy with LORA: 54.49. ****,LoRA weights saved to ./checkpoints/vitb16/dtd/1shots/seed1/adapter_weights.pt,,
DATA-0662,data/result_scan_loss/results_logs_loss_lora/lora_dtd_1shot_ce_LAMBDA_O0.03.log,.log,86798,2025-10-08T17:37:15Z,AC4B423151C7DCF1608D95EACAE1D5B5FB0F16FA64BC765383083471D2E718FA,lora,dtd,1shot,,,,0.03,ce,,,,,,read,1570,LORA,54.61,44.39,**** Final test accuracy with LORA: 54.61. ****,LoRA weights saved to ./checkpoints/vitb16/dtd/1shots/seed1/adapter_weights.pt,,
DATA-0663,data/result_scan_loss/results_logs_loss_lora/lora_dtd_1shot_ce_ls_LAMBDA_O0.03.log,.log,86804,2025-10-08T17:38:32Z,7EB009E2C6D6EFF1B68F739ADAF968804B6FA093A49E070F801CAF591E003D9A,lora,dtd,1shot,,,,0.03,ce,,,,,,read,1570,LORA,51.65,44.39,**** Final test accuracy with LORA: 51.65. ****,LoRA weights saved to ./checkpoints/vitb16/dtd/1shots/seed1/adapter_weights.pt,,
DATA-0664,data/result_scan_loss/results_logs_loss_lora/lora_dtd_1shot_ce_maxent_LAMBDA_O0.03.log,.log,87085,2025-10-08T17:43:38Z,43A05B672CBED248CBBED14C0014DC121CD4C3465363F07C88D60749DB7BFD3D,lora,dtd,1shot,,,,0.03,ce,,,,,,read,1570,LORA,54.20,44.39,**** Final test accuracy with LORA: 54.20. ****,LoRA weights saved to ./checkpoints/vitb16/dtd/1shots/seed1/adapter_weights.pt,,
DATA-0665,data/result_scan_loss/results_logs_loss_lora/lora_dtd_1shot_cosface_LAMBDA_O0.03.log,.log,86883,2025-10-08T17:41:06Z,5019B6F9BF1A0157850964A50E77BBCA7E06E61C67DD80ABD910E95AEDE6C1D5,lora,dtd,1shot,,,,0.03,cosface,,,,,,read,1570,LORA,55.02,44.39,**** Final test accuracy with LORA: 55.02. ****,LoRA weights saved to ./checkpoints/vitb16/dtd/1shots/seed1/adapter_weights.pt,,
DATA-0666,data/result_scan_loss/results_logs_loss_lora/lora_dtd_4shot_arcface_LAMBDA_O0.03.log,.log,163256,2025-09-30T08:39:02Z,403D61AB52F74FC9A9176C7A1E3BFEE1B5F9800EDDDDF0A48780C8A1C311DBD4,lora,dtd,4shot,,,,0.03,arcface,,,,,,read,2676,LORA,60.17,44.39,**** Final test accuracy with LORA: 60.17. ****,LoRA weights saved to ./checkpoints/vitb16/dtd/4shots/seed1/adapter_weights.pt,,
DATA-0667,data/result_scan_loss/results_logs_loss_lora/lora_dtd_4shot_ce_center_LAMBDA_O0.03.log,.log,162515,2025-09-30T08:51:05Z,3CA24092E93027F9F72600B189017F0B2837A607DBA086E22DD00A804A5937E2,lora,dtd,4shot,,,,0.03,center,,,,,,read,2667,LORA,65.19,44.39,**** Final test accuracy with LORA: 65.19. ****,LoRA weights saved to ./checkpoints/vitb16/dtd/4shots/seed1/adapter_weights.pt,,
DATA-0668,data/result_scan_loss/results_logs_loss_lora/lora_dtd_4shot_ce_LAMBDA_O0.03.log,.log,163813,2025-09-30T08:26:52Z,A9FC45E1B35EB439474BAB8550CFD42AC25B2E12816C100029ECB6327521C5E7,lora,dtd,4shot,,,,0.03,ce,,,,,,read,2684,LORA,65.19,44.39,**** Final test accuracy with LORA: 65.19. ****,LoRA weights saved to ./checkpoints/vitb16/dtd/4shots/seed1/adapter_weights.pt,,
DATA-0669,data/result_scan_loss/results_logs_loss_lora/lora_dtd_4shot_ce_ls_LAMBDA_O0.03.log,.log,163231,2025-09-30T08:32:54Z,05DDC24C7D547B12608B11F0E01ADD9D19460AE60B7D40136F955B836EA39695,lora,dtd,4shot,,,,0.03,ce,,,,,,read,2676,LORA,62.29,44.39,**** Final test accuracy with LORA: 62.29. ****,LoRA weights saved to ./checkpoints/vitb16/dtd/4shots/seed1/adapter_weights.pt,,
DATA-0670,data/result_scan_loss/results_logs_loss_lora/lora_dtd_4shot_ce_maxent_LAMBDA_O0.03.log,.log,162799,2025-09-30T08:57:05Z,72C565364A65C69441934CDB41E94D94290C51EF8CA36336033EF676BF4290E2,lora,dtd,4shot,,,,0.03,ce,,,,,,read,2666,LORA,64.01,44.39,**** Final test accuracy with LORA: 64.01. ****,LoRA weights saved to ./checkpoints/vitb16/dtd/4shots/seed1/adapter_weights.pt,,
DATA-0671,data/result_scan_loss/results_logs_loss_lora/lora_dtd_4shot_cosface_LAMBDA_O0.03.log,.log,163045,2025-09-30T08:45:03Z,F34926657AC4394D4D2F24422163FBD6E3E7F6C6AD0221034A5E170B171D4368,lora,dtd,4shot,,,,0.03,cosface,,,,,,read,2673,LORA,60.11,44.39,**** Final test accuracy with LORA: 60.11. ****,LoRA weights saved to ./checkpoints/vitb16/dtd/4shots/seed1/adapter_weights.pt,,
DATA-0672,data/result_scan_loss/results_logs_loss_lora/lora_eurosat_1shot_arcface_LAMBDA_O0.03.log,.log,166893,2025-10-08T17:02:14Z,3C444D574D75D161562BB63AF61D450213FBBF30EA236CE75BEADE8FE5FCD677,lora,eurosat,1shot,,,,0.03,arcface,,,,,,read,2844,LORA,64.17,42.16,**** Final test accuracy with LORA: 64.17. ****,LoRA weights saved to ./checkpoints/vitb16/eurosat/1shots/seed1/adapter_weights.pt,,
DATA-0673,data/result_scan_loss/results_logs_loss_lora/lora_eurosat_1shot_ce_center_LAMBDA_O0.03.log,.log,166760,2025-10-08T17:05:07Z,781B915BFA4628971E821C67F9E63F39A7D3F9C59B6AD82209123690A89929CB,lora,eurosat,1shot,,,,0.03,center,,,,,,read,2844,LORA,72.93,42.16,**** Final test accuracy with LORA: 72.93. ****,LoRA weights saved to ./checkpoints/vitb16/eurosat/1shots/seed1/adapter_weights.pt,,
DATA-0674,data/result_scan_loss/results_logs_loss_lora/lora_eurosat_1shot_ce_LAMBDA_O0.03.log,.log,166741,2025-10-08T16:59:23Z,6F33065AB1A171B5DCA55B7F9F04B465FE1CDB3C56BBA7DCD51E375F0A6CED0C,lora,eurosat,1shot,,,,0.03,ce,,,,,,read,2844,LORA,72.88,42.16,**** Final test accuracy with LORA: 72.88. ****,LoRA weights saved to ./checkpoints/vitb16/eurosat/1shots/seed1/adapter_weights.pt,,
DATA-0675,data/result_scan_loss/results_logs_loss_lora/lora_eurosat_1shot_ce_ls_LAMBDA_O0.03.log,.log,166740,2025-10-08T17:00:48Z,0CAC508A5935D5165006F0D20A3BAA33CDB54EC7DF8FA3F33A389C8E8CD7F5FA,lora,eurosat,1shot,,,,0.03,ce,,,,,,read,2844,LORA,71.36,42.16,**** Final test accuracy with LORA: 71.36. ****,LoRA weights saved to ./checkpoints/vitb16/eurosat/1shots/seed1/adapter_weights.pt,,
DATA-0676,data/result_scan_loss/results_logs_loss_lora/lora_eurosat_1shot_ce_maxent_LAMBDA_O0.03.log,.log,167324,2025-10-08T17:06:33Z,F2E8429660BA70626EF9D7AA643426C67A697A45FCF0FF70CF6166BB8FD2F309,lora,eurosat,1shot,,,,0.03,ce,,,,,,read,2843,LORA,71.95,42.16,**** Final test accuracy with LORA: 71.95. ****,LoRA weights saved to ./checkpoints/vitb16/eurosat/1shots/seed1/adapter_weights.pt,,
DATA-0677,data/result_scan_loss/results_logs_loss_lora/lora_eurosat_1shot_cosface_LAMBDA_O0.03.log,.log,166845,2025-10-08T17:03:39Z,DDFD68B40D2C98750F6913896364D5C3439D02901928E5BA902BED1CC42E7722,lora,eurosat,1shot,,,,0.03,cosface,,,,,,read,2844,LORA,64.47,42.16,**** Final test accuracy with LORA: 64.47. ****,LoRA weights saved to ./checkpoints/vitb16/eurosat/1shots/seed1/adapter_weights.pt,,
DATA-0678,data/result_scan_loss/results_logs_loss_lora/lora_eurosat_4shot_arcface_LAMBDA_O0.03.log,.log,314352,2025-09-30T09:20:28Z,1557EDDCFD35E7B827D779F2D5F13C4E6A93087B799D6FAB770D460DE6A63D4E,lora,eurosat,4shot,,,,0.03,arcface,,,,,,read,5347,LORA,86.15,42.16,**** Final test accuracy with LORA: 86.15. ****,LoRA weights saved to ./checkpoints/vitb16/eurosat/4shots/seed1/adapter_weights.pt,,
DATA-0679,data/result_scan_loss/results_logs_loss_lora/lora_eurosat_4shot_ce_center_LAMBDA_O0.03.log,.log,314219,2025-09-30T09:36:21Z,49A47FB7B9CD65963DCCBD62F6F84D1169F01F75FEAB8A6BEB6C36544969783B,lora,eurosat,4shot,,,,0.03,center,,,,,,read,5347,LORA,88.86,42.16,**** Final test accuracy with LORA: 88.86. ****,LoRA weights saved to ./checkpoints/vitb16/eurosat/4shots/seed1/adapter_weights.pt,,
DATA-0680,data/result_scan_loss/results_logs_loss_lora/lora_eurosat_4shot_ce_LAMBDA_O0.03.log,.log,314242,2025-09-30T09:04:36Z,32C71A35F973DDF9E19B8C96276C0A9FB8049F1AB7DAAF0D677FF64BA2DA251F,lora,eurosat,4shot,,,,0.03,ce,,,,,,read,5347,LORA,87.49,42.16,**** Final test accuracy with LORA: 87.49. ****,LoRA weights saved to ./checkpoints/vitb16/eurosat/4shots/seed1/adapter_weights.pt,,
DATA-0681,data/result_scan_loss/results_logs_loss_lora/lora_eurosat_4shot_ce_ls_LAMBDA_O0.03.log,.log,314264,2025-09-30T09:12:30Z,4AE8A763E216A71438E7AC30661AE0F72F24CE18798FA8BB678A7E87B34922C1,lora,eurosat,4shot,,,,0.03,ce,,,,,,read,5347,LORA,88.04,42.16,**** Final test accuracy with LORA: 88.04. ****,LoRA weights saved to ./checkpoints/vitb16/eurosat/4shots/seed1/adapter_weights.pt,,
DATA-0682,data/result_scan_loss/results_logs_loss_lora/lora_eurosat_4shot_ce_maxent_LAMBDA_O0.03.log,.log,315418,2025-09-30T09:44:15Z,39C0A8C55EF1A3DD31A44FC625F8152B7577B38E0CE35FF5074B7D37F59BC830,lora,eurosat,4shot,,,,0.03,ce,,,,,,read,5347,LORA,88.33,42.16,**** Final test accuracy with LORA: 88.33. ****,LoRA weights saved to ./checkpoints/vitb16/eurosat/4shots/seed1/adapter_weights.pt,,
DATA-0683,data/result_scan_loss/results_logs_loss_lora/lora_eurosat_4shot_cosface_LAMBDA_O0.03.log,.log,314352,2025-09-30T09:28:28Z,F80662BFBE1E6B64E28BAAFC8E08F747EFA1E41F0083238D89A383419CECAB9F,lora,eurosat,4shot,,,,0.03,cosface,,,,,,read,5347,LORA,86.31,42.16,**** Final test accuracy with LORA: 86.31. ****,LoRA weights saved to ./checkpoints/vitb16/eurosat/4shots/seed1/adapter_weights.pt,,
DATA-0684,data/result_scan_loss/results_logs_loss_lora/lora_fgvc_1shot_arcface_LAMBDA_O0.03.log,.log,59540,2025-10-08T16:53:40Z,EF6196CAEA01BD8B0DECDA80C2BA5E3516E86078780E81B433CE9FAB5A55B20E,lora,fgvc,1shot,,,,0.03,arcface,,,,,,read,1076,LORA,26.55,23.73,**** Final test accuracy with LORA: 26.55. ****,LoRA weights saved to ./checkpoints/vitb16/fgvc/1shots/seed1/adapter_weights.pt,,
DATA-0685,data/result_scan_loss/results_logs_loss_lora/lora_fgvc_1shot_ce_center_LAMBDA_O0.03.log,.log,59296,2025-10-08T16:56:23Z,07FAE596D403AA0500A7C038A55A581A04332B81CEB39C8D4C756D091391810B,lora,fgvc,1shot,,,,0.03,center,,,,,,read,1076,LORA,28.29,23.73,**** Final test accuracy with LORA: 28.29. ****,LoRA weights saved to ./checkpoints/vitb16/fgvc/1shots/seed1/adapter_weights.pt,,
DATA-0686,data/result_scan_loss/results_logs_loss_lora/lora_fgvc_1shot_ce_LAMBDA_O0.03.log,.log,59282,2025-10-08T16:50:57Z,C3569D59011D66BCE020F4C172744D605B8612DEDD773EBB39A96EDADEC7767E,lora,fgvc,1shot,,,,0.03,ce,,,,,,read,1076,LORA,28.71,23.73,**** Final test accuracy with LORA: 28.71. ****,LoRA weights saved to ./checkpoints/vitb16/fgvc/1shots/seed1/adapter_weights.pt,,
DATA-0687,data/result_scan_loss/results_logs_loss_lora/lora_fgvc_1shot_ce_ls_LAMBDA_O0.03.log,.log,59288,2025-10-08T16:52:18Z,A26041A1019872CE0BE3B74FF5E0E38F7BB835AAB51CD7847CB45024D4E5F2E9,lora,fgvc,1shot,,,,0.03,ce,,,,,,read,1076,LORA,26.58,23.73,**** Final test accuracy with LORA: 26.58. ****,LoRA weights saved to ./checkpoints/vitb16/fgvc/1shots/seed1/adapter_weights.pt,,
DATA-0688,data/result_scan_loss/results_logs_loss_lora/lora_fgvc_1shot_ce_maxent_LAMBDA_O0.03.log,.log,59420,2025-10-08T16:57:44Z,C48E4FD13DD6401932861D7D65D262C1B46946B360BAB41C048C0E7A53AE2C88,lora,fgvc,1shot,,,,0.03,ce,,,,,,read,1076,LORA,28.92,23.73,**** Final test accuracy with LORA: 28.92. ****,LoRA weights saved to ./checkpoints/vitb16/fgvc/1shots/seed1/adapter_weights.pt,,
DATA-0689,data/result_scan_loss/results_logs_loss_lora/lora_fgvc_1shot_cosface_LAMBDA_O0.03.log,.log,59530,2025-10-08T16:55:01Z,535B4A124D1866BC3A1EAA66F462D0A13F9A4EE3AAB3C6D778AE01791302FC0A,lora,fgvc,1shot,,,,0.03,cosface,,,,,,read,1076,LORA,27.81,23.73,**** Final test accuracy with LORA: 27.81. ****,LoRA weights saved to ./checkpoints/vitb16/fgvc/1shots/seed1/adapter_weights.pt,,
DATA-0690,data/result_scan_loss/results_logs_loss_lora/lora_fgvc_4shot_arcface_LAMBDA_O0.03.log,.log,138909,2025-09-30T07:58:13Z,4497D936BCBAF629B04DA3D0208F0E7960442D64C460A614E1B019E554381C6E,lora,fgvc,4shot,,,,0.03,arcface,,,,,,read,2173,LORA,1.08,23.73,**** Final test accuracy with LORA: 1.08. ****,LoRA weights saved to ./checkpoints/vitb16/fgvc/4shots/seed1/adapter_weights.pt,,
DATA-0691,data/result_scan_loss/results_logs_loss_lora/lora_fgvc_4shot_ce_center_LAMBDA_O0.03.log,.log,139700,2025-09-30T08:13:05Z,CB50C45438F9C42AB449BAB96BF372561E15449A2E5B1C227BC214211923AFBE,lora,fgvc,4shot,,,,0.03,center,,,,,,read,2183,LORA,38.61,23.73,**** Final test accuracy with LORA: 38.61. ****,LoRA weights saved to ./checkpoints/vitb16/fgvc/4shots/seed1/adapter_weights.pt,,
DATA-0692,data/result_scan_loss/results_logs_loss_lora/lora_fgvc_4shot_ce_LAMBDA_O0.03.log,.log,150782,2025-09-30T07:43:14Z,C67F4EB0B9370BB148526A3359DC5933C557FC6893B2A2AD1344FF1A7FD8B6B0,lora,fgvc,4shot,,,,0.03,ce,,,,,,read,2271,LORA,39.15,23.73,**** Final test accuracy with LORA: 39.15. ****,LoRA weights saved to ./checkpoints/vitb16/fgvc/4shots/seed1/adapter_weights.pt,,
DATA-0693,data/result_scan_loss/results_logs_loss_lora/lora_fgvc_4shot_ce_ls_LAMBDA_O0.03.log,.log,139607,2025-09-30T07:50:44Z,7AFA6A7A7BA9D9750163199B039B92DA8340BEBA208FBF8184C79872FAC7FC79,lora,fgvc,4shot,,,,0.03,ce,,,,,,read,2181,LORA,35.25,23.73,**** Final test accuracy with LORA: 35.25. ****,LoRA weights saved to ./checkpoints/vitb16/fgvc/4shots/seed1/adapter_weights.pt,,
DATA-0694,data/result_scan_loss/results_logs_loss_lora/lora_fgvc_4shot_ce_maxent_LAMBDA_O0.03.log,.log,140546,2025-09-30T08:20:39Z,6C54EB4934354C32856F4EC6D29063A57ACA33C850D548442BBBB4EDA9E24639,lora,fgvc,4shot,,,,0.03,ce,,,,,,read,2193,LORA,38.91,23.73,**** Final test accuracy with LORA: 38.91. ****,LoRA weights saved to ./checkpoints/vitb16/fgvc/4shots/seed1/adapter_weights.pt,,
DATA-0695,data/result_scan_loss/results_logs_loss_lora/lora_fgvc_4shot_cosface_LAMBDA_O0.03.log,.log,138743,2025-09-30T08:05:38Z,9044ACBB0C511510497C936585C965DB320002FE9421431F5122C7FFD9A98203,lora,fgvc,4shot,,,,0.03,cosface,,,,,,read,2170,LORA,39.12,23.73,**** Final test accuracy with LORA: 39.12. ****,LoRA weights saved to ./checkpoints/vitb16/fgvc/4shots/seed1/adapter_weights.pt,,
DATA-0696,data/result_scan_loss/results_logs_loss_lora/lora_food101_1shot_arcface_LAMBDA_O0.03.log,.log,65831,2025-10-08T17:11:12Z,53D8C826D884E79F29B4F754A613C8FF7737D61A92606E94E5F03B4406B8E95B,lora,food101,1shot,,,,0.03,arcface,,,,,,read,1182,LORA,82.42,85.26,**** Final test accuracy with LORA: 82.42. ****,LoRA weights saved to ./checkpoints/vitb16/food101/1shots/seed1/adapter_weights.pt,,
DATA-0697,data/result_scan_loss/results_logs_loss_lora/lora_food101_1shot_ce_center_LAMBDA_O0.03.log,.log,65669,2025-10-08T17:14:19Z,F7F1EE23EFCA98AC69A6D1CEC0CED184C69D5695D96DB006D647F2CAE08AC725,lora,food101,1shot,,,,0.03,center,,,,,,read,1182,LORA,84.93,85.26,**** Final test accuracy with LORA: 84.93. ****,LoRA weights saved to ./checkpoints/vitb16/food101/1shots/seed1/adapter_weights.pt,,
DATA-0698,data/result_scan_loss/results_logs_loss_lora/lora_food101_1shot_ce_LAMBDA_O0.03.log,.log,65655,2025-10-08T17:08:06Z,66BA804B5D7E45661AFF998D3FE8C5D3811D1B42296E3047077C964674AF298F,lora,food101,1shot,,,,0.03,ce,,,,,,read,1182,LORA,85.08,85.26,**** Final test accuracy with LORA: 85.08. ****,LoRA weights saved to ./checkpoints/vitb16/food101/1shots/seed1/adapter_weights.pt,,
DATA-0699,data/result_scan_loss/results_logs_loss_lora/lora_food101_1shot_ce_ls_LAMBDA_O0.03.log,.log,65662,2025-10-08T17:09:39Z,D4097D766DF4DFC9C5FF38AB5ED05E2BD6C68478E050EBADB3B76B905F815A7B,lora,food101,1shot,,,,0.03,ce,,,,,,read,1182,LORA,84.56,85.26,**** Final test accuracy with LORA: 84.56. ****,LoRA weights saved to ./checkpoints/vitb16/food101/1shots/seed1/adapter_weights.pt,,
DATA-0700,data/result_scan_loss/results_logs_loss_lora/lora_food101_1shot_ce_maxent_LAMBDA_O0.03.log,.log,65793,2025-10-08T17:15:52Z,C87E311A68151ACD129A275E56947CE3480E3DD46CE810D6E019DDB0F635624F,lora,food101,1shot,,,,0.03,ce,,,,,,read,1182,LORA,85.14,85.26,**** Final test accuracy with LORA: 85.14. ****,LoRA weights saved to ./checkpoints/vitb16/food101/1shots/seed1/adapter_weights.pt,,
DATA-0701,data/result_scan_loss/results_logs_loss_lora/lora_food101_1shot_cosface_LAMBDA_O0.03.log,.log,65701,2025-10-08T17:12:46Z,FE2C45AD8B2CCADCAD0ECD6084A535C39D925917372A165F67DE7651FF12B570,lora,food101,1shot,,,,0.03,cosface,,,,,,read,1182,LORA,82.24,85.26,**** Final test accuracy with LORA: 82.24. ****,LoRA weights saved to ./checkpoints/vitb16/food101/1shots/seed1/adapter_weights.pt,,
DATA-0702,data/result_scan_loss/results_logs_loss_lora/lora_food101_4shot_arcface_LAMBDA_O0.03.log,.log,135832,2025-09-30T10:32:38Z,6018C60CB1609BDBC8FF261C6EAD5500F3DDD259FBA31AA51F5AA850518BB103,lora,food101,4shot,,,,0.03,arcface,,,,,,read,2135,LORA,79.17,85.26,**** Final test accuracy with LORA: 79.17. ****,LoRA weights saved to ./checkpoints/vitb16/food101/4shots/seed1/adapter_weights.pt,,
DATA-0703,data/result_scan_loss/results_logs_loss_lora/lora_food101_4shot_ce_center_LAMBDA_O0.03.log,.log,135710,2025-09-30T10:46:22Z,5F5268C2F9D57A8C92FAFDD2ABE3AE03896A2AD1E547E96BF7C5FE1A6F5BE09E,lora,food101,4shot,,,,0.03,center,,,,,,read,2135,LORA,83.72,85.26,**** Final test accuracy with LORA: 83.72. ****,LoRA weights saved to ./checkpoints/vitb16/food101/4shots/seed1/adapter_weights.pt,,
DATA-0704,data/result_scan_loss/results_logs_loss_lora/lora_food101_4shot_ce_LAMBDA_O0.03.log,.log,135482,2025-09-30T10:18:57Z,C2BE08183E5B4704914F57D760604ADB0FCED89E159EA13B4F957A6F352A503D,lora,food101,4shot,,,,0.03,ce,,,,,,read,2132,LORA,83.72,85.26,**** Final test accuracy with LORA: 83.72. ****,LoRA weights saved to ./checkpoints/vitb16/food101/4shots/seed1/adapter_weights.pt,,
DATA-0705,data/result_scan_loss/results_logs_loss_lora/lora_food101_4shot_ce_ls_LAMBDA_O0.03.log,.log,135599,2025-09-30T10:25:44Z,4AB0BB7BCB73A5AD92DD42A67C1C2D6D86380900946746DDCA9D19EFACD07D62,lora,food101,4shot,,,,0.03,ce,,,,,,read,2133,LORA,82.79,85.26,**** Final test accuracy with LORA: 82.79. ****,LoRA weights saved to ./checkpoints/vitb16/food101/4shots/seed1/adapter_weights.pt,,
DATA-0706,data/result_scan_loss/results_logs_loss_lora/lora_food101_4shot_ce_maxent_LAMBDA_O0.03.log,.log,135846,2025-09-30T10:53:10Z,4FC0977C1FB3DD789794F53BC9C8D28FDBD9ED15FA51E1B69FC0C3A54FB4174D,lora,food101,4shot,,,,0.03,ce,,,,,,read,2135,LORA,83.75,85.26,**** Final test accuracy with LORA: 83.75. ****,LoRA weights saved to ./checkpoints/vitb16/food101/4shots/seed1/adapter_weights.pt,,
DATA-0707,data/result_scan_loss/results_logs_loss_lora/lora_food101_4shot_cosface_LAMBDA_O0.03.log,.log,135580,2025-09-30T10:39:27Z,9B214E36156B1A52B44376E4EC549D2FCAA88DE54DE1B1E6A8846F46BBDCC0FA,lora,food101,4shot,,,,0.03,cosface,,,,,,read,2131,LORA,79.16,85.26,**** Final test accuracy with LORA: 79.16. ****,LoRA weights saved to ./checkpoints/vitb16/food101/4shots/seed1/adapter_weights.pt,,
DATA-0708,data/result_scan_loss/results_logs_loss_lora/lora_oxford_flowers_1shot_arcface_LAMBDA_O0.03.log,.log,59376,2025-10-08T17:26:51Z,F782914DF3F4F00354C36E3D6188B1BDE3C99EAFB09973F796E59D118C124C19,lora,oxford_flowers,1shot,,,,0.03,arcface,,,,,,read,1073,LORA,77.34,67.40,**** Final test accuracy with LORA: 77.34. ****,LoRA weights saved to ./checkpoints/vitb16/oxford_flowers/1shots/seed1/adapter_weights.pt,,
DATA-0709,data/result_scan_loss/results_logs_loss_lora/lora_oxford_flowers_1shot_ce_center_LAMBDA_O0.03.log,.log,59132,2025-10-08T17:28:59Z,E5A7947E0C4B1D38430318E9AFACE642871F3F594287E2D2C2E4612D3E11DEEF,lora,oxford_flowers,1shot,,,,0.03,center,,,,,,read,1073,LORA,82.10,67.40,**** Final test accuracy with LORA: 82.10. ****,LoRA weights saved to ./checkpoints/vitb16/oxford_flowers/1shots/seed1/adapter_weights.pt,,
DATA-0710,data/result_scan_loss/results_logs_loss_lora/lora_oxford_flowers_1shot_ce_LAMBDA_O0.03.log,.log,59118,2025-10-08T17:24:43Z,67C2C160E8E6796379217DF025F12FE0C5D717C46537E966F3B5F82721DF00B1,lora,oxford_flowers,1shot,,,,0.03,ce,,,,,,read,1073,LORA,83.35,67.40,**** Final test accuracy with LORA: 83.35. ****,LoRA weights saved to ./checkpoints/vitb16/oxford_flowers/1shots/seed1/adapter_weights.pt,,
DATA-0711,data/result_scan_loss/results_logs_loss_lora/lora_oxford_flowers_1shot_ce_ls_LAMBDA_O0.03.log,.log,59124,2025-10-08T17:25:47Z,48852BF53C2B300F1C751F7953D8C5EB25004426582474CD62AB25F3ECB5C6EB,lora,oxford_flowers,1shot,,,,0.03,ce,,,,,,read,1073,LORA,81.57,67.40,**** Final test accuracy with LORA: 81.57. ****,LoRA weights saved to ./checkpoints/vitb16/oxford_flowers/1shots/seed1/adapter_weights.pt,,
DATA-0712,data/result_scan_loss/results_logs_loss_lora/lora_oxford_flowers_1shot_ce_maxent_LAMBDA_O0.03.log,.log,59256,2025-10-08T17:30:03Z,05C199361A4F8A1C36C74409675F26A3E1ACBFEFCE962C3BA1D572742E4B5AF4,lora,oxford_flowers,1shot,,,,0.03,ce,,,,,,read,1073,LORA,83.35,67.40,**** Final test accuracy with LORA: 83.35. ****,LoRA weights saved to ./checkpoints/vitb16/oxford_flowers/1shots/seed1/adapter_weights.pt,,
DATA-0713,data/result_scan_loss/results_logs_loss_lora/lora_oxford_flowers_1shot_cosface_LAMBDA_O0.03.log,.log,59200,2025-10-08T17:27:55Z,44D42A9B4FE730C1BC36F9C7CCAC033ED090B5D638FC65061DBB6DBA4BA35A71,lora,oxford_flowers,1shot,,,,0.03,cosface,,,,,,read,1073,LORA,77.26,67.40,**** Final test accuracy with LORA: 77.26. ****,LoRA weights saved to ./checkpoints/vitb16/oxford_flowers/1shots/seed1/adapter_weights.pt,,
DATA-0714,data/result_scan_loss/results_logs_loss_lora/lora_oxford_flowers_4shot_arcface_LAMBDA_O0.03.log,.log,129926,2025-09-30T11:09:24Z,80118383395C378ADE7415C55723C09C538CA016A78E47E2DA8690223F86102C,lora,oxford_flowers,4shot,,,,0.03,arcface,,,,,,read,2038,LORA,92.73,67.40,**** Final test accuracy with LORA: 92.73. ****,LoRA weights saved to ./checkpoints/vitb16/oxford_flowers/4shots/seed1/adapter_weights.pt,,
DATA-0715,data/result_scan_loss/results_logs_loss_lora/lora_oxford_flowers_4shot_ce_center_LAMBDA_O0.03.log,.log,129595,2025-09-30T11:20:11Z,92936DD9A540AC0986D48AC129260DBB5ABB4C946D16557BDA2DEAC8276A14F2,lora,oxford_flowers,4shot,,,,0.03,center,,,,,,read,2035,LORA,93.63,67.40,**** Final test accuracy with LORA: 93.63. ****,LoRA weights saved to ./checkpoints/vitb16/oxford_flowers/4shots/seed1/adapter_weights.pt,,
DATA-0716,data/result_scan_loss/results_logs_loss_lora/lora_oxford_flowers_4shot_ce_LAMBDA_O0.03.log,.log,129547,2025-09-30T10:58:36Z,ADBA880D3BE61EE1996F56F0AFF644DDA797E2887493B9A244672BE5D556E452,lora,oxford_flowers,4shot,,,,0.03,ce,,,,,,read,2034,LORA,93.63,67.40,**** Final test accuracy with LORA: 93.63. ****,LoRA weights saved to ./checkpoints/vitb16/oxford_flowers/4shots/seed1/adapter_weights.pt,,
DATA-0717,data/result_scan_loss/results_logs_loss_lora/lora_oxford_flowers_4shot_ce_ls_LAMBDA_O0.03.log,.log,128954,2025-09-30T11:03:59Z,B95026A381AAED79E28958D554C81B1E48D181FD27D09F96B26900B9FCDA0E4B,lora,oxford_flowers,4shot,,,,0.03,ce,,,,,,read,2025,LORA,93.67,67.40,**** Final test accuracy with LORA: 93.67. ****,LoRA weights saved to ./checkpoints/vitb16/oxford_flowers/4shots/seed1/adapter_weights.pt,,
DATA-0718,data/result_scan_loss/results_logs_loss_lora/lora_oxford_flowers_4shot_ce_maxent_LAMBDA_O0.03.log,.log,129828,2025-09-30T11:25:34Z,753F5381899E6E0BBBF732606585B3E16190EE893D04D275E92D16E3D71DCD06,lora,oxford_flowers,4shot,,,,0.03,ce,,,,,,read,2035,LORA,93.59,67.40,**** Final test accuracy with LORA: 93.59. ****,LoRA weights saved to ./checkpoints/vitb16/oxford_flowers/4shots/seed1/adapter_weights.pt,,
DATA-0719,data/result_scan_loss/results_logs_loss_lora/lora_oxford_flowers_4shot_cosface_LAMBDA_O0.03.log,.log,130143,2025-09-30T11:14:46Z,1449D8B9B6875947AC9F43D551118424B2CC38D09B107A2F7E4737BA1F755A03,lora,oxford_flowers,4shot,,,,0.03,cosface,,,,,,read,2041,LORA,92.49,67.40,**** Final test accuracy with LORA: 92.49. ****,LoRA weights saved to ./checkpoints/vitb16/oxford_flowers/4shots/seed1/adapter_weights.pt,,
DATA-0720,data/result_scan_loss/results_logs_loss_lora/lora_oxford_pets_1shot_arcface_LAMBDA_O0.03.log,.log,87321,2025-10-08T17:19:46Z,C6AB2D52F6AD8E0FA31D7BEC5E6249078742F11AC440900BDB222F35F5C31972,lora,oxford_pets,1shot,,,,0.03,arcface,,,,,,read,1578,LORA,84.36,88.20,**** Final test accuracy with LORA: 84.36. ****,LoRA weights saved to ./checkpoints/vitb16/oxford_pets/1shots/seed1/adapter_weights.pt,,
DATA-0721,data/result_scan_loss/results_logs_loss_lora/lora_oxford_pets_1shot_ce_center_LAMBDA_O0.03.log,.log,87167,2025-10-08T17:22:22Z,714C1A357F8969F1F53DB80B9321E30E87176FF0DC379E9402603CF32C8502CD,lora,oxford_pets,1shot,,,,0.03,center,,,,,,read,1578,LORA,91.74,88.20,**** Final test accuracy with LORA: 91.74. ****,LoRA weights saved to ./checkpoints/vitb16/oxford_pets/1shots/seed1/adapter_weights.pt,,
DATA-0722,data/result_scan_loss/results_logs_loss_lora/lora_oxford_pets_1shot_ce_LAMBDA_O0.03.log,.log,87148,2025-10-08T17:17:11Z,E3C09B142FE95071279A173DC3AC61316060BB89B1F27B30EAE187EFFE1C4AB3,lora,oxford_pets,1shot,,,,0.03,ce,,,,,,read,1578,LORA,91.52,88.20,**** Final test accuracy with LORA: 91.52. ****,LoRA weights saved to ./checkpoints/vitb16/oxford_pets/1shots/seed1/adapter_weights.pt,,
DATA-0723,data/result_scan_loss/results_logs_loss_lora/lora_oxford_pets_1shot_ce_ls_LAMBDA_O0.03.log,.log,87163,2025-10-08T17:18:29Z,76BDBB35D2FB0B823F5128BFCCF0BB321B4975681833F24F657B5EE906AB1CDB,lora,oxford_pets,1shot,,,,0.03,ce,,,,,,read,1578,LORA,84.36,88.20,**** Final test accuracy with LORA: 84.36. ****,LoRA weights saved to ./checkpoints/vitb16/oxford_pets/1shots/seed1/adapter_weights.pt,,
DATA-0724,data/result_scan_loss/results_logs_loss_lora/lora_oxford_pets_1shot_ce_maxent_LAMBDA_O0.03.log,.log,87412,2025-10-08T17:23:39Z,DBC621EB08A46929EBD43AADEF8B337ABD03489476ECB4C1C0E8CC0496D9A496,lora,oxford_pets,1shot,,,,0.03,ce,,,,,,read,1578,LORA,91.91,88.20,**** Final test accuracy with LORA: 91.91. ****,LoRA weights saved to ./checkpoints/vitb16/oxford_pets/1shots/seed1/adapter_weights.pt,,
DATA-0725,data/result_scan_loss/results_logs_loss_lora/lora_oxford_pets_1shot_cosface_LAMBDA_O0.03.log,.log,87217,2025-10-08T17:21:05Z,2D87C25E09061A5D57789DDC4B1E07AF733B857AE05E0E2D52B7D4440EB1089A,lora,oxford_pets,1shot,,,,0.03,cosface,,,,,,read,1578,LORA,84.71,88.20,**** Final test accuracy with LORA: 84.71. ****,LoRA weights saved to ./checkpoints/vitb16/oxford_pets/1shots/seed1/adapter_weights.pt,,
DATA-0726,data/result_scan_loss/results_logs_loss_lora/lora_oxford_pets_4shot_arcface_LAMBDA_O0.03.log,.log,193126,2025-09-30T12:11:58Z,8D7D4B36D760902FC356EC600A1EC4586C430199BC5C7FA71522E6E41F232A20,lora,oxford_pets,4shot,,,,0.03,arcface,,,,,,read,3129,LORA,86.70,88.20,**** Final test accuracy with LORA: 86.70. ****,LoRA weights saved to ./checkpoints/vitb16/oxford_pets/4shots/seed1/adapter_weights.pt,,
DATA-0727,data/result_scan_loss/results_logs_loss_lora/lora_oxford_pets_4shot_ce_center_LAMBDA_O0.03.log,.log,193057,2025-09-30T12:24:00Z,38DBAF5124181A9F496302790239712FFB27123C929C311FF4D9B90F2C19AE37,lora,oxford_pets,4shot,,,,0.03,center,,,,,,read,3129,LORA,91.33,88.20,**** Final test accuracy with LORA: 91.33. ****,LoRA weights saved to ./checkpoints/vitb16/oxford_pets/4shots/seed1/adapter_weights.pt,,
DATA-0728,data/result_scan_loss/results_logs_loss_lora/lora_oxford_pets_4shot_ce_LAMBDA_O0.03.log,.log,193116,2025-09-30T11:59:52Z,66BF78BCCC1E088D9800367B65EF4A3A66F71F40152A14DD10C0B040CB8245BD,lora,oxford_pets,4shot,,,,0.03,ce,,,,,,read,3130,LORA,91.01,88.20,**** Final test accuracy with LORA: 91.01. ****,LoRA weights saved to ./checkpoints/vitb16/oxford_pets/4shots/seed1/adapter_weights.pt,,
DATA-0729,data/result_scan_loss/results_logs_loss_lora/lora_oxford_pets_4shot_ce_ls_LAMBDA_O0.03.log,.log,193042,2025-09-30T12:05:55Z,9C8AD58F41F34E29AF317CD347D744773900B81AAC7D5D816F88E33F31069A92,lora,oxford_pets,4shot,,,,0.03,ce,,,,,,read,3129,LORA,85.12,88.20,**** Final test accuracy with LORA: 85.12. ****,LoRA weights saved to ./checkpoints/vitb16/oxford_pets/4shots/seed1/adapter_weights.pt,,
DATA-0730,data/result_scan_loss/results_logs_loss_lora/lora_oxford_pets_4shot_ce_maxent_LAMBDA_O0.03.log,.log,193450,2025-09-30T12:29:59Z,DE061E326E0BF50FBB79C8B743396A9CB07461735EA3D8FA4E4EFEC5668B2BFA,lora,oxford_pets,4shot,,,,0.03,ce,,,,,,read,3129,LORA,91.25,88.20,**** Final test accuracy with LORA: 91.25. ****,LoRA weights saved to ./checkpoints/vitb16/oxford_pets/4shots/seed1/adapter_weights.pt,,
DATA-0731,data/result_scan_loss/results_logs_loss_lora/lora_oxford_pets_4shot_cosface_LAMBDA_O0.03.log,.log,193144,2025-09-30T12:17:56Z,17B442DFF91EBECC46CA7946958346636D8A8DBCF70AF6E1FBA7DF0F8EEA7B00,lora,oxford_pets,4shot,,,,0.03,cosface,,,,,,read,3129,LORA,86.18,88.20,**** Final test accuracy with LORA: 86.18. ****,LoRA weights saved to ./checkpoints/vitb16/oxford_pets/4shots/seed1/adapter_weights.pt,,
DATA-0732,data/result_scan_loss/results_logs_loss_lora/lora_ucf101_1shot_arcface_LAMBDA_O0.03.log,.log,59726,2025-10-08T17:46:41Z,F49DB57EF7740963872422E9962F237C9B8B4F8B1230F35BBD5DC43D7D8B5CA8,lora,ucf101,1shot,,,,0.03,arcface,,,,,,read,1079,LORA,74.89,65.21,**** Final test accuracy with LORA: 74.89. ****,LoRA weights saved to ./checkpoints/vitb16/ucf101/1shots/seed1/adapter_weights.pt,,
DATA-0733,data/result_scan_loss/results_logs_loss_lora/lora_ucf101_1shot_ce_center_LAMBDA_O0.03.log,.log,59482,2025-10-08T17:48:43Z,6332BED365E992D4FCC73D82D3EA7E70318C1F2676597850C7C4EEE4BF59E40B,lora,ucf101,1shot,,,,0.03,center,,,,,,read,1079,LORA,76.00,65.21,**** Final test accuracy with LORA: 76.00. ****,LoRA weights saved to ./checkpoints/vitb16/ucf101/1shots/seed1/adapter_weights.pt,,
DATA-0734,data/result_scan_loss/results_logs_loss_lora/lora_ucf101_1shot_ce_LAMBDA_O0.03.log,.log,59468,2025-10-08T17:44:39Z,3D07FCC54BD872C51C3614DC385AD6D5B35A9463C8A87FEBE91ADB00D52648E4,lora,ucf101,1shot,,,,0.03,ce,,,,,,read,1079,LORA,76.29,65.21,**** Final test accuracy with LORA: 76.29. ****,LoRA weights saved to ./checkpoints/vitb16/ucf101/1shots/seed1/adapter_weights.pt,,
DATA-0735,data/result_scan_loss/results_logs_loss_lora/lora_ucf101_1shot_ce_ls_LAMBDA_O0.03.log,.log,59474,2025-10-08T17:45:40Z,6640C725DC0952AD7678217F63F10C45CDFC2502D145CF9FA8AA2C0E600A7B50,lora,ucf101,1shot,,,,0.03,ce,,,,,,read,1079,LORA,75.23,65.21,**** Final test accuracy with LORA: 75.23. ****,LoRA weights saved to ./checkpoints/vitb16/ucf101/1shots/seed1/adapter_weights.pt,,
DATA-0736,data/result_scan_loss/results_logs_loss_lora/lora_ucf101_1shot_ce_maxent_LAMBDA_O0.03.log,.log,59606,2025-10-08T17:49:44Z,766331DE72A95D234DA3D445DC1CD491C0F37BC68A0BB5406D7CCAEB4D2B0531,lora,ucf101,1shot,,,,0.03,ce,,,,,,read,1079,LORA,76.34,65.21,**** Final test accuracy with LORA: 76.34. ****,LoRA weights saved to ./checkpoints/vitb16/ucf101/1shots/seed1/adapter_weights.pt,,
DATA-0737,data/result_scan_loss/results_logs_loss_lora/lora_ucf101_1shot_cosface_LAMBDA_O0.03.log,.log,59556,2025-10-08T17:47:42Z,52EF292A46749DC1459F22E89E5F9D4E8D0504F258AE831B20062C475CEB2792,lora,ucf101,1shot,,,,0.03,cosface,,,,,,read,1079,LORA,74.91,65.21,**** Final test accuracy with LORA: 74.91. ****,LoRA weights saved to ./checkpoints/vitb16/ucf101/1shots/seed1/adapter_weights.pt,,
DATA-0738,data/result_scan_loss/results_logs_loss_lora/lora_ucf101_4shot_arcface_LAMBDA_O0.03.log,.log,129439,2025-09-30T11:39:40Z,911B2EE6EE1FBE168848471AA82D991DB3B1436221862A91F8D19D4BDC50793E,lora,ucf101,4shot,,,,0.03,arcface,,,,,,read,2023,LORA,80.47,65.21,**** Final test accuracy with LORA: 80.47. ****,LoRA weights saved to ./checkpoints/vitb16/ucf101/4shots/seed1/adapter_weights.pt,,
DATA-0739,data/result_scan_loss/results_logs_loss_lora/lora_ucf101_4shot_ce_center_LAMBDA_O0.03.log,.log,129371,2025-09-30T11:49:06Z,95D915FDD8277AF76E85A4CD4D429388E2854635CF576741E8EC2CD734A0533B,lora,ucf101,4shot,,,,0.03,center,,,,,,read,2024,LORA,79.88,65.21,**** Final test accuracy with LORA: 79.88. ****,LoRA weights saved to ./checkpoints/vitb16/ucf101/4shots/seed1/adapter_weights.pt,,
DATA-0740,data/result_scan_loss/results_logs_loss_lora/lora_ucf101_4shot_ce_LAMBDA_O0.03.log,.log,129300,2025-09-30T11:30:16Z,BBEDF610B021C4086F49BFE5622F3148E0706E1DF3B593ECFB170B423A39516E,lora,ucf101,4shot,,,,0.03,ce,,,,,,read,2024,LORA,80.47,65.21,**** Final test accuracy with LORA: 80.47. ****,LoRA weights saved to ./checkpoints/vitb16/ucf101/4shots/seed1/adapter_weights.pt,,
DATA-0741,data/result_scan_loss/results_logs_loss_lora/lora_ucf101_4shot_ce_ls_LAMBDA_O0.03.log,.log,129335,2025-09-30T11:34:57Z,F6AB188B3E2218FE736F558A8259912CF22BAFC4AE826F66EAE159D6C40F94AD,lora,ucf101,4shot,,,,0.03,ce,,,,,,read,2023,LORA,79.30,65.21,**** Final test accuracy with LORA: 79.30. ****,LoRA weights saved to ./checkpoints/vitb16/ucf101/4shots/seed1/adapter_weights.pt,,
DATA-0742,data/result_scan_loss/results_logs_loss_lora/lora_ucf101_4shot_ce_maxent_LAMBDA_O0.03.log,.log,129608,2025-09-30T11:53:50Z,E096AB6714FCAA79E565E60731E5A48FB6B5B6F2100FA8E0018DC96D340933F2,lora,ucf101,4shot,,,,0.03,ce,,,,,,read,2026,LORA,80.23,65.21,**** Final test accuracy with LORA: 80.23. ****,LoRA weights saved to ./checkpoints/vitb16/ucf101/4shots/seed1/adapter_weights.pt,,
DATA-0743,data/result_scan_loss/results_logs_loss_lora/lora_ucf101_4shot_cosface_LAMBDA_O0.03.log,.log,129518,2025-09-30T11:44:21Z,0476A919236A8C120CAD142BB6D0D190A98245D04A70A1636EEB467022C23F4A,lora,ucf101,4shot,,,,0.03,cosface,,,,,,read,2024,LORA,80.76,65.21,**** Final test accuracy with LORA: 80.76. ****,LoRA weights saved to ./checkpoints/vitb16/ucf101/4shots/seed1/adapter_weights.pt,,
DATA-0744,data/result_scan_loss/results_logs_loss_lora/summary_lora.csv,.csv,4693,2025-10-08T17:49:44Z,6159717888C13F8BB10599180087249B9692DD3BCC4C69A5BBD59B06D628EB15,lora,,,,,,,,,,,,,,,,,,,,54,loss;dataset;shots;accuracy;log_file
DATA-0745,data/result_scan_loss/results_logs_loss_ohsinglora/ohsinglora_caltech101_1shot_arcface_LAMBDA_O0.03.log,.log,65829,2025-09-29T09:50:32Z,2B5ED866C1A133D24C1F95356E94B42C521967DAF0ABF2305F30D160F5553C47,ohsinglora,caltech101,1shot,,,101,0.03,arcface,,,,,,read,1036,OHSINGLORA,94.85,93.31,**** Final test accuracy with OHSINGLORA: 94.85. ****,OHSINGLORA weights saved to ./checkpoints/ohsinglora/ViT-B16/caltech101/1shots/seed1/adapter_weights.pt,,
DATA-0746,data/result_scan_loss/results_logs_loss_ohsinglora/ohsinglora_caltech101_1shot_ce_center_LAMBDA_O0.03.log,.log,66065,2025-09-29T09:57:27Z,7EB6BD57CF974C75536F5EF62F7D7551A9854FDB6CDD512909A3581E5496FC99,ohsinglora,caltech101,1shot,,,101,0.03,center,,,,,,read,1038,OHSINGLORA,94.00,93.31,**** Final test accuracy with OHSINGLORA: 94.00. ****,OHSINGLORA weights saved to ./checkpoints/ohsinglora/ViT-B16/caltech101/1shots/seed1/adapter_weights.pt,,
DATA-0747,data/result_scan_loss/results_logs_loss_ohsinglora/ohsinglora_caltech101_1shot_ce_LAMBDA_O0.03.log,.log,66051,2025-09-29T09:43:34Z,E09CF512F406ACE0597A0C6B5C8688D9C00F5BD6B71A4E1F09CE8C8C4814D10D,ohsinglora,caltech101,1shot,,,101,0.03,ce,,,,,,read,1038,OHSINGLORA,94.24,93.31,**** Final test accuracy with OHSINGLORA: 94.24. ****,OHSINGLORA weights saved to ./checkpoints/ohsinglora/ViT-B16/caltech101/1shots/seed1/adapter_weights.pt,,
DATA-0748,data/result_scan_loss/results_logs_loss_ohsinglora/ohsinglora_caltech101_1shot_ce_ls_LAMBDA_O0.03.log,.log,66057,2025-09-29T09:47:08Z,16244D27619817733FDA0B1C30BAE3F6028BC6278A03796393FC1A870676004C,ohsinglora,caltech101,1shot,,,101,0.03,ce,,,,,,read,1038,OHSINGLORA,94.60,93.31,**** Final test accuracy with OHSINGLORA: 94.60. ****,OHSINGLORA weights saved to ./checkpoints/ohsinglora/ViT-B16/caltech101/1shots/seed1/adapter_weights.pt,,
DATA-0749,data/result_scan_loss/results_logs_loss_ohsinglora/ohsinglora_caltech101_1shot_ce_maxent_LAMBDA_O0.03.log,.log,66189,2025-09-29T10:00:51Z,65FC28542E87469D964B805579557FBEFA707797829BB35E25F1F24D0BFCD8A3,ohsinglora,caltech101,1shot,,,101,0.03,ce,,,,,,read,1038,OHSINGLORA,94.16,93.31,**** Final test accuracy with OHSINGLORA: 94.16. ****,OHSINGLORA weights saved to ./checkpoints/ohsinglora/ViT-B16/caltech101/1shots/seed1/adapter_weights.pt,,
DATA-0750,data/result_scan_loss/results_logs_loss_ohsinglora/ohsinglora_caltech101_1shot_cosface_LAMBDA_O0.03.log,.log,65829,2025-09-29T09:53:56Z,C6A0846AF16A7384F426AA875D4144B14387AA99913C5C01717F13868F64ABE6,ohsinglora,caltech101,1shot,,,101,0.03,cosface,,,,,,read,1036,OHSINGLORA,95.13,93.31,**** Final test accuracy with OHSINGLORA: 95.13. ****,OHSINGLORA weights saved to ./checkpoints/ohsinglora/ViT-B16/caltech101/1shots/seed1/adapter_weights.pt,,
DATA-0751,data/result_scan_loss/results_logs_loss_ohsinglora/ohsinglora_caltech101_4shot_arcface_LAMBDA_O0.03.log,.log,185743,2025-09-29T16:33:37Z,B95851F73B6CF4C1F004A724DC6C9B7210D41C6F4FDB6E5106EE00650D859FAE,ohsinglora,caltech101,4shot,,,101,0.03,arcface,,,,,,read,2654,OHSINGLORA,94.40,93.31,**** Final test accuracy with OHSINGLORA: 94.40. ****,OHSINGLORA weights saved to ./checkpoints/ohsinglora/ViT-B16/caltech101/4shots/seed1/adapter_weights.pt,,
DATA-0752,data/result_scan_loss/results_logs_loss_ohsinglora/ohsinglora_caltech101_4shot_ce_center_LAMBDA_O0.03.log,.log,185690,2025-09-29T16:54:16Z,B00BEE24CC73DB93F0B0FBD3AE17CAD130F1BD5334DBF3C684594A7D52BCC7D6,ohsinglora,caltech101,4shot,,,101,0.03,center,,,,,,read,2654,OHSINGLORA,95.62,93.31,**** Final test accuracy with OHSINGLORA: 95.62. ****,OHSINGLORA weights saved to ./checkpoints/ohsinglora/ViT-B16/caltech101/4shots/seed1/adapter_weights.pt,,
DATA-0753,data/result_scan_loss/results_logs_loss_ohsinglora/ohsinglora_caltech101_4shot_ce_LAMBDA_O0.03.log,.log,185676,2025-09-29T16:12:53Z,AE6554B7C7CAE65E0F2E7C5EECF0879C5DFF76616581C48719F04F762B4A904A,ohsinglora,caltech101,4shot,,,101,0.03,ce,,,,,,read,2654,OHSINGLORA,95.62,93.31,**** Final test accuracy with OHSINGLORA: 95.62. ****,OHSINGLORA weights saved to ./checkpoints/ohsinglora/ViT-B16/caltech101/4shots/seed1/adapter_weights.pt,,
DATA-0754,data/result_scan_loss/results_logs_loss_ohsinglora/ohsinglora_caltech101_4shot_ce_ls_LAMBDA_O0.03.log,.log,185682,2025-09-29T16:23:13Z,F203D41A95DA6FFD50DA60BFE25CC3939B8891CDC76BD324FD18EF5D62E09602,ohsinglora,caltech101,4shot,,,101,0.03,ce,,,,,,read,2654,OHSINGLORA,95.62,93.31,**** Final test accuracy with OHSINGLORA: 95.62. ****,OHSINGLORA weights saved to ./checkpoints/ohsinglora/ViT-B16/caltech101/4shots/seed1/adapter_weights.pt,,
DATA-0755,data/result_scan_loss/results_logs_loss_ohsinglora/ohsinglora_caltech101_4shot_ce_maxent_LAMBDA_O0.03.log,.log,185843,2025-09-29T17:04:22Z,2FB1BE42756C7677CAA64688DD2D0D5F78AE5A17AA5FD64FA8FC86131933A567,ohsinglora,caltech101,4shot,,,101,0.03,ce,,,,,,read,2654,OHSINGLORA,95.58,93.31,**** Final test accuracy with OHSINGLORA: 95.58. ****,OHSINGLORA weights saved to ./checkpoints/ohsinglora/ViT-B16/caltech101/4shots/seed1/adapter_weights.pt,,
DATA-0756,data/result_scan_loss/results_logs_loss_ohsinglora/ohsinglora_caltech101_4shot_cosface_LAMBDA_O0.03.log,.log,185756,2025-09-29T16:43:41Z,554761E764B9F9CCEB51802F4B781255F9D733F6AB8D880813E08BEC5BABD86E,ohsinglora,caltech101,4shot,,,101,0.03,cosface,,,,,,read,2654,OHSINGLORA,94.04,93.31,**** Final test accuracy with OHSINGLORA: 94.04. ****,OHSINGLORA weights saved to ./checkpoints/ohsinglora/ViT-B16/caltech101/4shots/seed1/adapter_weights.pt,,
DATA-0757,data/result_scan_loss/results_logs_loss_ohsinglora/ohsinglora_dtd_1shot_arcface_LAMBDA_O0.03.log,.log,94724,2025-09-29T08:53:56Z,60DC446AAA3E871B34FD58C2A8063943E98B4B04AAED83D7AC0A5DF4A0CE26A9,ohsinglora,dtd,1shot,,,,0.03,arcface,,,,,,read,1533,OHSINGLORA,56.62,44.39,**** Final test accuracy with OHSINGLORA: 56.62. ****,OHSINGLORA weights saved to ./checkpoints/ohsinglora/ViT-B16/dtd/1shots/seed1/adapter_weights.pt,,
DATA-0758,data/result_scan_loss/results_logs_loss_ohsinglora/ohsinglora_dtd_1shot_ce_center_LAMBDA_O0.03.log,.log,94946,2025-09-29T09:03:08Z,86F7EFF114890C483DB55CCF9086A3E2021405F0F0285283A7E11B80B54800D2,ohsinglora,dtd,1shot,,,,0.03,center,,,,,,read,1535,OHSINGLORA,55.38,44.39,**** Final test accuracy with OHSINGLORA: 55.38. ****,OHSINGLORA weights saved to ./checkpoints/ohsinglora/ViT-B16/dtd/1shots/seed1/adapter_weights.pt,,
DATA-0759,data/result_scan_loss/results_logs_loss_ohsinglora/ohsinglora_dtd_1shot_ce_LAMBDA_O0.03.log,.log,94960,2025-09-29T08:44:42Z,D05E438A1E92C154A6153E2EDE196518B52012FA35E094A2276E595585B673DC,ohsinglora,dtd,1shot,,,,0.03,ce,,,,,,read,1535,OHSINGLORA,54.91,44.39,**** Final test accuracy with OHSINGLORA: 54.91. ****,OHSINGLORA weights saved to ./checkpoints/ohsinglora/ViT-B16/dtd/1shots/seed1/adapter_weights.pt,,
DATA-0760,data/result_scan_loss/results_logs_loss_ohsinglora/ohsinglora_dtd_1shot_ce_ls_LAMBDA_O0.03.log,.log,94949,2025-09-29T08:49:18Z,76E45079E4C8BADF2A37C32739A34023A2FF698CC5106BCDBD83B0E3ED628538,ohsinglora,dtd,1shot,,,,0.03,ce,,,,,,read,1535,OHSINGLORA,52.07,44.39,**** Final test accuracy with OHSINGLORA: 52.07. ****,OHSINGLORA weights saved to ./checkpoints/ohsinglora/ViT-B16/dtd/1shots/seed1/adapter_weights.pt,,
DATA-0761,data/result_scan_loss/results_logs_loss_ohsinglora/ohsinglora_dtd_1shot_ce_maxent_LAMBDA_O0.03.log,.log,95219,2025-09-29T09:07:49Z,6A99444DF5A14236AA7E2567F3544C10F6FFED47FF2C9346F749A0BA434369DB,ohsinglora,dtd,1shot,,,,0.03,ce,,,,,,read,1535,OHSINGLORA,54.61,44.39,**** Final test accuracy with OHSINGLORA: 54.61. ****,OHSINGLORA weights saved to ./checkpoints/ohsinglora/ViT-B16/dtd/1shots/seed1/adapter_weights.pt,,
DATA-0762,data/result_scan_loss/results_logs_loss_ohsinglora/ohsinglora_dtd_1shot_cosface_LAMBDA_O0.03.log,.log,94754,2025-09-29T08:58:31Z,DD08E79B3B067A777A98C95A8DA2CDE103FF11D7758C55C7EBDFFB1338AE64CF,ohsinglora,dtd,1shot,,,,0.03,cosface,,,,,,read,1533,OHSINGLORA,56.62,44.39,**** Final test accuracy with OHSINGLORA: 56.62. ****,OHSINGLORA weights saved to ./checkpoints/ohsinglora/ViT-B16/dtd/1shots/seed1/adapter_weights.pt,,
DATA-0763,data/result_scan_loss/results_logs_loss_ohsinglora/ohsinglora_dtd_4shot_arcface_LAMBDA_O0.03.log,.log,225148,2025-09-29T13:55:18Z,825B5842585D11194B7765A1ABB4A3877E31C7C300156A26C24C4DDE3746FB41,ohsinglora,dtd,4shot,,,,0.03,arcface,,,,,,read,3371,OHSINGLORA,59.81,44.39,**** Final test accuracy with OHSINGLORA: 59.81. ****,OHSINGLORA weights saved to ./checkpoints/ohsinglora/ViT-B16/dtd/4shots/seed1/adapter_weights.pt,,
DATA-0764,data/result_scan_loss/results_logs_loss_ohsinglora/ohsinglora_dtd_4shot_ce_center_LAMBDA_O0.03.log,.log,225057,2025-09-29T14:18:26Z,576652A4537243EA7F07E0942BD3A9AC7647EB693034541E2A9CCBA5237C8AF6,ohsinglora,dtd,4shot,,,,0.03,center,,,,,,read,3371,OHSINGLORA,66.49,44.39,**** Final test accuracy with OHSINGLORA: 66.49. ****,OHSINGLORA weights saved to ./checkpoints/ohsinglora/ViT-B16/dtd/4shots/seed1/adapter_weights.pt,,
DATA-0765,data/result_scan_loss/results_logs_loss_ohsinglora/ohsinglora_dtd_4shot_ce_LAMBDA_O0.03.log,.log,225052,2025-09-29T13:31:35Z,EAEB668E1A786C8C0FD7734C8D84E26580DC54FDDC5DE2F2917A33A3CD702A33,ohsinglora,dtd,4shot,,,,0.03,ce,,,,,,read,3371,OHSINGLORA,65.54,44.39,**** Final test accuracy with OHSINGLORA: 65.54. ****,OHSINGLORA weights saved to ./checkpoints/ohsinglora/ViT-B16/dtd/4shots/seed1/adapter_weights.pt,,
DATA-0766,data/result_scan_loss/results_logs_loss_ohsinglora/ohsinglora_dtd_4shot_ce_ls_LAMBDA_O0.03.log,.log,225070,2025-09-29T13:43:15Z,DA29BF8DCA586CDC49EC2802212F79163FF595162C8527C6B40BB361FBC046FD,ohsinglora,dtd,4shot,,,,0.03,ce,,,,,,read,3371,OHSINGLORA,63.89,44.39,**** Final test accuracy with OHSINGLORA: 63.89. ****,OHSINGLORA weights saved to ./checkpoints/ohsinglora/ViT-B16/dtd/4shots/seed1/adapter_weights.pt,,
DATA-0767,data/result_scan_loss/results_logs_loss_ohsinglora/ohsinglora_dtd_4shot_ce_maxent_LAMBDA_O0.03.log,.log,225419,2025-09-29T14:30:12Z,511283618AA7240117C6B25C0822356CFCBF77348ACAE56649750A0C36CFE4AF,ohsinglora,dtd,4shot,,,,0.03,ce,,,,,,read,3371,OHSINGLORA,65.66,44.39,**** Final test accuracy with OHSINGLORA: 65.66. ****,OHSINGLORA weights saved to ./checkpoints/ohsinglora/ViT-B16/dtd/4shots/seed1/adapter_weights.pt,,
DATA-0768,data/result_scan_loss/results_logs_loss_ohsinglora/ohsinglora_dtd_4shot_cosface_LAMBDA_O0.03.log,.log,225157,2025-09-29T14:06:56Z,AD7A6C2C70CA41228E413912EBD1C56B9F49718C4ADA061EC4997BCAB6D61147,ohsinglora,dtd,4shot,,,,0.03,cosface,,,,,,read,3371,OHSINGLORA,58.33,44.39,**** Final test accuracy with OHSINGLORA: 58.33. ****,OHSINGLORA weights saved to ./checkpoints/ohsinglora/ViT-B16/dtd/4shots/seed1/adapter_weights.pt,,
DATA-0769,data/result_scan_loss/results_logs_loss_ohsinglora/ohsinglora_eurosat_1shot_arcface_LAMBDA_O0.03.log,.log,155271,2025-09-29T09:24:09Z,CC7EF4414B15CB64CB85FB07BE0CC2B7433D07C0576583C4944E88C93F3E0024,ohsinglora,eurosat,1shot,,,,0.03,arcface,,,,,,read,2560,OHSINGLORA,72.54,42.16,**** Final test accuracy with OHSINGLORA: 72.54. ****,OHSINGLORA weights saved to ./checkpoints/ohsinglora/ViT-B16/eurosat/1shots/seed1/adapter_weights.pt,,
DATA-0770,data/result_scan_loss/results_logs_loss_ohsinglora/ohsinglora_eurosat_1shot_ce_center_LAMBDA_O0.03.log,.log,155055,2025-09-29T09:34:55Z,218CB59F8173C16939AA1BA393B6043E1ED6D274435F27C55DA32D764205BDD7,ohsinglora,eurosat,1shot,,,,0.03,center,,,,,,read,2560,OHSINGLORA,72.40,42.16,**** Final test accuracy with OHSINGLORA: 72.40. ****,OHSINGLORA weights saved to ./checkpoints/ohsinglora/ViT-B16/eurosat/1shots/seed1/adapter_weights.pt,,
DATA-0771,data/result_scan_loss/results_logs_loss_ohsinglora/ohsinglora_eurosat_1shot_ce_LAMBDA_O0.03.log,.log,155016,2025-09-29T09:13:25Z,B5CB3B43536A3C67BAD814EA5EBDF78CE8EB581D84275F7F3DB9E4EDDAC4AB3C,ohsinglora,eurosat,1shot,,,,0.03,ce,,,,,,read,2560,OHSINGLORA,72.77,42.16,**** Final test accuracy with OHSINGLORA: 72.77. ****,OHSINGLORA weights saved to ./checkpoints/ohsinglora/ViT-B16/eurosat/1shots/seed1/adapter_weights.pt,,
DATA-0772,data/result_scan_loss/results_logs_loss_ohsinglora/ohsinglora_eurosat_1shot_ce_ls_LAMBDA_O0.03.log,.log,155012,2025-09-29T09:18:44Z,D9C872ED1BB8607C4C87D75404EE5BC4F8D1BCEDAE3E0F47D67B917BF5FD1559,ohsinglora,eurosat,1shot,,,,0.03,ce,,,,,,read,2560,OHSINGLORA,71.75,42.16,**** Final test accuracy with OHSINGLORA: 71.75. ****,OHSINGLORA weights saved to ./checkpoints/ohsinglora/ViT-B16/eurosat/1shots/seed1/adapter_weights.pt,,
DATA-0773,data/result_scan_loss/results_logs_loss_ohsinglora/ohsinglora_eurosat_1shot_ce_maxent_LAMBDA_O0.03.log,.log,155608,2025-09-29T09:40:12Z,88C5D78BB207B5D4BC36F10BB353B29707F217C76795C5055F6C9719A8304430,ohsinglora,eurosat,1shot,,,,0.03,ce,,,,,,read,2560,OHSINGLORA,72.48,42.16,**** Final test accuracy with OHSINGLORA: 72.48. ****,OHSINGLORA weights saved to ./checkpoints/ohsinglora/ViT-B16/eurosat/1shots/seed1/adapter_weights.pt,,
DATA-0774,data/result_scan_loss/results_logs_loss_ohsinglora/ohsinglora_eurosat_1shot_cosface_LAMBDA_O0.03.log,.log,155273,2025-09-29T09:29:32Z,4B4CB2F41A8D0C2ACC963B0E72F378041C89D3159718EEF4E86F1E2C1FF2B430,ohsinglora,eurosat,1shot,,,,0.03,cosface,,,,,,read,2560,OHSINGLORA,72.43,42.16,**** Final test accuracy with OHSINGLORA: 72.43. ****,OHSINGLORA weights saved to ./checkpoints/ohsinglora/ViT-B16/eurosat/1shots/seed1/adapter_weights.pt,,
DATA-0775,data/result_scan_loss/results_logs_loss_ohsinglora/ohsinglora_eurosat_4shot_arcface_LAMBDA_O0.03.log,.log,383544,2025-09-29T15:16:05Z,F20FCA716813723B646562EE2EB2FE469DB2E32745E83FF9B660A3C81AD71FCA,ohsinglora,eurosat,4shot,,,,0.03,arcface,,,,,,read,6060,OHSINGLORA,88.10,42.16,**** Final test accuracy with OHSINGLORA: 88.10. ****,OHSINGLORA weights saved to ./checkpoints/ohsinglora/ViT-B16/eurosat/4shots/seed1/adapter_weights.pt,,
DATA-0776,data/result_scan_loss/results_logs_loss_ohsinglora/ohsinglora_eurosat_4shot_ce_center_LAMBDA_O0.03.log,.log,383387,2025-09-29T15:47:22Z,A8C5FCA0EC92C777D55758A0394CD94CB809A4AFB6D4B2506D9C5A39A5AF4CD8,ohsinglora,eurosat,4shot,,,,0.03,center,,,,,,read,6060,OHSINGLORA,89.93,42.16,**** Final test accuracy with OHSINGLORA: 89.93. ****,OHSINGLORA weights saved to ./checkpoints/ohsinglora/ViT-B16/eurosat/4shots/seed1/adapter_weights.pt,,
DATA-0777,data/result_scan_loss/results_logs_loss_ohsinglora/ohsinglora_eurosat_4shot_ce_LAMBDA_O0.03.log,.log,383427,2025-09-29T14:45:07Z,3E498B8C5E1AE8D3E1FC1BE2FDEC558DC78EE1620439DC2EACF4E4108215B1FB,ohsinglora,eurosat,4shot,,,,0.03,ce,,,,,,read,6060,OHSINGLORA,89.10,42.16,**** Final test accuracy with OHSINGLORA: 89.10. ****,OHSINGLORA weights saved to ./checkpoints/ohsinglora/ViT-B16/eurosat/4shots/seed1/adapter_weights.pt,,
DATA-0778,data/result_scan_loss/results_logs_loss_ohsinglora/ohsinglora_eurosat_4shot_ce_ls_LAMBDA_O0.03.log,.log,383437,2025-09-29T15:00:35Z,A42FDE8D021AAB986B414B1A41B5FC90D5E0BA9D51896C73D7063C36BD1E225F,ohsinglora,eurosat,4shot,,,,0.03,ce,,,,,,read,6060,OHSINGLORA,89.67,42.16,**** Final test accuracy with OHSINGLORA: 89.67. ****,OHSINGLORA weights saved to ./checkpoints/ohsinglora/ViT-B16/eurosat/4shots/seed1/adapter_weights.pt,,
DATA-0779,data/result_scan_loss/results_logs_loss_ohsinglora/ohsinglora_eurosat_4shot_ce_maxent_LAMBDA_O0.03.log,.log,384619,2025-09-29T16:02:52Z,E11B3C1F337714A980502B137C4734DAD90913BF31A058CFBC7007E3DBD0B709,ohsinglora,eurosat,4shot,,,,0.03,ce,,,,,,read,6060,OHSINGLORA,87.88,42.16,**** Final test accuracy with OHSINGLORA: 87.88. ****,OHSINGLORA weights saved to ./checkpoints/ohsinglora/ViT-B16/eurosat/4shots/seed1/adapter_weights.pt,,
DATA-0780,data/result_scan_loss/results_logs_loss_ohsinglora/ohsinglora_eurosat_4shot_cosface_LAMBDA_O0.03.log,.log,383545,2025-09-29T15:31:41Z,D472D0D44C4301CE4933C8D80EF86F0474F8CB71BAB4391DD93B3C0D9F7537D6,ohsinglora,eurosat,4shot,,,,0.03,cosface,,,,,,read,6060,OHSINGLORA,87.64,42.16,**** Final test accuracy with OHSINGLORA: 87.64. ****,OHSINGLORA weights saved to ./checkpoints/ohsinglora/ViT-B16/eurosat/4shots/seed1/adapter_weights.pt,,
DATA-0781,data/result_scan_loss/results_logs_loss_ohsinglora/ohsinglora_fgvc_1shot_arcface_LAMBDA_O0.03.log,.log,65999,2025-09-29T08:26:58Z,3BC34772E72374BF58AF787107435F15A6DCE9DB77E9FF1C93A210FCB9FB5851,ohsinglora,fgvc,1shot,,,,0.03,arcface,,,,,,read,1039,OHSINGLORA,29.64,23.73,**** Final test accuracy with OHSINGLORA: 29.64. ****,OHSINGLORA weights saved to ./checkpoints/ohsinglora/ViT-B16/fgvc/1shots/seed1/adapter_weights.pt,,
DATA-0782,data/result_scan_loss/results_logs_loss_ohsinglora/ohsinglora_fgvc_1shot_ce_center_LAMBDA_O0.03.log,.log,66235,2025-09-29T08:35:40Z,F57120FDD811A87D969D9A95949E53D5647BD9207A238B8390E43FB32A7741A8,ohsinglora,fgvc,1shot,,,,0.03,center,,,,,,read,1041,OHSINGLORA,29.19,23.73,**** Final test accuracy with OHSINGLORA: 29.19. ****,OHSINGLORA weights saved to ./checkpoints/ohsinglora/ViT-B16/fgvc/1shots/seed1/adapter_weights.pt,,
DATA-0783,data/result_scan_loss/results_logs_loss_ohsinglora/ohsinglora_fgvc_1shot_ce_LAMBDA_O0.03.log,.log,77259,2025-09-29T08:18:08Z,70E0B6A18E3C99695122048430304D0A719CF5C33493BC7A7E386A9126044B50,ohsinglora,fgvc,1shot,,,,0.03,ce,,,,,,read,1135,OHSINGLORA,29.73,23.73,**** Final test accuracy with OHSINGLORA: 29.73. ****,OHSINGLORA weights saved to ./checkpoints/ohsinglora/ViT-B16/fgvc/1shots/seed1/adapter_weights.pt,,
DATA-0784,data/result_scan_loss/results_logs_loss_ohsinglora/ohsinglora_fgvc_1shot_ce_ls_LAMBDA_O0.03.log,.log,66227,2025-09-29T08:22:30Z,BE3646BA5BEFAD909C65A7F28F6420B073EAB569C78822E9102C163647DDE2FC,ohsinglora,fgvc,1shot,,,,0.03,ce,,,,,,read,1041,OHSINGLORA,27.90,23.73,**** Final test accuracy with OHSINGLORA: 27.90. ****,OHSINGLORA weights saved to ./checkpoints/ohsinglora/ViT-B16/fgvc/1shots/seed1/adapter_weights.pt,,
DATA-0785,data/result_scan_loss/results_logs_loss_ohsinglora/ohsinglora_fgvc_1shot_ce_maxent_LAMBDA_O0.03.log,.log,66359,2025-09-29T08:40:07Z,900247B8FEA65E0CC6AAD58E2D60EBF83D270ABCC52EB8F078014B9261AF130E,ohsinglora,fgvc,1shot,,,,0.03,ce,,,,,,read,1041,OHSINGLORA,29.67,23.73,**** Final test accuracy with OHSINGLORA: 29.67. ****,OHSINGLORA weights saved to ./checkpoints/ohsinglora/ViT-B16/fgvc/1shots/seed1/adapter_weights.pt,,
DATA-0786,data/result_scan_loss/results_logs_loss_ohsinglora/ohsinglora_fgvc_1shot_cosface_LAMBDA_O0.03.log,.log,65999,2025-09-29T08:31:20Z,E9C72184C6406C8C12E321861D181C197F9CE463F8113C8D276D280A16D87A9B,ohsinglora,fgvc,1shot,,,,0.03,cosface,,,,,,read,1039,OHSINGLORA,29.94,23.73,**** Final test accuracy with OHSINGLORA: 29.94. ****,OHSINGLORA weights saved to ./checkpoints/ohsinglora/ViT-B16/fgvc/1shots/seed1/adapter_weights.pt,,
DATA-0787,data/result_scan_loss/results_logs_loss_ohsinglora/ohsinglora_fgvc_4shot_arcface_LAMBDA_O0.03.log,.log,185776,2025-09-29T12:45:18Z,56408EA3AFB8F6F8D9C0A1F52109999BBAF9EEECFBFDB41CEFCABF6634DC4BFD,ohsinglora,fgvc,4shot,,,,0.03,arcface,,,,,,read,2657,OHSINGLORA,1.17,23.73,**** Final test accuracy with OHSINGLORA: 1.17. ****,OHSINGLORA weights saved to ./checkpoints/ohsinglora/ViT-B16/fgvc/4shots/seed1/adapter_weights.pt,,
DATA-0788,data/result_scan_loss/results_logs_loss_ohsinglora/ohsinglora_fgvc_4shot_ce_center_LAMBDA_O0.03.log,.log,185860,2025-09-29T13:08:23Z,6214B310C3D0A4430D21C23DCE31103FB0F436353EF3DF8B9A4E66D54812D2DC,ohsinglora,fgvc,4shot,,,,0.03,center,,,,,,read,2657,OHSINGLORA,38.01,23.73,**** Final test accuracy with OHSINGLORA: 38.01. ****,OHSINGLORA weights saved to ./checkpoints/ohsinglora/ViT-B16/fgvc/4shots/seed1/adapter_weights.pt,,
DATA-0789,data/result_scan_loss/results_logs_loss_ohsinglora/ohsinglora_fgvc_4shot_ce_LAMBDA_O0.03.log,.log,185846,2025-09-29T12:21:54Z,4B2102A84B3A92E01BD6461AC02C9F7A7DF4984FEF3C72A8746AD70F9E2DDDEB,ohsinglora,fgvc,4shot,,,,0.03,ce,,,,,,read,2657,OHSINGLORA,38.61,23.73,**** Final test accuracy with OHSINGLORA: 38.61. ****,OHSINGLORA weights saved to ./checkpoints/ohsinglora/ViT-B16/fgvc/4shots/seed1/adapter_weights.pt,,
DATA-0790,data/result_scan_loss/results_logs_loss_ohsinglora/ohsinglora_fgvc_4shot_ce_ls_LAMBDA_O0.03.log,.log,185852,2025-09-29T12:33:40Z,3D2EC3261CE32E58C5E9AC9676C4503DAE01B913AD9690574C0AFD77D8BFE345,ohsinglora,fgvc,4shot,,,,0.03,ce,,,,,,read,2657,OHSINGLORA,36.12,23.73,**** Final test accuracy with OHSINGLORA: 36.12. ****,OHSINGLORA weights saved to ./checkpoints/ohsinglora/ViT-B16/fgvc/4shots/seed1/adapter_weights.pt,,
DATA-0791,data/result_scan_loss/results_logs_loss_ohsinglora/ohsinglora_fgvc_4shot_ce_maxent_LAMBDA_O0.03.log,.log,186013,2025-09-29T13:20:02Z,0DA3F06300D460C3A707C1C69AB88EDCEF90315420F8F1933EF4954316BA8DDF,ohsinglora,fgvc,4shot,,,,0.03,ce,,,,,,read,2657,OHSINGLORA,38.46,23.73,**** Final test accuracy with OHSINGLORA: 38.46. ****,OHSINGLORA weights saved to ./checkpoints/ohsinglora/ViT-B16/fgvc/4shots/seed1/adapter_weights.pt,,
DATA-0792,data/result_scan_loss/results_logs_loss_ohsinglora/ohsinglora_fgvc_4shot_cosface_LAMBDA_O0.03.log,.log,186162,2025-09-29T12:56:49Z,0239650E5BC6F3AC365D378E5A6BDF9D1819838E7226E5C8AE1A5AA18451DC39,ohsinglora,fgvc,4shot,,,,0.03,cosface,,,,,,read,2657,OHSINGLORA,39.54,23.73,**** Final test accuracy with OHSINGLORA: 39.54. ****,OHSINGLORA weights saved to ./checkpoints/ohsinglora/ViT-B16/fgvc/4shots/seed1/adapter_weights.pt,,
DATA-0793,data/result_scan_loss/results_logs_loss_ohsinglora/ohsinglora_food101_1shot_arcface_LAMBDA_O0.03.log,.log,72372,2025-09-29T10:14:44Z,6FF9EB1E177271BFB82C8BF2BCA8F3F485863EA9C99C82746C9A206C8F7F4DBB,ohsinglora,food101,1shot,,,,0.03,arcface,,,,,,read,1145,OHSINGLORA,84.35,85.26,**** Final test accuracy with OHSINGLORA: 84.35. ****,OHSINGLORA weights saved to ./checkpoints/ohsinglora/ViT-B16/food101/1shots/seed1/adapter_weights.pt,,
DATA-0794,data/result_scan_loss/results_logs_loss_ohsinglora/ohsinglora_food101_1shot_ce_center_LAMBDA_O0.03.log,.log,72608,2025-09-29T10:24:04Z,FBB8561A80B93531094DDBA44442E384EF471C6DD5FA17F1CE986FBDCB8D6D62,ohsinglora,food101,1shot,,,,0.03,center,,,,,,read,1147,OHSINGLORA,85.65,85.26,**** Final test accuracy with OHSINGLORA: 85.65. ****,OHSINGLORA weights saved to ./checkpoints/ohsinglora/ViT-B16/food101/1shots/seed1/adapter_weights.pt,,
DATA-0795,data/result_scan_loss/results_logs_loss_ohsinglora/ohsinglora_food101_1shot_ce_LAMBDA_O0.03.log,.log,72594,2025-09-29T10:05:33Z,F869F3CF5BF984D4B5A6AD058D7926D5CB8FA755E3ED09530161B05F7E4841DB,ohsinglora,food101,1shot,,,,0.03,ce,,,,,,read,1147,OHSINGLORA,85.49,85.26,**** Final test accuracy with OHSINGLORA: 85.49. ****,OHSINGLORA weights saved to ./checkpoints/ohsinglora/ViT-B16/food101/1shots/seed1/adapter_weights.pt,,
DATA-0796,data/result_scan_loss/results_logs_loss_ohsinglora/ohsinglora_food101_1shot_ce_ls_LAMBDA_O0.03.log,.log,72600,2025-09-29T10:09:58Z,7647F23FEA7915AF1F6C8B8C8239BF2448069D67C036BB6C75FB3562BF73161F,ohsinglora,food101,1shot,,,,0.03,ce,,,,,,read,1147,OHSINGLORA,85.31,85.26,**** Final test accuracy with OHSINGLORA: 85.31. ****,OHSINGLORA weights saved to ./checkpoints/ohsinglora/ViT-B16/food101/1shots/seed1/adapter_weights.pt,,
DATA-0797,data/result_scan_loss/results_logs_loss_ohsinglora/ohsinglora_food101_1shot_ce_maxent_LAMBDA_O0.03.log,.log,72732,2025-09-29T10:28:41Z,94DA43E57B1191F1E9E8236FADB976656E8AE70E344E3C94FCF0BEB49ABBC31E,ohsinglora,food101,1shot,,,,0.03,ce,,,,,,read,1147,OHSINGLORA,85.47,85.26,**** Final test accuracy with OHSINGLORA: 85.47. ****,OHSINGLORA weights saved to ./checkpoints/ohsinglora/ViT-B16/food101/1shots/seed1/adapter_weights.pt,,
DATA-0798,data/result_scan_loss/results_logs_loss_ohsinglora/ohsinglora_food101_1shot_cosface_LAMBDA_O0.03.log,.log,72372,2025-09-29T10:19:18Z,7905B09945769175FE658B6D7D06D38FBB79A67FD416FCAE9664B53F7106BFDC,ohsinglora,food101,1shot,,,,0.03,cosface,,,,,,read,1145,OHSINGLORA,84.40,85.26,**** Final test accuracy with OHSINGLORA: 84.40. ****,OHSINGLORA weights saved to ./checkpoints/ohsinglora/ViT-B16/food101/1shots/seed1/adapter_weights.pt,,
DATA-0799,data/result_scan_loss/results_logs_loss_ohsinglora/ohsinglora_food101_4shot_arcface_LAMBDA_O0.03.log,.log,192315,2025-09-29T17:38:27Z,F3B7EFF17800802F3D8C4D198E642B0621F167C414BB1AD135A8306E9AA98AB9,ohsinglora,food101,4shot,,,,0.03,arcface,,,,,,read,2763,OHSINGLORA,79.98,85.26,**** Final test accuracy with OHSINGLORA: 79.98. ****,OHSINGLORA weights saved to ./checkpoints/ohsinglora/ViT-B16/food101/4shots/seed1/adapter_weights.pt,,
DATA-0800,data/result_scan_loss/results_logs_loss_ohsinglora/ohsinglora_food101_4shot_ce_center_LAMBDA_O0.03.log,.log,192233,2025-09-29T18:00:30Z,5F193DDA8A9CFB49DDFF56E476517879687ED0E6689038ADB80C3DA620CC1419,ohsinglora,food101,4shot,,,,0.03,center,,,,,,read,2763,OHSINGLORA,84.03,85.26,**** Final test accuracy with OHSINGLORA: 84.03. ****,OHSINGLORA weights saved to ./checkpoints/ohsinglora/ViT-B16/food101/4shots/seed1/adapter_weights.pt,,
DATA-0801,data/result_scan_loss/results_logs_loss_ohsinglora/ohsinglora_food101_4shot_ce_LAMBDA_O0.03.log,.log,192219,2025-09-29T17:16:23Z,0572CBB9FA756F2EBC7B380E622B22FD9FE07323BFC2CFE5023CFE99783357A4,ohsinglora,food101,4shot,,,,0.03,ce,,,,,,read,2763,OHSINGLORA,84.29,85.26,**** Final test accuracy with OHSINGLORA: 84.29. ****,OHSINGLORA weights saved to ./checkpoints/ohsinglora/ViT-B16/food101/4shots/seed1/adapter_weights.pt,,
DATA-0802,data/result_scan_loss/results_logs_loss_ohsinglora/ohsinglora_food101_4shot_ce_ls_LAMBDA_O0.03.log,.log,192225,2025-09-29T17:27:26Z,867D82138484FE2E8A2C09C06839D5F1A91BE71116838DCC0FEE913F4584C884,ohsinglora,food101,4shot,,,,0.03,ce,,,,,,read,2763,OHSINGLORA,82.89,85.26,**** Final test accuracy with OHSINGLORA: 82.89. ****,OHSINGLORA weights saved to ./checkpoints/ohsinglora/ViT-B16/food101/4shots/seed1/adapter_weights.pt,,
DATA-0803,data/result_scan_loss/results_logs_loss_ohsinglora/ohsinglora_food101_4shot_ce_maxent_LAMBDA_O0.03.log,.log,192386,2025-09-29T18:11:25Z,73CAD3B73C96573AD18DBAB5C564EFEEC8584FF120DC045BB3490DB182FE1DDD,ohsinglora,food101,4shot,,,,0.03,ce,,,,,,read,2763,OHSINGLORA,84.37,85.26,**** Final test accuracy with OHSINGLORA: 84.37. ****,OHSINGLORA weights saved to ./checkpoints/ohsinglora/ViT-B16/food101/4shots/seed1/adapter_weights.pt,,
DATA-0804,data/result_scan_loss/results_logs_loss_ohsinglora/ohsinglora_food101_4shot_cosface_LAMBDA_O0.03.log,.log,192343,2025-09-29T17:49:20Z,E2DEBF18DC0E8F4E7E9C5BADF0F27991D4E554F1A0128E1EA649163B69DE6755,ohsinglora,food101,4shot,,,,0.03,cosface,,,,,,read,2763,OHSINGLORA,79.59,85.26,**** Final test accuracy with OHSINGLORA: 79.59. ****,OHSINGLORA weights saved to ./checkpoints/ohsinglora/ViT-B16/food101/4shots/seed1/adapter_weights.pt,,
DATA-0805,data/result_scan_loss/results_logs_loss_ohsinglora/ohsinglora_oxford_flowers_1shot_arcface_LAMBDA_O0.03.log,.log,66315,2025-09-29T10:39:20Z,085D41A1E5913CEC6F231BF9F36E53F4130E0EB05A096B83648E1618DDF7FC89,ohsinglora,oxford_flowers,1shot,,,,0.03,arcface,,,,,,read,1038,OHSINGLORA,77.06,67.40,**** Final test accuracy with OHSINGLORA: 77.06. ****,OHSINGLORA weights saved to ./checkpoints/ohsinglora/ViT-B16/oxford_flowers/1shots/seed1/adapter_weights.pt,,
DATA-0806,data/result_scan_loss/results_logs_loss_ohsinglora/ohsinglora_oxford_flowers_1shot_ce_center_LAMBDA_O0.03.log,.log,66071,2025-09-29T10:46:37Z,B7F945BFB89D32113A7053E17E5510C747BABF247967B84DEB71D4D71354AF85,ohsinglora,oxford_flowers,1shot,,,,0.03,center,,,,,,read,1038,OHSINGLORA,82.54,67.40,**** Final test accuracy with OHSINGLORA: 82.54. ****,OHSINGLORA weights saved to ./checkpoints/ohsinglora/ViT-B16/oxford_flowers/1shots/seed1/adapter_weights.pt,,
DATA-0807,data/result_scan_loss/results_logs_loss_ohsinglora/ohsinglora_oxford_flowers_1shot_ce_LAMBDA_O0.03.log,.log,66057,2025-09-29T10:32:14Z,6F52D4031C1EBFB8BF73313F6879B02C65DED1022AF334772ACF3D0AAB3764D4,ohsinglora,oxford_flowers,1shot,,,,0.03,ce,,,,,,read,1038,OHSINGLORA,82.79,67.40,**** Final test accuracy with OHSINGLORA: 82.79. ****,OHSINGLORA weights saved to ./checkpoints/ohsinglora/ViT-B16/oxford_flowers/1shots/seed1/adapter_weights.pt,,
DATA-0808,data/result_scan_loss/results_logs_loss_ohsinglora/ohsinglora_oxford_flowers_1shot_ce_ls_LAMBDA_O0.03.log,.log,66063,2025-09-29T10:35:47Z,1F18D567C4B3C04A53771AFA9DD53F3C4C142567311ABF6CF1F012DD8D5541DF,ohsinglora,oxford_flowers,1shot,,,,0.03,ce,,,,,,read,1038,OHSINGLORA,83.03,67.40,**** Final test accuracy with OHSINGLORA: 83.03. ****,OHSINGLORA weights saved to ./checkpoints/ohsinglora/ViT-B16/oxford_flowers/1shots/seed1/adapter_weights.pt,,
DATA-0809,data/result_scan_loss/results_logs_loss_ohsinglora/ohsinglora_oxford_flowers_1shot_ce_maxent_LAMBDA_O0.03.log,.log,66195,2025-09-29T10:50:33Z,45F2AB689381CFFA6E46C9F771EB78904AC3948AEFE7C5AB16E74B8C3D84D002,ohsinglora,oxford_flowers,1shot,,,,0.03,ce,,,,,,read,1038,OHSINGLORA,82.66,67.40,**** Final test accuracy with OHSINGLORA: 82.66. ****,OHSINGLORA weights saved to ./checkpoints/ohsinglora/ViT-B16/oxford_flowers/1shots/seed1/adapter_weights.pt,,
DATA-0810,data/result_scan_loss/results_logs_loss_ohsinglora/ohsinglora_oxford_flowers_1shot_cosface_LAMBDA_O0.03.log,.log,65835,2025-09-29T10:43:02Z,DC6B1947B9B29FBBA35B7A638606C1E801A62D27C14ABFF5B15D1AE2D53D2AAD,ohsinglora,oxford_flowers,1shot,,,,0.03,cosface,,,,,,read,1036,OHSINGLORA,76.94,67.40,**** Final test accuracy with OHSINGLORA: 76.94. ****,OHSINGLORA weights saved to ./checkpoints/ohsinglora/ViT-B16/oxford_flowers/1shots/seed1/adapter_weights.pt,,
DATA-0811,data/result_scan_loss/results_logs_loss_ohsinglora/ohsinglora_oxford_flowers_4shot_arcface_LAMBDA_O0.03.log,.log,186231,2025-09-30T15:02:01Z,AF8B7AB912B162DC7C74A6305700125FC94BDCD0D0AF6FA0E66D347C3B5EDC81,ohsinglora,oxford_flowers,4shot,,,,0.03,arcface,,,,,,read,2656,OHSINGLORA,91.88,67.40,**** Final test accuracy with OHSINGLORA: 91.88. ****,OHSINGLORA weights saved to ./checkpoints/ohsinglora/ViT-B16/oxford_flowers/4shots/seed1/adapter_weights.pt,,
DATA-0812,data/result_scan_loss/results_logs_loss_ohsinglora/ohsinglora_oxford_flowers_4shot_ce_center_LAMBDA_O0.03.log,.log,186151,2025-09-30T15:19:09Z,E96FF0AF9FB0C2975C1F73BC9D7EB867B8044CBCD03D359F1C5FA2147A53581B,ohsinglora,oxford_flowers,4shot,,,,0.03,center,,,,,,read,2656,OHSINGLORA,93.22,67.40,**** Final test accuracy with OHSINGLORA: 93.22. ****,OHSINGLORA weights saved to ./checkpoints/ohsinglora/ViT-B16/oxford_flowers/4shots/seed1/adapter_weights.pt,,
DATA-0813,data/result_scan_loss/results_logs_loss_ohsinglora/ohsinglora_oxford_flowers_4shot_ce_LAMBDA_O0.03.log,.log,186137,2025-09-30T14:44:59Z,1BF450C424979557879FCC06976C501F7EFD5D6516F4D12629C873F0FB210452,ohsinglora,oxford_flowers,4shot,,,,0.03,ce,,,,,,read,2656,OHSINGLORA,93.42,67.40,**** Final test accuracy with OHSINGLORA: 93.42. ****,OHSINGLORA weights saved to ./checkpoints/ohsinglora/ViT-B16/oxford_flowers/4shots/seed1/adapter_weights.pt,,
DATA-0814,data/result_scan_loss/results_logs_loss_ohsinglora/ohsinglora_oxford_flowers_4shot_ce_ls_LAMBDA_O0.03.log,.log,186143,2025-09-30T14:53:28Z,B2A70CA3CCC1CD6C7F5252D29BEAEF97E5E763300C5B19809AB69DB0039030B7,ohsinglora,oxford_flowers,4shot,,,,0.03,ce,,,,,,read,2656,OHSINGLORA,93.75,67.40,**** Final test accuracy with OHSINGLORA: 93.75. ****,OHSINGLORA weights saved to ./checkpoints/ohsinglora/ViT-B16/oxford_flowers/4shots/seed1/adapter_weights.pt,,
DATA-0815,data/result_scan_loss/results_logs_loss_ohsinglora/ohsinglora_oxford_flowers_4shot_ce_maxent_LAMBDA_O0.03.log,.log,186304,2025-09-30T15:27:43Z,F68071F379CDC9B6B8899F1F731C99570DF69F2AFBAA198738ECA0F92591EC85,ohsinglora,oxford_flowers,4shot,,,,0.03,ce,,,,,,read,2656,OHSINGLORA,93.38,67.40,**** Final test accuracy with OHSINGLORA: 93.38. ****,OHSINGLORA weights saved to ./checkpoints/ohsinglora/ViT-B16/oxford_flowers/4shots/seed1/adapter_weights.pt,,
DATA-0816,data/result_scan_loss/results_logs_loss_ohsinglora/ohsinglora_oxford_flowers_4shot_cosface_LAMBDA_O0.03.log,.log,186251,2025-09-30T15:10:37Z,FC4919E9A55BAE8217DFE96C774FB4C7E1CD30FCFA4FA45D11E4B8993F94587B,ohsinglora,oxford_flowers,4shot,,,,0.03,cosface,,,,,,read,2656,OHSINGLORA,92.45,67.40,**** Final test accuracy with OHSINGLORA: 92.45. ****,OHSINGLORA weights saved to ./checkpoints/ohsinglora/ViT-B16/oxford_flowers/4shots/seed1/adapter_weights.pt,,
DATA-0817,data/result_scan_loss/results_logs_loss_ohsinglora/ohsinglora_oxford_pets_1shot_arcface_LAMBDA_O0.03.log,.log,95119,2025-09-29T11:25:47Z,0DEC543F6A48DA6263A4B7773C43EC845BE98996AEA3261404A6DA8E89409F5B,ohsinglora,oxford_pets,1shot,,,,0.03,arcface,,,,,,read,1541,OHSINGLORA,86.48,88.20,**** Final test accuracy with OHSINGLORA: 86.48. ****,OHSINGLORA weights saved to ./checkpoints/ohsinglora/ViT-B16/oxford_pets/1shots/seed1/adapter_weights.pt,,
DATA-0818,data/result_scan_loss/results_logs_loss_ohsinglora/ohsinglora_oxford_pets_1shot_ce_center_LAMBDA_O0.03.log,.log,95338,2025-09-29T11:35:11Z,005A7A44A6319DA14F671E3C59D6E858FF0542A2FE5213C8B596FFB0EF89BCB5,ohsinglora,oxford_pets,1shot,,,,0.03,center,,,,,,read,1543,OHSINGLORA,91.77,88.20,**** Final test accuracy with OHSINGLORA: 91.77. ****,OHSINGLORA weights saved to ./checkpoints/ohsinglora/ViT-B16/oxford_pets/1shots/seed1/adapter_weights.pt,,
DATA-0819,data/result_scan_loss/results_logs_loss_ohsinglora/ohsinglora_oxford_pets_1shot_ce_LAMBDA_O0.03.log,.log,95314,2025-09-29T11:16:19Z,C96BEC9E71FE6A190B9A68EF74E35FAD550E8BC584354EB853F3439ABC25BF84,ohsinglora,oxford_pets,1shot,,,,0.03,ce,,,,,,read,1543,OHSINGLORA,92.34,88.20,**** Final test accuracy with OHSINGLORA: 92.34. ****,OHSINGLORA weights saved to ./checkpoints/ohsinglora/ViT-B16/oxford_pets/1shots/seed1/adapter_weights.pt,,
DATA-0820,data/result_scan_loss/results_logs_loss_ohsinglora/ohsinglora_oxford_pets_1shot_ce_ls_LAMBDA_O0.03.log,.log,95326,2025-09-29T11:21:06Z,A1A43DCDAC85BCF7FB56AFB387056E44DC9C8AECCF6149464CE577FAFE902BA7,ohsinglora,oxford_pets,1shot,,,,0.03,ce,,,,,,read,1543,OHSINGLORA,88.03,88.20,**** Final test accuracy with OHSINGLORA: 88.03. ****,OHSINGLORA weights saved to ./checkpoints/ohsinglora/ViT-B16/oxford_pets/1shots/seed1/adapter_weights.pt,,
DATA-0821,data/result_scan_loss/results_logs_loss_ohsinglora/ohsinglora_oxford_pets_1shot_ce_maxent_LAMBDA_O0.03.log,.log,95576,2025-09-29T11:39:45Z,2229167DA421F014C18F64A37F7ABEF3717682D24FCBF1670B936368D37E17BB,ohsinglora,oxford_pets,1shot,,,,0.03,ce,,,,,,read,1543,OHSINGLORA,92.37,88.20,**** Final test accuracy with OHSINGLORA: 92.37. ****,OHSINGLORA weights saved to ./checkpoints/ohsinglora/ViT-B16/oxford_pets/1shots/seed1/adapter_weights.pt,,
DATA-0822,data/result_scan_loss/results_logs_loss_ohsinglora/ohsinglora_oxford_pets_1shot_cosface_LAMBDA_O0.03.log,.log,95155,2025-09-29T11:30:31Z,5B81C8FD63AE5F8277F299B36E5BA0B3911280256BD5DE8E3E2E584763D39AD4,ohsinglora,oxford_pets,1shot,,,,0.03,cosface,,,,,,read,1541,OHSINGLORA,85.80,88.20,**** Final test accuracy with OHSINGLORA: 85.80. ****,OHSINGLORA weights saved to ./checkpoints/ohsinglora/ViT-B16/oxford_pets/1shots/seed1/adapter_weights.pt,,
DATA-0823,data/result_scan_loss/results_logs_loss_ohsinglora/ohsinglora_oxford_pets_4shot_arcface_LAMBDA_O0.03.log,.log,240235,2025-09-30T16:42:22Z,5FF371CD91842A681A4ACEFC2640A954FE33D92DAFE71D4828EDCDF0A8CF3D1D,ohsinglora,oxford_pets,4shot,,,,0.03,arcface,,,,,,read,3645,OHSINGLORA,86.18,88.20,**** Final test accuracy with OHSINGLORA: 86.18. ****,OHSINGLORA weights saved to ./checkpoints/ohsinglora/ViT-B16/oxford_pets/4shots/seed1/adapter_weights.pt,,
DATA-0824,data/result_scan_loss/results_logs_loss_ohsinglora/ohsinglora_oxford_pets_4shot_ce_center_LAMBDA_O0.03.log,.log,240135,2025-09-30T17:00:43Z,9F1C7AA872533CE6DCA321805DDB83502615C3F3C0B218EBEF4D5360A3B06318,ohsinglora,oxford_pets,4shot,,,,0.03,center,,,,,,read,3645,OHSINGLORA,91.22,88.20,**** Final test accuracy with OHSINGLORA: 91.22. ****,OHSINGLORA weights saved to ./checkpoints/ohsinglora/ViT-B16/oxford_pets/4shots/seed1/adapter_weights.pt,,
DATA-0825,data/result_scan_loss/results_logs_loss_ohsinglora/ohsinglora_oxford_pets_4shot_ce_LAMBDA_O0.03.log,.log,240120,2025-09-30T16:24:06Z,8D19F0BEE41202245EF0A8418E9E348FEF928113C8299BD05487CB39DD126FB0,ohsinglora,oxford_pets,4shot,,,,0.03,ce,,,,,,read,3645,OHSINGLORA,92.20,88.20,**** Final test accuracy with OHSINGLORA: 92.20. ****,OHSINGLORA weights saved to ./checkpoints/ohsinglora/ViT-B16/oxford_pets/4shots/seed1/adapter_weights.pt,,
DATA-0826,data/result_scan_loss/results_logs_loss_ohsinglora/ohsinglora_oxford_pets_4shot_ce_ls_LAMBDA_O0.03.log,.log,240132,2025-09-30T16:33:13Z,6516A72979B258D98A849D48C7D073A203804D49F293C92B717B1D0104CD0813,ohsinglora,oxford_pets,4shot,,,,0.03,ce,,,,,,read,3645,OHSINGLORA,85.17,88.20,**** Final test accuracy with OHSINGLORA: 85.17. ****,OHSINGLORA weights saved to ./checkpoints/ohsinglora/ViT-B16/oxford_pets/4shots/seed1/adapter_weights.pt,,
DATA-0827,data/result_scan_loss/results_logs_loss_ohsinglora/ohsinglora_oxford_pets_4shot_ce_maxent_LAMBDA_O0.03.log,.log,240533,2025-09-30T17:09:54Z,4B301FF41B5C466CE653FF2A188E8059ABD3B8DCA104C603CAEA6573AA7A1C2B,ohsinglora,oxford_pets,4shot,,,,0.03,ce,,,,,,read,3645,OHSINGLORA,92.12,88.20,**** Final test accuracy with OHSINGLORA: 92.12. ****,OHSINGLORA weights saved to ./checkpoints/ohsinglora/ViT-B16/oxford_pets/4shots/seed1/adapter_weights.pt,,
DATA-0828,data/result_scan_loss/results_logs_loss_ohsinglora/ohsinglora_oxford_pets_4shot_cosface_LAMBDA_O0.03.log,.log,240260,2025-09-30T16:51:34Z,D30489F1C58C32BC313E3F1E2638D6BF417567C7B463C1E6194A8D08FCC2CA3B,ohsinglora,oxford_pets,4shot,,,,0.03,cosface,,,,,,read,3645,OHSINGLORA,86.21,88.20,**** Final test accuracy with OHSINGLORA: 86.21. ****,OHSINGLORA weights saved to ./checkpoints/ohsinglora/ViT-B16/oxford_pets/4shots/seed1/adapter_weights.pt,,
DATA-0829,data/result_scan_loss/results_logs_loss_ohsinglora/ohsinglora_ucf101_1shot_arcface_LAMBDA_O0.03.log,.log,66185,2025-09-29T11:01:13Z,DEED027A053016EF05DDD1E68D4BB8044B6412921AE0F8C52FDD376ABA015A8C,ohsinglora,ucf101,1shot,,,,0.03,arcface,,,,,,read,1042,OHSINGLORA,73.33,65.21,**** Final test accuracy with OHSINGLORA: 73.33. ****,OHSINGLORA weights saved to ./checkpoints/ohsinglora/ViT-B16/ucf101/1shots/seed1/adapter_weights.pt,,
DATA-0830,data/result_scan_loss/results_logs_loss_ohsinglora/ohsinglora_ucf101_1shot_ce_center_LAMBDA_O0.03.log,.log,66421,2025-09-29T11:08:16Z,FAEE47983DC4D4ACB679491D7A137065DF1780A5612C8215F95905249AAC099D,ohsinglora,ucf101,1shot,,,,0.03,center,,,,,,read,1044,OHSINGLORA,75.89,65.21,**** Final test accuracy with OHSINGLORA: 75.89. ****,OHSINGLORA weights saved to ./checkpoints/ohsinglora/ViT-B16/ucf101/1shots/seed1/adapter_weights.pt,,
DATA-0831,data/result_scan_loss/results_logs_loss_ohsinglora/ohsinglora_ucf101_1shot_ce_LAMBDA_O0.03.log,.log,66407,2025-09-29T10:54:10Z,EB1A260806E999F138EA5EAA0AA7E794B23D37A533064180E8331A2B3E457AB0,ohsinglora,ucf101,1shot,,,,0.03,ce,,,,,,read,1044,OHSINGLORA,75.60,65.21,**** Final test accuracy with OHSINGLORA: 75.60. ****,OHSINGLORA weights saved to ./checkpoints/ohsinglora/ViT-B16/ucf101/1shots/seed1/adapter_weights.pt,,
DATA-0832,data/result_scan_loss/results_logs_loss_ohsinglora/ohsinglora_ucf101_1shot_ce_ls_LAMBDA_O0.03.log,.log,66413,2025-09-29T10:57:33Z,F83D5B2A78976A0DEFA5C8CF371BD80C1A385D2FF04FA1E1758C5B9C606B1346,ohsinglora,ucf101,1shot,,,,0.03,ce,,,,,,read,1044,OHSINGLORA,74.65,65.21,**** Final test accuracy with OHSINGLORA: 74.65. ****,OHSINGLORA weights saved to ./checkpoints/ohsinglora/ViT-B16/ucf101/1shots/seed1/adapter_weights.pt,,
DATA-0833,data/result_scan_loss/results_logs_loss_ohsinglora/ohsinglora_ucf101_1shot_ce_maxent_LAMBDA_O0.03.log,.log,66545,2025-09-29T11:11:43Z,5BED6B9FAB783F923F022971014568219BB3E5D45033F8AC1021C05490BF5EB2,ohsinglora,ucf101,1shot,,,,0.03,ce,,,,,,read,1044,OHSINGLORA,75.36,65.21,**** Final test accuracy with OHSINGLORA: 75.36. ****,OHSINGLORA weights saved to ./checkpoints/ohsinglora/ViT-B16/ucf101/1shots/seed1/adapter_weights.pt,,
DATA-0834,data/result_scan_loss/results_logs_loss_ohsinglora/ohsinglora_ucf101_1shot_cosface_LAMBDA_O0.03.log,.log,66185,2025-09-29T11:04:40Z,D3088FC50A9E9A416ED45C9996E6B647A1D4C96FECBF390AA574D97C47487723,ohsinglora,ucf101,1shot,,,,0.03,cosface,,,,,,read,1042,OHSINGLORA,73.46,65.21,**** Final test accuracy with OHSINGLORA: 73.46. ****,OHSINGLORA weights saved to ./checkpoints/ohsinglora/ViT-B16/ucf101/1shots/seed1/adapter_weights.pt,,
DATA-0835,data/result_scan_loss/results_logs_loss_ohsinglora/ohsinglora_ucf101_4shot_arcface_LAMBDA_O0.03.log,.log,186631,2025-09-30T15:51:21Z,D0B07CB874C7B4A3FBD463F3168B56AAE4FCF9FAC6DE0E15F934F1977DE754AE,ohsinglora,ucf101,4shot,,,,0.03,arcface,,,,,,read,2662,OHSINGLORA,80.15,65.21,**** Final test accuracy with OHSINGLORA: 80.15. ****,OHSINGLORA weights saved to ./checkpoints/ohsinglora/ViT-B16/ucf101/4shots/seed1/adapter_weights.pt,,
DATA-0836,data/result_scan_loss/results_logs_loss_ohsinglora/ohsinglora_ucf101_4shot_ce_center_LAMBDA_O0.03.log,.log,186501,2025-09-30T16:07:06Z,8A82133EBC0311F0E9D7910931E598E727CD25F7546FF5E4AB2F2F4086DA3313,ohsinglora,ucf101,4shot,,,,0.03,center,,,,,,read,2662,OHSINGLORA,80.44,65.21,**** Final test accuracy with OHSINGLORA: 80.44. ****,OHSINGLORA weights saved to ./checkpoints/ohsinglora/ViT-B16/ucf101/4shots/seed1/adapter_weights.pt,,
DATA-0837,data/result_scan_loss/results_logs_loss_ohsinglora/ohsinglora_ucf101_4shot_ce_LAMBDA_O0.03.log,.log,186487,2025-09-30T15:35:33Z,2D448DB2F8651730930922E6005F507B9B2525D96E52A62F73EF9B26095364D9,ohsinglora,ucf101,4shot,,,,0.03,ce,,,,,,read,2662,OHSINGLORA,80.91,65.21,**** Final test accuracy with OHSINGLORA: 80.91. ****,OHSINGLORA weights saved to ./checkpoints/ohsinglora/ViT-B16/ucf101/4shots/seed1/adapter_weights.pt,,
DATA-0838,data/result_scan_loss/results_logs_loss_ohsinglora/ohsinglora_ucf101_4shot_ce_ls_LAMBDA_O0.03.log,.log,186493,2025-09-30T15:43:26Z,BC6C9070137C93B78D2ED98E413CCB694F00B2AE294951EF4B44EBBF8C98CD01,ohsinglora,ucf101,4shot,,,,0.03,ce,,,,,,read,2662,OHSINGLORA,80.15,65.21,**** Final test accuracy with OHSINGLORA: 80.15. ****,OHSINGLORA weights saved to ./checkpoints/ohsinglora/ViT-B16/ucf101/4shots/seed1/adapter_weights.pt,,
DATA-0839,data/result_scan_loss/results_logs_loss_ohsinglora/ohsinglora_ucf101_4shot_ce_maxent_LAMBDA_O0.03.log,.log,186654,2025-09-30T16:14:58Z,6285A5CB730FD806E42D2F84EECA1921DC54C6D890849F58829E27E98F3C93E7,ohsinglora,ucf101,4shot,,,,0.03,ce,,,,,,read,2662,OHSINGLORA,80.86,65.21,**** Final test accuracy with OHSINGLORA: 80.86. ****,OHSINGLORA weights saved to ./checkpoints/ohsinglora/ViT-B16/ucf101/4shots/seed1/adapter_weights.pt,,
DATA-0840,data/result_scan_loss/results_logs_loss_ohsinglora/ohsinglora_ucf101_4shot_cosface_LAMBDA_O0.03.log,.log,186659,2025-09-30T15:59:16Z,3800E02B8CC7796D0178C6458BB832E9C787AA1BFDB56EDF5A0250C166604893,ohsinglora,ucf101,4shot,,,,0.03,cosface,,,,,,read,2662,OHSINGLORA,80.68,65.21,**** Final test accuracy with OHSINGLORA: 80.68. ****,OHSINGLORA weights saved to ./checkpoints/ohsinglora/ViT-B16/ucf101/4shots/seed1/adapter_weights.pt,,
DATA-0841,data/results_ablation_heads_lambda/ohsinglora_caltech101_16shot_R4_H1_Lo0.log,.log,636508,2026-01-04T11:39:26Z,57879228F23E5C98B78F9BAA11570693B06AB666D9C4CEC27CF7DCAD07EBE5E3,ohsinglora,caltech101,16shot,,4,101,0,,,,,,,read,8691,OHSINGLORA,96.35,93.31,**** Final test accuracy with OHSINGLORA: 96.35. ****,OHSINGLORA weights saved to /root/checkpoints/ohsinglora/ViT-B16/caltech101/16shots/seed1/adapter_weights.pt,,
DATA-0842,data/results_ablation_heads_lambda/ohsinglora_caltech101_16shot_R4_H2_Lo0.01.log,.log,636443,2026-01-04T11:39:26Z,E3FEEA0CAB454950DF759B25AB5A25A649AB2B5E442E49DCDE9511EEEAB6B840,ohsinglora,caltech101,16shot,,4,101,0.01,,,,,,,read,8690,OHSINGLORA,96.27,93.31,**** Final test accuracy with OHSINGLORA: 96.27. ****,OHSINGLORA weights saved to /root/checkpoints/ohsinglora/ViT-B16/caltech101/16shots/seed1/adapter_weights.pt,,
DATA-0843,data/results_ablation_heads_lambda/ohsinglora_caltech101_16shot_R4_H2_Lo0.03.log,.log,636511,2026-01-04T11:39:26Z,D6D80BFBEE62D5A3913CA95C6D0D9623A6F4CEFE05556F1BCE162E9C287EC056,ohsinglora,caltech101,16shot,,4,101,0.03,,,,,,,read,8691,OHSINGLORA,96.15,93.31,**** Final test accuracy with OHSINGLORA: 96.15. ****,OHSINGLORA weights saved to /root/checkpoints/ohsinglora/ViT-B16/caltech101/16shots/seed1/adapter_weights.pt,,
DATA-0844,data/results_ablation_heads_lambda/ohsinglora_caltech101_16shot_R4_H2_Lo0.05.log,.log,636443,2026-01-04T11:39:26Z,330BC6006369558D036C518ABF252DBC8D9C2388E455AA6B32D733B2E8F535EC,ohsinglora,caltech101,16shot,,4,101,0.05,,,,,,,read,8690,OHSINGLORA,96.15,93.31,**** Final test accuracy with OHSINGLORA: 96.15. ****,OHSINGLORA weights saved to /root/checkpoints/ohsinglora/ViT-B16/caltech101/16shots/seed1/adapter_weights.pt,,
DATA-0845,data/results_ablation_heads_lambda/ohsinglora_caltech101_16shot_R4_H2_Lo0.1.log,.log,636510,2026-01-04T11:39:27Z,B9A7F95315380EE0F7C4E30B6837C6A4F9136EFFB73A1ED363A78ACB57BB5445,ohsinglora,caltech101,16shot,,4,101,0.1,,,,,,,read,8691,OHSINGLORA,96.15,93.31,**** Final test accuracy with OHSINGLORA: 96.15. ****,OHSINGLORA weights saved to /root/checkpoints/ohsinglora/ViT-B16/caltech101/16shots/seed1/adapter_weights.pt,,
DATA-0846,data/results_ablation_heads_lambda/ohsinglora_caltech101_16shot_R4_H2_Lo0.log,.log,636508,2026-01-04T11:39:27Z,C5E0CDC7EFDB3A67108C26C6DEB5F48D8106AE5222CD3FB3992C7C4BC3F32CBA,ohsinglora,caltech101,16shot,,4,101,0,,,,,,,read,8691,OHSINGLORA,96.27,93.31,**** Final test accuracy with OHSINGLORA: 96.27. ****,OHSINGLORA weights saved to /root/checkpoints/ohsinglora/ViT-B16/caltech101/16shots/seed1/adapter_weights.pt,,
DATA-0847,data/results_ablation_heads_lambda/ohsinglora_caltech101_16shot_R4_H4_Lo0.01.log,.log,636511,2026-01-04T11:39:27Z,4F9E76500C2D69984688FEE20A56915285F845DE26D5CE665B5A095338B02E3E,ohsinglora,caltech101,16shot,,4,101,0.01,,,,,,,read,8691,OHSINGLORA,96.51,93.31,**** Final test accuracy with OHSINGLORA: 96.51. ****,OHSINGLORA weights saved to /root/checkpoints/ohsinglora/ViT-B16/caltech101/16shots/seed1/adapter_weights.pt,,
DATA-0848,data/results_ablation_heads_lambda/ohsinglora_caltech101_16shot_R4_H4_Lo0.03.log,.log,636511,2026-01-04T11:39:27Z,2039F13CB51F00D2D48D4F9CA9016B905D1B260CA1B484B46DE17578A47B2037,ohsinglora,caltech101,16shot,,4,101,0.03,,,,,,,read,8691,OHSINGLORA,96.55,93.31,**** Final test accuracy with OHSINGLORA: 96.55. ****,OHSINGLORA weights saved to /root/checkpoints/ohsinglora/ViT-B16/caltech101/16shots/seed1/adapter_weights.pt,,
DATA-0849,data/results_ablation_heads_lambda/ohsinglora_caltech101_16shot_R4_H4_Lo0.05.log,.log,636511,2026-01-04T11:39:27Z,D5F543064533384103E19C3EC1DB6DB2FA03185EFCE6A8F10D1D922D62B378D2,ohsinglora,caltech101,16shot,,4,101,0.05,,,,,,,read,8691,OHSINGLORA,96.55,93.31,**** Final test accuracy with OHSINGLORA: 96.55. ****,OHSINGLORA weights saved to /root/checkpoints/ohsinglora/ViT-B16/caltech101/16shots/seed1/adapter_weights.pt,,
DATA-0850,data/results_ablation_heads_lambda/ohsinglora_caltech101_16shot_R4_H4_Lo0.1.log,.log,636510,2026-01-04T11:39:27Z,DDA301B4A4073EEE6ED1741C9F0D0A3888F945E41445A21CE2CEF5B3B2A15BCD,ohsinglora,caltech101,16shot,,4,101,0.1,,,,,,,read,8691,OHSINGLORA,96.47,93.31,**** Final test accuracy with OHSINGLORA: 96.47. ****,OHSINGLORA weights saved to /root/checkpoints/ohsinglora/ViT-B16/caltech101/16shots/seed1/adapter_weights.pt,,
DATA-0851,data/results_ablation_heads_lambda/ohsinglora_caltech101_16shot_R4_H4_Lo0.log,.log,636508,2026-01-04T11:39:27Z,3F26179697F4A468FFE956899FB30032A2D6923CD31D3E0B7A74918340D50D38,ohsinglora,caltech101,16shot,,4,101,0,,,,,,,read,8691,OHSINGLORA,96.43,93.31,**** Final test accuracy with OHSINGLORA: 96.43. ****,OHSINGLORA weights saved to /root/checkpoints/ohsinglora/ViT-B16/caltech101/16shots/seed1/adapter_weights.pt,,
DATA-0852,data/results_ablation_heads_lambda/ohsinglora_caltech101_1shot_R4_H1_Lo0.log,.log,66511,2026-01-04T11:39:09Z,F6F9C43CF3100742A15CCC7FE76582630D3EF4798F3CEF7AB550FC9A681ECDD9,ohsinglora,caltech101,1shot,,4,101,0,,,,,,,read,1051,OHSINGLORA,93.83,93.31,**** Final test accuracy with OHSINGLORA: 93.83. ****,OHSINGLORA weights saved to /root/checkpoints/ohsinglora/ViT-B16/caltech101/1shots/seed1/adapter_weights.pt,,
DATA-0853,data/results_ablation_heads_lambda/ohsinglora_caltech101_1shot_R4_H2_Lo0.01.log,.log,66446,2026-01-04T11:39:10Z,4D2798C3F563B52FF9855D7BCF7B80F188BFDA645BFC76445A530666329F060B,ohsinglora,caltech101,1shot,,4,101,0.01,,,,,,,read,1050,OHSINGLORA,94.16,93.31,**** Final test accuracy with OHSINGLORA: 94.16. ****,OHSINGLORA weights saved to /root/checkpoints/ohsinglora/ViT-B16/caltech101/1shots/seed1/adapter_weights.pt,,
DATA-0854,data/results_ablation_heads_lambda/ohsinglora_caltech101_1shot_R4_H2_Lo0.03.log,.log,66514,2026-01-04T11:39:10Z,CBCB2812CE0BB7543F94CBD0093FDAAD7EF9A5E30B01905664A1FBB19927B9B7,ohsinglora,caltech101,1shot,,4,101,0.03,,,,,,,read,1051,OHSINGLORA,94.16,93.31,**** Final test accuracy with OHSINGLORA: 94.16. ****,OHSINGLORA weights saved to /root/checkpoints/ohsinglora/ViT-B16/caltech101/1shots/seed1/adapter_weights.pt,,
DATA-0855,data/results_ablation_heads_lambda/ohsinglora_caltech101_1shot_R4_H2_Lo0.05.log,.log,66514,2026-01-04T11:39:10Z,7AD9FCD0FDCCB291D4495028B70BE24EFDAD9B752197D518B97E3A6E2E72D843,ohsinglora,caltech101,1shot,,4,101,0.05,,,,,,,read,1051,OHSINGLORA,94.16,93.31,**** Final test accuracy with OHSINGLORA: 94.16. ****,OHSINGLORA weights saved to /root/checkpoints/ohsinglora/ViT-B16/caltech101/1shots/seed1/adapter_weights.pt,,
DATA-0856,data/results_ablation_heads_lambda/ohsinglora_caltech101_1shot_R4_H2_Lo0.1.log,.log,66513,2026-01-04T11:39:10Z,096D68F92DB17EA1F71E61C4FE9FD5B1FD44B107E69AE9E3D3892DB7165BF9C6,ohsinglora,caltech101,1shot,,4,101,0.1,,,,,,,read,1051,OHSINGLORA,94.16,93.31,**** Final test accuracy with OHSINGLORA: 94.16. ****,OHSINGLORA weights saved to /root/checkpoints/ohsinglora/ViT-B16/caltech101/1shots/seed1/adapter_weights.pt,,
DATA-0857,data/results_ablation_heads_lambda/ohsinglora_caltech101_1shot_R4_H2_Lo0.log,.log,66511,2026-01-04T11:39:10Z,2C8705B69AAAFD4B39F8AA910DDF55C580E5FB1D0F254737AAB6D1AD75870E34,ohsinglora,caltech101,1shot,,4,101,0,,,,,,,read,1051,OHSINGLORA,94.16,93.31,**** Final test accuracy with OHSINGLORA: 94.16. ****,OHSINGLORA weights saved to /root/checkpoints/ohsinglora/ViT-B16/caltech101/1shots/seed1/adapter_weights.pt,,
DATA-0858,data/results_ablation_heads_lambda/ohsinglora_caltech101_1shot_R4_H4_Lo0.01.log,.log,66514,2026-01-04T11:39:11Z,E9404B62141AFFF66CA561050223221C5796A0B2049BED3C74FABF63653B537F,ohsinglora,caltech101,1shot,,4,101,0.01,,,,,,,read,1051,OHSINGLORA,93.96,93.31,**** Final test accuracy with OHSINGLORA: 93.96. ****,OHSINGLORA weights saved to /root/checkpoints/ohsinglora/ViT-B16/caltech101/1shots/seed1/adapter_weights.pt,,
DATA-0859,data/results_ablation_heads_lambda/ohsinglora_caltech101_1shot_R4_H4_Lo0.03.log,.log,66514,2026-01-04T11:39:11Z,6716F30365F57889A4F1CDF9E45AC8164CF0E98BB3A10662A6555F03061FC551,ohsinglora,caltech101,1shot,,4,101,0.03,,,,,,,read,1051,OHSINGLORA,94.00,93.31,**** Final test accuracy with OHSINGLORA: 94.00. ****,OHSINGLORA weights saved to /root/checkpoints/ohsinglora/ViT-B16/caltech101/1shots/seed1/adapter_weights.pt,,
DATA-0860,data/results_ablation_heads_lambda/ohsinglora_caltech101_1shot_R4_H4_Lo0.05.log,.log,66514,2026-01-04T11:39:11Z,7BBCAD8F37D8EB5EF8A03FA6412A33A0AD356B8EF41022C7C52D928C8742A9F7,ohsinglora,caltech101,1shot,,4,101,0.05,,,,,,,read,1051,OHSINGLORA,94.04,93.31,**** Final test accuracy with OHSINGLORA: 94.04. ****,OHSINGLORA weights saved to /root/checkpoints/ohsinglora/ViT-B16/caltech101/1shots/seed1/adapter_weights.pt,,
DATA-0861,data/results_ablation_heads_lambda/ohsinglora_caltech101_1shot_R4_H4_Lo0.1.log,.log,66513,2026-01-04T11:39:11Z,0C12D8E557692746383A403B5965102DD0F1685BE42B90DA06F9A0F955C28D6F,ohsinglora,caltech101,1shot,,4,101,0.1,,,,,,,read,1051,OHSINGLORA,94.00,93.31,**** Final test accuracy with OHSINGLORA: 94.00. ****,OHSINGLORA weights saved to /root/checkpoints/ohsinglora/ViT-B16/caltech101/1shots/seed1/adapter_weights.pt,,
DATA-0862,data/results_ablation_heads_lambda/ohsinglora_caltech101_1shot_R4_H4_Lo0.log,.log,66443,2026-01-04T11:39:12Z,42D3B0EF741FBF7E9DD394902DEA24E1E00A085A559932393E2F88FB3A872991,ohsinglora,caltech101,1shot,,4,101,0,,,,,,,read,1050,OHSINGLORA,94.00,93.31,**** Final test accuracy with OHSINGLORA: 94.00. ****,OHSINGLORA weights saved to /root/checkpoints/ohsinglora/ViT-B16/caltech101/1shots/seed1/adapter_weights.pt,,
DATA-0863,data/results_ablation_heads_lambda/ohsinglora_caltech101_4shot_R4_H1_Lo0.log,.log,186068,2026-01-04T11:39:12Z,92BEF60D20A9F3C6D2643B7D28ACA6CBC9B82BFED4E3D0222A3A3552EFE5DF27,ohsinglora,caltech101,4shot,,4,101,0,,,,,,,read,2666,OHSINGLORA,95.50,93.31,**** Final test accuracy with OHSINGLORA: 95.50. ****,OHSINGLORA weights saved to /root/checkpoints/ohsinglora/ViT-B16/caltech101/4shots/seed1/adapter_weights.pt,,
DATA-0864,data/results_ablation_heads_lambda/ohsinglora_caltech101_4shot_R4_H2_Lo0.01.log,.log,186139,2026-01-04T11:39:12Z,46586E1700D05C96787F3B174F698F8E722F8647D3F94D5105AFAC87C1BD45FA,ohsinglora,caltech101,4shot,,4,101,0.01,,,,,,,read,2667,OHSINGLORA,95.29,93.31,**** Final test accuracy with OHSINGLORA: 95.29. ****,OHSINGLORA weights saved to /root/checkpoints/ohsinglora/ViT-B16/caltech101/4shots/seed1/adapter_weights.pt,,
DATA-0865,data/results_ablation_heads_lambda/ohsinglora_caltech101_4shot_R4_H2_Lo0.03.log,.log,186139,2026-01-04T11:39:12Z,40587A71C701B4A08C05555105ECBDA8246A69D7248008540D5D30CDBEF6C719,ohsinglora,caltech101,4shot,,4,101,0.03,,,,,,,read,2667,OHSINGLORA,95.29,93.31,**** Final test accuracy with OHSINGLORA: 95.29. ****,OHSINGLORA weights saved to /root/checkpoints/ohsinglora/ViT-B16/caltech101/4shots/seed1/adapter_weights.pt,,
DATA-0866,data/results_ablation_heads_lambda/ohsinglora_caltech101_4shot_R4_H2_Lo0.05.log,.log,186071,2026-01-04T11:39:12Z,5ECAA3174D1762DF58FE3FBED522FE0D1C677C94D03279827DE9F79683AF8D83,ohsinglora,caltech101,4shot,,4,101,0.05,,,,,,,read,2666,OHSINGLORA,95.33,93.31,**** Final test accuracy with OHSINGLORA: 95.33. ****,OHSINGLORA weights saved to /root/checkpoints/ohsinglora/ViT-B16/caltech101/4shots/seed1/adapter_weights.pt,,
DATA-0867,data/results_ablation_heads_lambda/ohsinglora_caltech101_4shot_R4_H2_Lo0.1.log,.log,186138,2026-01-04T11:39:12Z,65A9048B8A9228BBD3515CAC85CADCA5BC4416AEC4F7D3605B9FAE9796064D6C,ohsinglora,caltech101,4shot,,4,101,0.1,,,,,,,read,2667,OHSINGLORA,95.42,93.31,**** Final test accuracy with OHSINGLORA: 95.42. ****,OHSINGLORA weights saved to /root/checkpoints/ohsinglora/ViT-B16/caltech101/4shots/seed1/adapter_weights.pt,,
DATA-0868,data/results_ablation_heads_lambda/ohsinglora_caltech101_4shot_R4_H2_Lo0.log,.log,186136,2026-01-04T11:39:12Z,3F771D8D7EFCF300987E47235D8568E95E4D12AF161C6B8C38C529687DED0B2E,ohsinglora,caltech101,4shot,,4,101,0,,,,,,,read,2667,OHSINGLORA,95.29,93.31,**** Final test accuracy with OHSINGLORA: 95.29. ****,OHSINGLORA weights saved to /root/checkpoints/ohsinglora/ViT-B16/caltech101/4shots/seed1/adapter_weights.pt,,
DATA-0869,data/results_ablation_heads_lambda/ohsinglora_caltech101_4shot_R4_H4_Lo0.01.log,.log,186140,2026-01-04T11:39:12Z,E1D73421D1755875B72A1A2F3A757EF3357BB18C133FA707DB7EC4747923EB24,ohsinglora,caltech101,4shot,,4,101,0.01,,,,,,,read,2667,OHSINGLORA,95.33,93.31,**** Final test accuracy with OHSINGLORA: 95.33. ****,OHSINGLORA weights saved to /root/checkpoints/ohsinglora/ViT-B16/caltech101/4shots/seed1/adapter_weights.pt,,
DATA-0870,data/results_ablation_heads_lambda/ohsinglora_caltech101_4shot_R4_H4_Lo0.03.log,.log,186140,2026-01-04T11:39:13Z,8217C57C871DF3C9351F3FC5565C692A88B31CE880F51442FD543FBE8CA0A5BF,ohsinglora,caltech101,4shot,,4,101,0.03,,,,,,,read,2667,OHSINGLORA,95.25,93.31,**** Final test accuracy with OHSINGLORA: 95.25. ****,OHSINGLORA weights saved to /root/checkpoints/ohsinglora/ViT-B16/caltech101/4shots/seed1/adapter_weights.pt,,
DATA-0871,data/results_ablation_heads_lambda/ohsinglora_caltech101_4shot_R4_H4_Lo0.05.log,.log,186140,2026-01-04T11:39:13Z,8FA9091DD71D2E0CCF7E0CEC626EEF90B93ED8F4C41807652C3B122839D49D6A,ohsinglora,caltech101,4shot,,4,101,0.05,,,,,,,read,2667,OHSINGLORA,95.33,93.31,**** Final test accuracy with OHSINGLORA: 95.33. ****,OHSINGLORA weights saved to /root/checkpoints/ohsinglora/ViT-B16/caltech101/4shots/seed1/adapter_weights.pt,,
DATA-0872,data/results_ablation_heads_lambda/ohsinglora_caltech101_4shot_R4_H4_Lo0.1.log,.log,186139,2026-01-04T11:39:13Z,B76F26C21D64A7A659458FECC04DCCA453FB0EFFA96EF6953074B20D4EAA877A,ohsinglora,caltech101,4shot,,4,101,0.1,,,,,,,read,2667,OHSINGLORA,95.42,93.31,**** Final test accuracy with OHSINGLORA: 95.42. ****,OHSINGLORA weights saved to /root/checkpoints/ohsinglora/ViT-B16/caltech101/4shots/seed1/adapter_weights.pt,,
DATA-0873,data/results_ablation_heads_lambda/ohsinglora_caltech101_4shot_R4_H4_Lo0.log,.log,186136,2026-01-04T11:39:13Z,18AAE8766A8E71670FC2B51C99028156DF09F597FA31134FDA5C481DADB03CE0,ohsinglora,caltech101,4shot,,4,101,0,,,,,,,read,2667,OHSINGLORA,95.38,93.31,**** Final test accuracy with OHSINGLORA: 95.38. ****,OHSINGLORA weights saved to /root/checkpoints/ohsinglora/ViT-B16/caltech101/4shots/seed1/adapter_weights.pt,,
DATA-0874,data/results_ablation_heads_lambda/ohsinglora_eurosat_16shot_R4_H1_Lo0.log,.log,959189,2026-01-04T11:39:31Z,7698E3E451C078A2568C25C78AB2E47EA9AB3420602A7A4038966F672381EBAB,ohsinglora,eurosat,16shot,,4,1,0,,,,,,,read,14473,OHSINGLORA,91.01,42.16,**** Final test accuracy with OHSINGLORA: 91.01. ****,OHSINGLORA weights saved to /root/checkpoints/ohsinglora/ViT-B16/eurosat/16shots/seed1/adapter_weights.pt,,
DATA-0875,data/results_ablation_heads_lambda/ohsinglora_eurosat_16shot_R4_H2_Lo0.01.log,.log,959216,2026-01-04T11:39:31Z,2B3656D5FBC3DB29512252110AAF8137AD84498749B4354C946F4057B6E633F7,ohsinglora,eurosat,16shot,,4,2,0.01,,,,,,,read,14473,OHSINGLORA,91.44,42.16,**** Final test accuracy with OHSINGLORA: 91.44. ****,OHSINGLORA weights saved to /root/checkpoints/ohsinglora/ViT-B16/eurosat/16shots/seed1/adapter_weights.pt,,
DATA-0876,data/results_ablation_heads_lambda/ohsinglora_eurosat_16shot_R4_H2_Lo0.03.log,.log,959199,2026-01-04T11:39:31Z,321D09894543759E1D10AFADB542813092AB66C7EF45B005564B02E366CB6D70,ohsinglora,eurosat,16shot,,4,2,0.03,,,,,,,read,14473,OHSINGLORA,91.41,42.16,**** Final test accuracy with OHSINGLORA: 91.41. ****,OHSINGLORA weights saved to /root/checkpoints/ohsinglora/ViT-B16/eurosat/16shots/seed1/adapter_weights.pt,,
DATA-0877,data/results_ablation_heads_lambda/ohsinglora_eurosat_16shot_R4_H2_Lo0.05.log,.log,959215,2026-01-04T11:39:31Z,DA59348FB6B8CA5742E24A28E24062185234E5DE85069D64C0D13342E339333B,ohsinglora,eurosat,16shot,,4,2,0.05,,,,,,,read,14473,OHSINGLORA,91.54,42.16,**** Final test accuracy with OHSINGLORA: 91.54. ****,OHSINGLORA weights saved to /root/checkpoints/ohsinglora/ViT-B16/eurosat/16shots/seed1/adapter_weights.pt,,
DATA-0878,data/results_ablation_heads_lambda/ohsinglora_eurosat_16shot_R4_H2_Lo0.1.log,.log,959141,2026-01-04T11:39:31Z,9D471D88FB25C6128A6712ADD2445EE3E785A9801838F90C87A7C1FE5E867AC0,ohsinglora,eurosat,16shot,,4,2,0.1,,,,,,,read,14472,OHSINGLORA,91.46,42.16,**** Final test accuracy with OHSINGLORA: 91.46. ****,OHSINGLORA weights saved to /root/checkpoints/ohsinglora/ViT-B16/eurosat/16shots/seed1/adapter_weights.pt,,
DATA-0879,data/results_ablation_heads_lambda/ohsinglora_eurosat_16shot_R4_H2_Lo0.log,.log,959220,2026-01-04T11:39:32Z,B7C022BC82833EF730996146D0F1F8F2B79283A841213F5304DE4C1E05CAC057,ohsinglora,eurosat,16shot,,4,2,0,,,,,,,read,14473,OHSINGLORA,91.27,42.16,**** Final test accuracy with OHSINGLORA: 91.27. ****,OHSINGLORA weights saved to /root/checkpoints/ohsinglora/ViT-B16/eurosat/16shots/seed1/adapter_weights.pt,,
DATA-0880,data/results_ablation_heads_lambda/ohsinglora_eurosat_16shot_R4_H4_Lo0.01.log,.log,959171,2026-01-04T11:39:31Z,7656408D7A180D76A084808E2430C07CFAFBF367975703486F1BC436E3F1C094,ohsinglora,eurosat,16shot,,4,4,0.01,,,,,,,read,14473,OHSINGLORA,90.64,42.16,**** Final test accuracy with OHSINGLORA: 90.64. ****,OHSINGLORA weights saved to /root/checkpoints/ohsinglora/ViT-B16/eurosat/16shots/seed1/adapter_weights.pt,,
DATA-0881,data/results_ablation_heads_lambda/ohsinglora_eurosat_16shot_R4_H4_Lo0.03.log,.log,959172,2026-01-04T11:39:32Z,7FF1A8469B54BC0458783C822E32F580F880922A0F583014B291C3FCCD293724,ohsinglora,eurosat,16shot,,4,4,0.03,,,,,,,read,14473,OHSINGLORA,90.59,42.16,**** Final test accuracy with OHSINGLORA: 90.59. ****,OHSINGLORA weights saved to /root/checkpoints/ohsinglora/ViT-B16/eurosat/16shots/seed1/adapter_weights.pt,,
DATA-0882,data/results_ablation_heads_lambda/ohsinglora_eurosat_16shot_R4_H4_Lo0.05.log,.log,959184,2026-01-04T11:39:32Z,DA40285B0512676F16EE01F08BCD45F4468AD77B8C832B29539307AA5BA9EA89,ohsinglora,eurosat,16shot,,4,4,0.05,,,,,,,read,14473,OHSINGLORA,90.48,42.16,**** Final test accuracy with OHSINGLORA: 90.48. ****,OHSINGLORA weights saved to /root/checkpoints/ohsinglora/ViT-B16/eurosat/16shots/seed1/adapter_weights.pt,,
DATA-0883,data/results_ablation_heads_lambda/ohsinglora_eurosat_16shot_R4_H4_Lo0.1.log,.log,959196,2026-01-04T11:39:32Z,65EF5D1EF4374B6EE17938ECBB1B856AD8FDC759B8441D0FFEA2FCE50612A9CC,ohsinglora,eurosat,16shot,,4,4,0.1,,,,,,,read,14473,OHSINGLORA,90.65,42.16,**** Final test accuracy with OHSINGLORA: 90.65. ****,OHSINGLORA weights saved to /root/checkpoints/ohsinglora/ViT-B16/eurosat/16shots/seed1/adapter_weights.pt,,
DATA-0884,data/results_ablation_heads_lambda/ohsinglora_eurosat_16shot_R4_H4_Lo0.log,.log,959187,2026-01-04T11:39:32Z,5121CEFAAC3623E5B629EAA33B6381899705C08989B9C6F277CCE4D9DC2F66DA,ohsinglora,eurosat,16shot,,4,4,0,,,,,,,read,14473,OHSINGLORA,90.74,42.16,**** Final test accuracy with OHSINGLORA: 90.74. ****,OHSINGLORA weights saved to /root/checkpoints/ohsinglora/ViT-B16/eurosat/16shots/seed1/adapter_weights.pt,,
DATA-0885,data/results_ablation_heads_lambda/ohsinglora_eurosat_1shot_R4_H1_Lo0.log,.log,155497,2026-01-04T11:39:15Z,8ECE03B9A602F391009662EC35F32CBF1886B2932B0A910E1F90DE4767C784E8,ohsinglora,eurosat,1shot,,4,1,0,,,,,,,read,2573,OHSINGLORA,74.22,42.16,**** Final test accuracy with OHSINGLORA: 74.22. ****,OHSINGLORA weights saved to /root/checkpoints/ohsinglora/ViT-B16/eurosat/1shots/seed1/adapter_weights.pt,,
DATA-0886,data/results_ablation_heads_lambda/ohsinglora_eurosat_1shot_R4_H2_Lo0.01.log,.log,155476,2026-01-04T11:39:15Z,D4AB94C3317F36460C34F09B6F57E668EBD2A540F2021B919F629A1CDE7D5ACB,ohsinglora,eurosat,1shot,,4,2,0.01,,,,,,,read,2573,OHSINGLORA,73.28,42.16,**** Final test accuracy with OHSINGLORA: 73.28. ****,OHSINGLORA weights saved to /root/checkpoints/ohsinglora/ViT-B16/eurosat/1shots/seed1/adapter_weights.pt,,
DATA-0887,data/results_ablation_heads_lambda/ohsinglora_eurosat_1shot_R4_H2_Lo0.03.log,.log,155476,2026-01-04T11:39:15Z,AD5AE65C352E0D5B3AFA5B018EDA3777D79C19C7838582532726ABE8377C63B2,ohsinglora,eurosat,1shot,,4,2,0.03,,,,,,,read,2573,OHSINGLORA,73.20,42.16,**** Final test accuracy with OHSINGLORA: 73.20. ****,OHSINGLORA weights saved to /root/checkpoints/ohsinglora/ViT-B16/eurosat/1shots/seed1/adapter_weights.pt,,
DATA-0888,data/results_ablation_heads_lambda/ohsinglora_eurosat_1shot_R4_H2_Lo0.05.log,.log,155477,2026-01-04T11:39:15Z,9031155A6DFD5D61D8CDB43521BC3BE1324DE75CAAFE6A2E0F2987264BE5D461,ohsinglora,eurosat,1shot,,4,2,0.05,,,,,,,read,2573,OHSINGLORA,73.15,42.16,**** Final test accuracy with OHSINGLORA: 73.15. ****,OHSINGLORA weights saved to /root/checkpoints/ohsinglora/ViT-B16/eurosat/1shots/seed1/adapter_weights.pt,,
DATA-0889,data/results_ablation_heads_lambda/ohsinglora_eurosat_1shot_R4_H2_Lo0.1.log,.log,155476,2026-01-04T11:39:15Z,32A4C4965E5FB8A6B9D9022B24AA13D4471808ED5ABABAEC55FC64E9C930807D,ohsinglora,eurosat,1shot,,4,2,0.1,,,,,,,read,2573,OHSINGLORA,72.86,42.16,**** Final test accuracy with OHSINGLORA: 72.86. ****,OHSINGLORA weights saved to /root/checkpoints/ohsinglora/ViT-B16/eurosat/1shots/seed1/adapter_weights.pt,,
DATA-0890,data/results_ablation_heads_lambda/ohsinglora_eurosat_1shot_R4_H2_Lo0.log,.log,155473,2026-01-04T11:39:16Z,B5DFDCDD881F541FD306109BEC4206CF8B67D38D3C0B9DF87ED3BC6AC0D907E1,ohsinglora,eurosat,1shot,,4,2,0,,,,,,,read,2573,OHSINGLORA,73.27,42.16,**** Final test accuracy with OHSINGLORA: 73.27. ****,OHSINGLORA weights saved to /root/checkpoints/ohsinglora/ViT-B16/eurosat/1shots/seed1/adapter_weights.pt,,
DATA-0891,data/results_ablation_heads_lambda/ohsinglora_eurosat_1shot_R4_H4_Lo0.01.log,.log,155468,2026-01-04T11:39:16Z,D48D903A72DB04AC5CA0E8C7782B92AD5C8F8A0BEB4FD97DBA3B65AD4E33FFFC,ohsinglora,eurosat,1shot,,4,4,0.01,,,,,,,read,2573,OHSINGLORA,70.28,42.16,**** Final test accuracy with OHSINGLORA: 70.28. ****,OHSINGLORA weights saved to /root/checkpoints/ohsinglora/ViT-B16/eurosat/1shots/seed1/adapter_weights.pt,,
DATA-0892,data/results_ablation_heads_lambda/ohsinglora_eurosat_1shot_R4_H4_Lo0.03.log,.log,155469,2026-01-04T11:39:16Z,44B5C4F68DE190C0BD97AB23BC03BC744947B84A88449CB502B6A12BEC7BF025,ohsinglora,eurosat,1shot,,4,4,0.03,,,,,,,read,2573,OHSINGLORA,70.27,42.16,**** Final test accuracy with OHSINGLORA: 70.27. ****,OHSINGLORA weights saved to /root/checkpoints/ohsinglora/ViT-B16/eurosat/1shots/seed1/adapter_weights.pt,,
DATA-0893,data/results_ablation_heads_lambda/ohsinglora_eurosat_1shot_R4_H4_Lo0.05.log,.log,155470,2026-01-04T11:39:16Z,D44A6266475524027EEF4250008CB8E34C1AEBB268CE9B6C45F81280290FB4F7,ohsinglora,eurosat,1shot,,4,4,0.05,,,,,,,read,2573,OHSINGLORA,70.35,42.16,**** Final test accuracy with OHSINGLORA: 70.35. ****,OHSINGLORA weights saved to /root/checkpoints/ohsinglora/ViT-B16/eurosat/1shots/seed1/adapter_weights.pt,,
DATA-0894,data/results_ablation_heads_lambda/ohsinglora_eurosat_1shot_R4_H4_Lo0.1.log,.log,155467,2026-01-04T11:39:16Z,7964EC8B5BD0F3EDF57388030BD1F88BC2BE0699CDB5DDC23FDC949C2197BB79,ohsinglora,eurosat,1shot,,4,4,0.1,,,,,,,read,2573,OHSINGLORA,70.56,42.16,**** Final test accuracy with OHSINGLORA: 70.56. ****,OHSINGLORA weights saved to /root/checkpoints/ohsinglora/ViT-B16/eurosat/1shots/seed1/adapter_weights.pt,,
DATA-0895,data/results_ablation_heads_lambda/ohsinglora_eurosat_1shot_R4_H4_Lo0.log,.log,155399,2026-01-04T11:39:16Z,4211D31E1E10D0F47EBB8244339C0D79B76448E438B6D5206F6373842B3D7747,ohsinglora,eurosat,1shot,,4,4,0,,,,,,,read,2572,OHSINGLORA,69.84,42.16,**** Final test accuracy with OHSINGLORA: 69.84. ****,OHSINGLORA weights saved to /root/checkpoints/ohsinglora/ViT-B16/eurosat/1shots/seed1/adapter_weights.pt,,
DATA-0896,data/results_ablation_heads_lambda/ohsinglora_eurosat_4shot_R4_H1_Lo0.log,.log,383904,2026-01-04T11:39:25Z,3E29F801286AAC2AB1E54FE2C5F577DE5BA1D4EC25952AE6D3C2F204775658A1,ohsinglora,eurosat,4shot,,4,1,0,,,,,,,read,6073,OHSINGLORA,87.47,42.16,**** Final test accuracy with OHSINGLORA: 87.47. ****,OHSINGLORA weights saved to /root/checkpoints/ohsinglora/ViT-B16/eurosat/4shots/seed1/adapter_weights.pt,,
DATA-0897,data/results_ablation_heads_lambda/ohsinglora_eurosat_4shot_R4_H2_Lo0.01.log,.log,383846,2026-01-04T11:39:24Z,F0F6462A1DA3834621ECBC4D88108D97A00CF8227EAB155B6B9B2704C701C57F,ohsinglora,eurosat,4shot,,4,2,0.01,,,,,,,read,6072,OHSINGLORA,88.64,42.16,**** Final test accuracy with OHSINGLORA: 88.64. ****,OHSINGLORA weights saved to /root/checkpoints/ohsinglora/ViT-B16/eurosat/4shots/seed1/adapter_weights.pt,,
DATA-0898,data/results_ablation_heads_lambda/ohsinglora_eurosat_4shot_R4_H2_Lo0.03.log,.log,383905,2026-01-04T11:39:25Z,F6CB95FDE59E890EC2FF6C368A429949EEEEA42163A32E6C6071BEB229657F62,ohsinglora,eurosat,4shot,,4,2,0.03,,,,,,,read,6073,OHSINGLORA,88.57,42.16,**** Final test accuracy with OHSINGLORA: 88.57. ****,OHSINGLORA weights saved to /root/checkpoints/ohsinglora/ViT-B16/eurosat/4shots/seed1/adapter_weights.pt,,
DATA-0899,data/results_ablation_heads_lambda/ohsinglora_eurosat_4shot_R4_H2_Lo0.05.log,.log,383908,2026-01-04T11:39:25Z,1A33E6747BB530497A3CA7E8E77A510AE20C0E81D4D312F13A6EF647F26D10D7,ohsinglora,eurosat,4shot,,4,2,0.05,,,,,,,read,6073,OHSINGLORA,88.59,42.16,**** Final test accuracy with OHSINGLORA: 88.59. ****,OHSINGLORA weights saved to /root/checkpoints/ohsinglora/ViT-B16/eurosat/4shots/seed1/adapter_weights.pt,,
DATA-0900,data/results_ablation_heads_lambda/ohsinglora_eurosat_4shot_R4_H2_Lo0.1.log,.log,383906,2026-01-04T11:39:25Z,5B8B0030908D3B485A45D384FD784D22ECEA5014F8217824BD431E1A58ABD627,ohsinglora,eurosat,4shot,,4,2,0.1,,,,,,,read,6073,OHSINGLORA,88.52,42.16,**** Final test accuracy with OHSINGLORA: 88.52. ****,OHSINGLORA weights saved to /root/checkpoints/ohsinglora/ViT-B16/eurosat/4shots/seed1/adapter_weights.pt,,
DATA-0901,data/results_ablation_heads_lambda/ohsinglora_eurosat_4shot_R4_H2_Lo0.log,.log,383919,2026-01-04T11:39:25Z,E1308A0DB3D87DD13BDCB7192890BD47CE7D3B424E1EF23259A6C61E5284381B,ohsinglora,eurosat,4shot,,4,2,0,,,,,,,read,6073,OHSINGLORA,88.07,42.16,**** Final test accuracy with OHSINGLORA: 88.07. ****,OHSINGLORA weights saved to /root/checkpoints/ohsinglora/ViT-B16/eurosat/4shots/seed1/adapter_weights.pt,,
DATA-0902,data/results_ablation_heads_lambda/ohsinglora_eurosat_4shot_R4_H4_Lo0.01.log,.log,383889,2026-01-04T11:39:25Z,F26469CE73E975F9D69A8294262034C6F3DE059F7A34ABB9D945A8E449625467,ohsinglora,eurosat,4shot,,4,4,0.01,,,,,,,read,6073,OHSINGLORA,87.83,42.16,**** Final test accuracy with OHSINGLORA: 87.83. ****,OHSINGLORA weights saved to /root/checkpoints/ohsinglora/ViT-B16/eurosat/4shots/seed1/adapter_weights.pt,,
DATA-0903,data/results_ablation_heads_lambda/ohsinglora_eurosat_4shot_R4_H4_Lo0.03.log,.log,383820,2026-01-04T11:39:25Z,454DCBDE4B328C39C61B0DB5D015B009D7504299FA2A86BD229AA656ED76B70C,ohsinglora,eurosat,4shot,,4,4,0.03,,,,,,,read,6072,OHSINGLORA,87.86,42.16,**** Final test accuracy with OHSINGLORA: 87.86. ****,OHSINGLORA weights saved to /root/checkpoints/ohsinglora/ViT-B16/eurosat/4shots/seed1/adapter_weights.pt,,
DATA-0904,data/results_ablation_heads_lambda/ohsinglora_eurosat_4shot_R4_H4_Lo0.05.log,.log,383886,2026-01-04T11:39:25Z,D2B9D9B0D083C49AF05B891202249C3E29C430D244954B23B9057D2A2FE6A996,ohsinglora,eurosat,4shot,,4,4,0.05,,,,,,,read,6073,OHSINGLORA,87.80,42.16,**** Final test accuracy with OHSINGLORA: 87.80. ****,OHSINGLORA weights saved to /root/checkpoints/ohsinglora/ViT-B16/eurosat/4shots/seed1/adapter_weights.pt,,
DATA-0905,data/results_ablation_heads_lambda/ohsinglora_eurosat_4shot_R4_H4_Lo0.1.log,.log,383889,2026-01-04T11:39:25Z,8781AE7BCF5FF55DE2B185EEA8E39B701FD8A09332F05CF5653C4FF4EF80F969,ohsinglora,eurosat,4shot,,4,4,0.1,,,,,,,read,6073,OHSINGLORA,87.51,42.16,**** Final test accuracy with OHSINGLORA: 87.51. ****,OHSINGLORA weights saved to /root/checkpoints/ohsinglora/ViT-B16/eurosat/4shots/seed1/adapter_weights.pt,,
DATA-0906,data/results_ablation_heads_lambda/ohsinglora_eurosat_4shot_R4_H4_Lo0.log,.log,383898,2026-01-04T11:39:26Z,4CF7C64C81D01BC6AD8F3876AEF820B0D4B21B9FBD6D4ED058792C5442133E59,ohsinglora,eurosat,4shot,,4,4,0,,,,,,,read,6073,OHSINGLORA,87.60,42.16,**** Final test accuracy with OHSINGLORA: 87.60. ****,OHSINGLORA weights saved to /root/checkpoints/ohsinglora/ViT-B16/eurosat/4shots/seed1/adapter_weights.pt,,
DATA-0907,data/results_ablation_heads_lambda/summary_ablation_ohsinglora_16shot.csv,.csv,2187,2026-01-04T11:39:18Z,CD9363483F484AB35147C83DC9555A0F93DB1DAC8A9EBC59715AAD9657A101E5,ohsinglora,,16shot,,,,,,,,,,,,,,,,,,22,dataset;shots;adapter;rank;heads;lambda_o;params;time(s);accuracy;log_file
DATA-0908,data/results_ablation_heads_lambda/summary_ablation_ohsinglora_1shot.csv,.csv,2121,2026-01-04T11:39:17Z,D20D53CD70D53C68E39F5389475F3BEF04AA3613730F5984E21EB9CF2CDE2ACD,ohsinglora,,1shot,,,,,,,,,,,,,,,,,,22,dataset;shots;adapter;rank;heads;lambda_o;params;time(s);accuracy;log_file
DATA-0909,data/results_ablation_heads_lambda/summary_ablation_ohsinglora_4shot.csv,.csv,2136,2026-01-04T11:39:18Z,BDF6AF72F3A5F23274AFC6E9C5EF6AB6DCA8AB7BFDC97CF68CBBA03876158609,ohsinglora,,4shot,,,,,,,,,,,,,,,,,,22,dataset;shots;adapter;rank;heads;lambda_o;params;time(s);accuracy;log_file
DATA-0910,data/singular_value_spectrum.drawio,.drawio,2840585,2025-12-02T14:17:27Z,ADE6E854945108A59DF1C323A735F9C3E00FDD3F42CC20AB3B4BA3356EB80D2E,,,,,,,,,,,,,,,,,,,,,,
DATA-0911,data/spectrum_layer11_q_proj.png,.png,285046,2026-01-06T15:41:00Z,4464DB9023A37009C318441719DA187708F21CB06FD52A8948DBA63A428E27AB,,,,,,,,,,,,,,,,,,,,,,
DATA-0912,data/spectrum_layer2_q_proj.png,.png,303970,2026-01-06T15:41:02Z,0B63AC83B1F4E23F70239DF301872DB30799A59B497158D858E118AA271D01FF,,,,,,,,,,,,,,,,,,,,,,
DATA-0913,data/spectrum_layer6_q_proj.png,.png,299235,2026-01-06T15:41:04Z,3DBDDC9006BB3E54299E117520E7F1F4408BCE4C0C739A3FFF96DBFF677E4E90,,,,,,,,,,,,,,,,,,,,,,
DATA-0914,data/Visualization of the Gating.drawio,.drawio,423650,2025-12-18T01:28:48Z,70C598B9C79750ADFEB16BE2385414B1D96E62A7133FD40B55782AA8C44671A8,,,,,,,,,,,,,,,,,,,,,,
